{"type": "FeatureCollection", "features": [{"type": "Feature", "properties": {"name": "State Hwy 158"}, "geometry": {"type": "LineString", "coordinates": [[-102.15215, 31.99211], [-102.15208, 31.99186], [-102.15074, 31.98771], [-102.15032, 31.98643], [-102.14881, 31.98178], [-102.14874, 31.98157], [-102.14868, 31.98137], [-102.14863, 31.98122], [-102.14861, 31.98118], [-102.14736, 31.97726], [-102.14726, 31.97697], [-102.14721, 31.9768], [-102.14719, 31.97676], [-102.14717, 31.9767], [-102.147, 31.97614], [-102.14543, 31.97125], [-102.14513, 31.97033], [-102.14504, 31.97005], [-102.14489, 31.96963], [-102.14485, 31.96953], [-102.14472, 31.96914], [-102.14421, 31.96789], [-102.14407, 31.96755], [-102.14352, 31.96629], [-102.14308, 31.96545], [-102.14303, 31.96527], [-102.14293, 31.96497], [-102.14252, 31.96377], [-102.14194, 31.9619], [-102.14193, 31.96188], [-102.14181, 31.96148], [-102.14176, 31.96133], [-102.1417, 31.96115], [-102.14159, 31.9608], [-102.14154, 31.96066], [-102.14152, 31.96059], [-102.14152, 31.96057], [-102.14117, 31.95946], [-102.14104, 31.95907], [-102.14098, 31.95864], [-102.14105, 31.95828], [-102.14111, 31.95802], [-102.1412, 31.95774], [-102.14135, 31.95748], [-102.14158, 31.95715], [-102.14213, 31.95653], [-102.14241, 31.95618], [-102.1427, 31.95584], [-102.14321, 31.95521], [-102.14467, 31.95343]]}}, {"type": "Feature", "properties": {"name": "State Hwy 158"}, "geometry": {"type": "LineString", "coordinates": [[-102.14477, 31.9509], [-102.14491, 31.95116], [-102.14498, 31.95135], [-102.145, 31.95155], [-102.14501, 31.95177], [-102.145, 31.95204], [-102.14493, 31.95252], [-102.14489, 31.95263], [-102.14487, 31.9527], [-102.1448, 31.95283], [-102.14479, 31.95286], [-102.14477, 31.9529], [-102.14463, 31.95312], [-102.1446, 31.95315], [-102.14455, 31.95322], [-102.14451, 31.95325], [-102.14279, 31.95538], [-102.14169, 31.95674], [-102.14137, 31.95715], [-102.14112, 31.95753], [-102.14099, 31.95782], [-102.14089, 31.95817], [-102.14084, 31.95852], [-102.14082, 31.9588], [-102.14089, 31.95916], [-102.141, 31.95954], [-102.14117, 31.96001], [-102.1413, 31.96035], [-102.14141, 31.96063], [-102.14144, 31.96071], [-102.14148, 31.96085], [-102.14149, 31.9609], [-102.14159, 31.9612], [-102.14165, 31.96139], [-102.14169, 31.96154], [-102.14205, 31.9627], [-102.1424, 31.96381], [-102.14262, 31.96444], [-102.14275, 31.96488], [-102.1428, 31.96506], [-102.14291, 31.96541], [-102.14293, 31.96547], [-102.14303, 31.96576], [-102.14313, 31.96602], [-102.14348, 31.96683], [-102.14395, 31.96793], [-102.14418, 31.96842], [-102.14429, 31.96867], [-102.14439, 31.96892], [-102.14449, 31.96917], [-102.14458, 31.96942], [-102.14472, 31.96985], [-102.14488, 31.97032], [-102.14506, 31.97084], [-102.14526, 31.97144], [-102.14621, 31.97442], [-102.14668, 31.97592], [-102.14674, 31.97609], [-102.147, 31.97689], [-102.14845, 31.98142], [-102.14852, 31.98163], [-102.14858, 31.98184], [-102.15002, 31.98626], [-102.15039, 31.98743], [-102.15066, 31.98828], [-102.15069, 31.98839], [-102.15163, 31.99127]]}}, {"type": "Feature", "properties": {"name": "State Hwy 158"}, "geometry": {"type": "LineString", "coordinates": [[-102.04582, 31.97964], [-102.04695, 31.97928], [-102.04807, 31.97891], [-102.0525, 31.97758], [-102.05286, 31.97746], [-102.0532, 31.97736], [-102.05353, 31.97727], [-102.05388, 31.97718], [-102.05396, 31.97716], [-102.05412, 31.97711], [-102.05752, 31.97632], [-102.06374, 31.97487], [-102.06413, 31.97477], [-102.07008, 31.97339], [-102.074, 31.97245], [-102.07886, 31.97134], [-102.08031, 31.97101], [-102.08315, 31.97034], [-102.08652, 31.96954], [-102.09084, 31.96853], [-102.09088, 31.96852], [-102.0939, 31.96782], [-102.09827, 31.96679], [-102.09996, 31.9664], [-102.10387, 31.96548], [-102.10719, 31.9647], [-102.10942, 31.96419], [-102.11052, 31.96393], [-102.11275, 31.96341], [-102.11332, 31.96326], [-102.11393, 31.9631], [-102.11461, 31.96291], [-102.11521, 31.96272], [-102.11567, 31.96258], [-102.11626, 31.96238], [-102.11685, 31.96217], [-102.11744, 31.96196], [-102.11803, 31.96174], [-102.11861, 31.9615], [-102.11918, 31.96126], [-102.11975, 31.96101], [-102.12031, 31.96075], [-102.12087, 31.96048], [-102.12142, 31.96021], [-102.12236, 31.95972], [-102.14005, 31.95057]]}}, {"type": "Feature", "properties": {"name": "State Hwy 158"}, "geometry": {"type": "LineString", "coordinates": [[-102.04562, 31.9795], [-102.05235, 31.97738], [-102.05338, 31.97708], [-102.05415, 31.97688], [-102.0554, 31.97658], [-102.05746, 31.97611], [-102.0637, 31.97466], [-102.06407, 31.97458], [-102.06477, 31.97442], [-102.06847, 31.97355], [-102.07081, 31.973], [-102.07394, 31.97227], [-102.07835, 31.97124], [-102.07841, 31.97123], [-102.07853, 31.9712], [-102.08243, 31.97029], [-102.08649, 31.96934], [-102.08668, 31.9693], [-102.09082, 31.96833], [-102.09685, 31.96692], [-102.09986, 31.96621], [-102.1038, 31.96529], [-102.10387, 31.96527], [-102.10397, 31.96525], [-102.10713, 31.96451], [-102.10936, 31.96399], [-102.1104, 31.96375], [-102.11047, 31.96374], [-102.11269, 31.96321], [-102.11329, 31.96306], [-102.11349, 31.96301], [-102.11388, 31.9629], [-102.11408, 31.96284], [-102.11467, 31.96267], [-102.11507, 31.96255], [-102.11565, 31.96237], [-102.11672, 31.962], [-102.11681, 31.96197], [-102.11738, 31.96176], [-102.11787, 31.96157], [-102.11796, 31.96154], [-102.11843, 31.96134], [-102.11852, 31.9613], [-102.11899, 31.96111], [-102.11964, 31.96082], [-102.12019, 31.96057], [-102.12073, 31.9603], [-102.12298, 31.95917], [-102.12431, 31.95849], [-102.12633, 31.95745], [-102.12784, 31.95667], [-102.12961, 31.95575], [-102.13166, 31.9547], [-102.13183, 31.95461], [-102.13405, 31.95346], [-102.1357, 31.95259], [-102.13779, 31.95152]]}}, {"type": "Feature", "properties": {"name": "W I- 20"}, "geometry": {"type": "LineString", "coordinates": [[-102.76769, 31.63855], [-102.77413, 31.63478], [-102.79056, 31.62518], [-102.79196, 31.62437], [-102.79347, 31.62347], [-102.79359, 31.6234], [-102.79515, 31.62249], [-102.79833, 31.62064], [-102.79916, 31.62019], [-102.79997, 31.61979], [-102.80151, 31.61902], [-102.80213, 31.61876], [-102.80296, 31.61841], [-102.80557, 31.61747], [-102.80634, 31.61723], [-102.80895, 31.61652], [-102.80915, 31.61647], [-102.81127, 31.61594], [-102.81219, 31.6157], [-102.81477, 31.6151], [-102.81513, 31.61501], [-102.81584, 31.61487], [-102.8177, 31.61446], [-102.8201, 31.61397], [-102.82155, 31.61367], [-102.82386, 31.61318], [-102.82533, 31.6128], [-102.82653, 31.6125], [-102.82876, 31.61189], [-102.82881, 31.61188], [-102.83032, 31.61147], [-102.83375, 31.61054], [-102.83485, 31.61024], [-102.83636, 31.60984], [-102.83663, 31.60976], [-102.83743, 31.60953], [-102.8377, 31.60946], [-102.83785, 31.60942], [-102.83795, 31.60939], [-102.83825, 31.60931], [-102.83837, 31.60928], [-102.83891, 31.60915], [-102.83922, 31.60906], [-102.83983, 31.60886], [-102.84073, 31.60854], [-102.84159, 31.60825], [-102.84167, 31.60822], [-102.84245, 31.60789], [-102.84247, 31.60788], [-102.84311, 31.60759], [-102.84326, 31.60752], [-102.84402, 31.60712], [-102.84475, 31.60669], [-102.84495, 31.60656], [-102.84542, 31.60626], [-102.84554, 31.60617], [-102.84601, 31.60585], [-102.84628, 31.60564], [-102.84656, 31.60541], [-102.84726, 31.60485], [-102.84826, 31.60391], [-102.84834, 31.60384], [-102.849, 31.6032], [-102.84914, 31.60307], [-102.84957, 31.60266], [-102.84971, 31.60253], [-102.85365, 31.59884], [-102.86247, 31.59057], [-102.86443, 31.58874], [-102.86548, 31.58776], [-102.86942, 31.58406], [-102.8698, 31.58371], [-102.86982, 31.58369], [-102.87095, 31.58264], [-102.871, 31.58259], [-102.87135, 31.5823], [-102.87193, 31.58181], [-102.87268, 31.58129], [-102.8732, 31.58094], [-102.8738, 31.58057], [-102.87405, 31.58043], [-102.8741, 31.5804], [-102.87443, 31.58022], [-102.87513, 31.57985], [-102.87538, 31.57972], [-102.87587, 31.5795], [-102.87652, 31.57923], [-102.87717, 31.579], [-102.87779, 31.57877], [-102.87843, 31.57857], [-102.8836, 31.57718], [-102.8862, 31.57648], [-102.88684, 31.5763], [-102.88688, 31.57629], [-102.887, 31.57626], [-102.88704, 31.57625], [-102.88799, 31.576], [-102.89084, 31.57523], [-102.89179, 31.57498], [-102.89186, 31.57495], [-102.89194, 31.57493], [-102.89298, 31.57465], [-102.89501, 31.57408], [-102.89576, 31.5739], [-102.89656, 31.5737], [-102.8967, 31.57366], [-102.89765, 31.57346], [-102.89777, 31.57342], [-102.89866, 31.57325], [-102.89957, 31.57308], [-102.90013, 31.57299], [-102.90025, 31.57297], [-102.90065, 31.57293], [-102.90153, 31.57281], [-102.90253, 31.5727], [-102.90353, 31.57261], [-102.9045, 31.57257], [-102.90552, 31.57252], [-102.90652, 31.57251], [-102.90732, 31.57251], [-102.90754, 31.57251], [-102.90877, 31.57255], [-102.90949, 31.5726], [-102.90972, 31.57261], [-102.91007, 31.57263], [-102.91008, 31.57263], [-102.91051, 31.57268], [-102.91116, 31.57274], [-102.91139, 31.57276], [-102.91153, 31.57277], [-102.91166, 31.57278], [-102.91192, 31.5728], [-102.91207, 31.57282], [-102.9122, 31.57284], [-102.91226, 31.57284], [-102.91243, 31.57286], [-102.91249, 31.57287], [-102.9132, 31.57295], [-102.91369, 31.57301], [-102.91489, 31.57315], [-102.91531, 31.5732], [-102.91545, 31.57321], [-102.91602, 31.57327], [-102.91639, 31.57331], [-102.92544, 31.57428], [-102.9261, 31.57435], [-102.93084, 31.57486], [-102.93166, 31.57495], [-102.93323, 31.57512], [-102.9372, 31.57556], [-102.93786, 31.57562], [-102.93795, 31.57562], [-102.93843, 31.57566], [-102.93953, 31.5757], [-102.94005, 31.57572], [-102.94063, 31.57572], [-102.94134, 31.57568], [-102.94204, 31.57562], [-102.9422, 31.5756], [-102.94273, 31.57553], [-102.94343, 31.57543], [-102.94412, 31.57529], [-102.94481, 31.57514], [-102.94547, 31.57494], [-102.9455, 31.57493], [-102.948, 31.57425], [-102.94997, 31.57371], [-102.95255, 31.57301], [-102.95307, 31.57287], [-102.95465, 31.57244], [-102.95518, 31.57229], [-102.95534, 31.57225], [-102.95584, 31.57211], [-102.95594, 31.57209], [-102.95601, 31.57206], [-102.95769, 31.57161], [-102.95796, 31.57154], [-102.95877, 31.57131], [-102.95904, 31.57124], [-102.95924, 31.57118], [-102.95977, 31.57104], [-102.95984, 31.57102], [-102.96004, 31.57096], [-102.96089, 31.57073], [-102.96342, 31.57006], [-102.96357, 31.57002], [-102.96426, 31.56982], [-102.97002, 31.56822], [-102.97047, 31.5681], [-102.98733, 31.5635], [-102.99309, 31.56193], [-102.99347, 31.56183], [-102.99458, 31.56153], [-102.99495, 31.56143], [-102.99522, 31.56136], [-102.99603, 31.56114], [-102.9963, 31.56107], [-102.99646, 31.56103], [-102.99694, 31.5609], [-102.99711, 31.56086], [-102.99725, 31.56082], [-102.99769, 31.5607], [-102.99784, 31.56066], [-102.99794, 31.56063], [-102.99825, 31.56055], [-102.99835, 31.56052], [-102.9989, 31.56037], [-103.00026, 31.56001], [-103.00055, 31.55992], [-103.0011, 31.55976], [-103.0013, 31.55971], [-103.00147, 31.55966], [-103.00191, 31.55954], [-103.00204, 31.5595], [-103.00212, 31.55948], [-103.00249, 31.55939], [-103.00639, 31.5582], [-103.01024, 31.55702], [-103.01917, 31.55428], [-103.02343, 31.55297], [-103.02633, 31.55208], [-103.03504, 31.5494], [-103.03794, 31.54851], [-103.03828, 31.54841], [-103.03929, 31.5481], [-103.03962, 31.548], [-103.04043, 31.54774], [-103.04287, 31.547], [-103.04368, 31.54675], [-103.0442, 31.54659], [-103.04577, 31.54611], [-103.04629, 31.54595], [-103.04634, 31.54593], [-103.04649, 31.54588], [-103.04655, 31.54587], [-103.04728, 31.54564], [-103.04948, 31.54497], [-103.05022, 31.54475], [-103.05031, 31.54472], [-103.05036, 31.54471], [-103.05077, 31.54458], [-103.05091, 31.54454], [-103.05117, 31.54446], [-103.05194, 31.54423], [-103.0522, 31.54415], [-103.0528, 31.54397], [-103.05461, 31.54342], [-103.05521, 31.54323], [-103.05695, 31.5427], [-103.06219, 31.54108], [-103.06394, 31.54055], [-103.06425, 31.54045], [-103.06444, 31.54039], [-103.0652, 31.54016], [-103.06551, 31.54006], [-103.06678, 31.53967], [-103.07059, 31.5385], [-103.07075, 31.53845], [-103.07186, 31.53811], [-103.07246, 31.53793], [-103.07264, 31.53787], [-103.07333, 31.53769], [-103.07416, 31.53751], [-103.07515, 31.53735], [-103.07783, 31.53692], [-103.07934, 31.53668], [-103.08397, 31.53594], [-103.09788, 31.53372], [-103.09809, 31.53369], [-103.10251, 31.53298], [-103.10439, 31.53268], [-103.11001, 31.53179], [-103.11189, 31.53149], [-103.11215, 31.53144], [-103.1126, 31.53137], [-103.11294, 31.53132], [-103.11321, 31.53127], [-103.11349, 31.53123], [-103.11434, 31.53109], [-103.11462, 31.53104], [-103.11474, 31.53102], [-103.11509, 31.53097], [-103.11521, 31.53095], [-103.1159, 31.53084], [-103.11798, 31.53051], [-103.11867, 31.5304], [-103.11883, 31.53038], [-103.11907, 31.53034], [-103.11931, 31.5303], [-103.11947, 31.53027], [-103.11973, 31.53023], [-103.1205, 31.53011], [-103.12076, 31.53007], [-103.12151, 31.52995], [-103.12197, 31.52987], [-103.12376, 31.5296], [-103.12415, 31.52954], [-103.12451, 31.52947], [-103.12454, 31.52947], [-103.12462, 31.52946], [-103.12465, 31.52945], [-103.12485, 31.52942], [-103.12544, 31.52933], [-103.12564, 31.5293], [-103.12587, 31.52926], [-103.12658, 31.52915], [-103.12681, 31.52911], [-103.12706, 31.52907], [-103.12779, 31.52895], [-103.12803, 31.52892], [-103.12806, 31.52891], [-103.12813, 31.5289], [-103.12815, 31.5289], [-103.13091, 31.52846], [-103.135, 31.52781], [-103.13806, 31.52732], [-103.13875, 31.52719], [-103.13936, 31.52705], [-103.13987, 31.52692], [-103.141, 31.52662], [-103.14167, 31.52644], [-103.14397, 31.52579], [-103.14629, 31.52511], [-103.1468, 31.52495], [-103.14854, 31.5244], [-103.14889, 31.52429], [-103.14966, 31.52407], [-103.151, 31.52369], [-103.16533, 31.51975], [-103.17381, 31.51744], [-103.18162, 31.51528], [-103.18785, 31.51359], [-103.18854, 31.5134], [-103.19405, 31.51187], [-103.20028, 31.51016], [-103.20654, 31.50844], [-103.21354, 31.50652], [-103.21481, 31.50617], [-103.22296, 31.50394], [-103.23483, 31.50065], [-103.23499, 31.50062], [-103.23511, 31.5006], [-103.23547, 31.5005], [-103.23563, 31.50045], [-103.23722, 31.50002], [-103.23746, 31.49995], [-103.2393, 31.49945], [-103.24202, 31.4987], [-103.24347, 31.4983], [-103.2436, 31.49823], [-103.25046, 31.49636], [-103.25063, 31.49631], [-103.25453, 31.49524], [-103.25589, 31.49485], [-103.25947, 31.49384], [-103.26261, 31.493], [-103.26835, 31.49141], [-103.27129, 31.49058], [-103.27169, 31.49047], [-103.27443, 31.48972], [-103.27653, 31.48916], [-103.27872, 31.48856], [-103.27957, 31.48833], [-103.28658, 31.48638], [-103.28695, 31.48628], [-103.28972, 31.48551], [-103.28996, 31.48544], [-103.29769, 31.4833], [-103.30007, 31.48265], [-103.30277, 31.4819], [-103.30662, 31.48084], [-103.31016, 31.47986], [-103.31066, 31.47973], [-103.31091, 31.47966], [-103.31217, 31.47934], [-103.31509, 31.47852], [-103.31802, 31.47771], [-103.31949, 31.47731], [-103.32038, 31.47707], [-103.321, 31.4769], [-103.32239, 31.47651], [-103.32327, 31.47627], [-103.32338, 31.47624], [-103.32582, 31.47556], [-103.32665, 31.47534], [-103.32691, 31.47527], [-103.32744, 31.47512], [-103.32931, 31.47459], [-103.32979, 31.47446], [-103.33074, 31.47421], [-103.33083, 31.47419], [-103.33151, 31.47399], [-103.33195, 31.47386], [-103.33319, 31.47342], [-103.33356, 31.47326], [-103.33431, 31.47292], [-103.33446, 31.47284], [-103.3348, 31.47267], [-103.33514, 31.47249], [-103.33583, 31.47212], [-103.33609, 31.47199], [-103.33617, 31.47194], [-103.33633, 31.47185], [-103.33663, 31.47169], [-103.33681, 31.47159], [-103.33697, 31.47151], [-103.33711, 31.47143], [-103.33752, 31.47119], [-103.33766, 31.47111], [-103.3377, 31.47109], [-103.33784, 31.47101], [-103.33788, 31.47099], [-103.33909, 31.4703], [-103.34095, 31.46925], [-103.34204, 31.46863], [-103.34238, 31.46843], [-103.34333, 31.4679], [-103.34539, 31.46676], [-103.34803, 31.46529], [-103.34897, 31.46474], [-103.34942, 31.46447], [-103.35042, 31.46377], [-103.35093, 31.46336], [-103.35119, 31.46314], [-103.3518, 31.46262], [-103.35416, 31.46038], [-103.355, 31.45956], [-103.3571, 31.45754], [-103.35861, 31.45611], [-103.35874, 31.45598], [-103.35875, 31.45597], [-103.3588, 31.45592], [-103.35882, 31.45591], [-103.35935, 31.45539], [-103.36089, 31.4539], [-103.36096, 31.45383], [-103.36151, 31.45331], [-103.3625, 31.45237], [-103.36469, 31.45032], [-103.36706, 31.44802], [-103.36727, 31.44782], [-103.36957, 31.44561], [-103.37094, 31.44425], [-103.37177, 31.44345], [-103.37203, 31.44324], [-103.37251, 31.44274], [-103.37265, 31.44262], [-103.37276, 31.44252], [-103.37291, 31.44238], [-103.37308, 31.44221], [-103.37386, 31.44145], [-103.37416, 31.44116], [-103.37424, 31.44108], [-103.37448, 31.44085], [-103.37457, 31.44078], [-103.37486, 31.44049], [-103.37575, 31.43965], [-103.37605, 31.43936], [-103.37609, 31.43933], [-103.37621, 31.43921], [-103.37625, 31.43917], [-103.37711, 31.43835], [-103.37716, 31.4383], [-103.37776, 31.43772], [-103.3779, 31.43758], [-103.37892, 31.43662], [-103.37971, 31.43586], [-103.38049, 31.43511], [-103.38057, 31.43503], [-103.38161, 31.43403], [-103.38171, 31.43394], [-103.38242, 31.43326], [-103.38474, 31.43104], [-103.38579, 31.43004], [-103.38621, 31.42963], [-103.38914, 31.4268], [-103.3892, 31.42675]]}}, {"type": "Feature", "properties": {"name": "W I- 20"}, "geometry": {"type": "LineString", "coordinates": [[-103.3894, 31.42685], [-103.38605, 31.43006], [-103.38571, 31.43039], [-103.38378, 31.43224], [-103.3822, 31.43376], [-103.38189, 31.43405], [-103.3804, 31.43547], [-103.37912, 31.43673], [-103.37842, 31.43736], [-103.37802, 31.43775], [-103.37716, 31.43859], [-103.37689, 31.43887], [-103.37665, 31.43911], [-103.3748, 31.44088], [-103.37443, 31.44124], [-103.37393, 31.4417], [-103.37364, 31.44197], [-103.37352, 31.4421], [-103.37324, 31.44237], [-103.37297, 31.44261], [-103.37278, 31.44277], [-103.37261, 31.44295], [-103.37246, 31.44311], [-103.36754, 31.44783], [-103.36355, 31.45166], [-103.36161, 31.45352], [-103.35887, 31.45615], [-103.35856, 31.45645], [-103.35732, 31.45764], [-103.35603, 31.45887], [-103.35342, 31.4614], [-103.35185, 31.46287], [-103.35124, 31.4634], [-103.35048, 31.46398], [-103.34981, 31.46444], [-103.34884, 31.46506], [-103.34648, 31.4664], [-103.3447, 31.46738], [-103.34196, 31.46892], [-103.3394, 31.47037], [-103.33766, 31.47136], [-103.33731, 31.47157], [-103.33675, 31.47186], [-103.33502, 31.47281], [-103.33413, 31.47325], [-103.33338, 31.47357], [-103.33243, 31.47393], [-103.33163, 31.47418], [-103.33155, 31.4742], [-103.33054, 31.47449], [-103.32869, 31.47499], [-103.32685, 31.4755], [-103.32671, 31.47554], [-103.32401, 31.47627], [-103.3235, 31.47642], [-103.32274, 31.47663], [-103.31931, 31.47758], [-103.31883, 31.47771], [-103.31796, 31.47796], [-103.31691, 31.47825], [-103.31099, 31.47988], [-103.30886, 31.48046], [-103.30435, 31.48172], [-103.30041, 31.48279], [-103.29222, 31.48506], [-103.28963, 31.48578], [-103.28796, 31.48624], [-103.28368, 31.4874], [-103.2788, 31.48875], [-103.27579, 31.48959], [-103.27315, 31.4903], [-103.26765, 31.49183], [-103.25505, 31.49532], [-103.25122, 31.49638], [-103.25049, 31.49657], [-103.24371, 31.49846], [-103.24354, 31.49847], [-103.23938, 31.49965], [-103.23472, 31.50091], [-103.23399, 31.50112], [-103.23354, 31.50124], [-103.23191, 31.5017], [-103.22697, 31.50305], [-103.22447, 31.50374], [-103.22196, 31.50442], [-103.21943, 31.50513], [-103.21448, 31.5065], [-103.21205, 31.50717], [-103.2096, 31.50783], [-103.20498, 31.50912], [-103.20007, 31.51045], [-103.19537, 31.51174], [-103.19298, 31.51241], [-103.18835, 31.51367], [-103.18726, 31.51396], [-103.18572, 31.51439], [-103.1832, 31.51508], [-103.17994, 31.51598], [-103.17338, 31.51778], [-103.17004, 31.5187], [-103.16687, 31.51955], [-103.1645, 31.52021], [-103.1597, 31.52151], [-103.1565, 31.52239], [-103.15143, 31.52378], [-103.14934, 31.52436], [-103.14731, 31.525], [-103.14656, 31.52524], [-103.14498, 31.52572], [-103.14417, 31.52595], [-103.14092, 31.52686], [-103.13912, 31.52732], [-103.1388, 31.5274], [-103.13847, 31.52745], [-103.138, 31.52753], [-103.13695, 31.5277], [-103.1352, 31.52798], [-103.1321, 31.52848], [-103.12824, 31.52909], [-103.12807, 31.52912], [-103.12685, 31.52931], [-103.12566, 31.5295], [-103.12462, 31.52967], [-103.12412, 31.52974], [-103.11955, 31.53049], [-103.11932, 31.53051], [-103.11509, 31.53119], [-103.11391, 31.53138], [-103.11193, 31.53169], [-103.10264, 31.53317], [-103.07938, 31.53687], [-103.07815, 31.53707], [-103.07517, 31.53754], [-103.07419, 31.53772], [-103.07313, 31.53794], [-103.07191, 31.5383], [-103.07159, 31.53839], [-103.07136, 31.53846], [-103.06437, 31.54062], [-103.06349, 31.54089], [-103.05541, 31.54338], [-103.05152, 31.54458], [-103.051, 31.54473], [-103.0496, 31.54515], [-103.04658, 31.54607], [-103.02351, 31.55317], [-103.01017, 31.55727], [-103.00411, 31.55914], [-103.00209, 31.55971], [-103.00175, 31.5598], [-103.00154, 31.55986], [-103.00054, 31.56013], [-102.99791, 31.56086], [-102.99779, 31.56089], [-102.99719, 31.56105], [-102.99501, 31.56164], [-102.99484, 31.56169], [-102.99359, 31.56202], [-102.98449, 31.56451], [-102.97968, 31.56582], [-102.96006, 31.57118], [-102.95732, 31.57193], [-102.95595, 31.5723], [-102.95589, 31.57232], [-102.95275, 31.57317], [-102.95237, 31.57327], [-102.94966, 31.57411], [-102.94813, 31.57455], [-102.94707, 31.57485], [-102.94438, 31.57561], [-102.94177, 31.57599], [-102.93937, 31.57599], [-102.93471, 31.57555], [-102.93169, 31.5752], [-102.93089, 31.5751], [-102.92807, 31.57477], [-102.92617, 31.57457], [-102.91554, 31.57341], [-102.91281, 31.57312], [-102.91227, 31.57306], [-102.9115, 31.57297], [-102.91142, 31.57296], [-102.91051, 31.57289], [-102.90981, 31.57283], [-102.90952, 31.57281], [-102.90758, 31.57271], [-102.90642, 31.5727], [-102.90535, 31.57272], [-102.90351, 31.57281], [-102.9016, 31.57301], [-102.90061, 31.57313], [-102.89963, 31.57327], [-102.89864, 31.57345], [-102.89767, 31.57364], [-102.89678, 31.57386], [-102.89668, 31.57383], [-102.89561, 31.57406], [-102.89413, 31.57451], [-102.89192, 31.57515], [-102.89178, 31.57519], [-102.88619, 31.5767], [-102.88424, 31.57723], [-102.88037, 31.57827], [-102.8779, 31.57897], [-102.87659, 31.57946], [-102.8756, 31.57992], [-102.87454, 31.58042], [-102.8734, 31.5811], [-102.87197, 31.58217], [-102.87142, 31.58252], [-102.87125, 31.58266], [-102.87048, 31.58336], [-102.86998, 31.58384], [-102.86962, 31.58418], [-102.8645, 31.58898], [-102.8504, 31.60222], [-102.8492, 31.60332], [-102.84792, 31.60455], [-102.84707, 31.6053], [-102.8466, 31.60568], [-102.84606, 31.60608], [-102.84587, 31.60621], [-102.84469, 31.60698], [-102.84297, 31.6079], [-102.8427, 31.60802], [-102.84111, 31.60865], [-102.84093, 31.60871], [-102.84046, 31.60887], [-102.83975, 31.6091], [-102.83893, 31.60935], [-102.83773, 31.60969], [-102.83717, 31.60984], [-102.83641, 31.61005], [-102.83573, 31.61022], [-102.83262, 31.61108], [-102.83028, 31.61171], [-102.82867, 31.61215], [-102.82714, 31.61257], [-102.82558, 31.61298], [-102.82413, 31.61338], [-102.82332, 31.61356], [-102.82203, 31.61382], [-102.82058, 31.61413], [-102.81902, 31.61445], [-102.81588, 31.61511], [-102.81422, 31.61546], [-102.81294, 31.6158], [-102.81136, 31.61618], [-102.81108, 31.61627], [-102.80996, 31.61653], [-102.80567, 31.61771], [-102.80479, 31.61799], [-102.80094, 31.61964], [-102.79767, 31.62129], [-102.79508, 31.62283], [-102.79269, 31.62426], [-102.78964, 31.62602], [-102.78653, 31.62784], [-102.77896, 31.63224], [-102.76879, 31.63813], [-102.76769, 31.63876]]}}, {"type": "Feature", "properties": {"name": "W I- 20"}, "geometry": {"type": "LineString", "coordinates": [[-98.97077, 32.37467], [-98.97174, 32.37465], [-98.97408, 32.37466], [-98.97577, 32.37469], [-98.97912, 32.3747], [-98.98336, 32.37471], [-98.98342, 32.37471], [-98.98568, 32.37472], [-98.98685, 32.37472], [-98.98708, 32.37472], [-98.98858, 32.37472], [-98.99035, 32.37474], [-98.99152, 32.37475], [-98.99272, 32.37476], [-98.99308, 32.37476], [-98.99327, 32.37476], [-98.99775, 32.37476], [-98.99931, 32.37476], [-98.99966, 32.37478], [-99.00037, 32.3748], [-99.00044, 32.37481], [-99.00132, 32.37488], [-99.00187, 32.37491], [-99.00202, 32.37492], [-99.00351, 32.3751], [-99.00382, 32.37513], [-99.00414, 32.37517], [-99.00422, 32.37519], [-99.00494, 32.37525], [-99.00523, 32.3753], [-99.00553, 32.37532], [-99.00656, 32.37538], [-99.00731, 32.37539], [-99.0079, 32.37541], [-99.00811, 32.37541], [-99.00816, 32.37541], [-99.00891, 32.37544], [-99.00916, 32.37545], [-99.0094, 32.37545], [-99.01013, 32.37545], [-99.01037, 32.37546], [-99.0107, 32.37546], [-99.01171, 32.37546], [-99.01196, 32.37546], [-99.01205, 32.37546]]}}, {"type": "Feature", "properties": {"name": "N Loop 250 W"}, "geometry": {"type": "LineString", "coordinates": [[-102.14852, 31.98163], [-102.14858, 31.98184], [-102.15002, 31.98626], [-102.15039, 31.98743], [-102.15066, 31.98828], [-102.15069, 31.98839], [-102.15163, 31.99127], [-102.15353, 31.99722], [-102.15359, 31.99737], [-102.15373, 31.99783], [-102.15376, 31.9979], [-102.15379, 31.99802], [-102.15395, 31.99849], [-102.15398, 31.99862], [-102.15407, 31.99887], [-102.15583, 32.00441], [-102.15617, 32.00543], [-102.15821, 32.01173], [-102.15823, 32.0118], [-102.15828, 32.01194], [-102.15833, 32.01207], [-102.15834, 32.01212], [-102.15839, 32.01225], [-102.15845, 32.01252], [-102.15848, 32.01261], [-102.15849, 32.01271], [-102.15852, 32.01289], [-102.15854, 32.01298], [-102.15855, 32.01307], [-102.15856, 32.01317], [-102.15857, 32.01333], [-102.15858, 32.01342], [-102.15858, 32.01351], [-102.15858, 32.01361], [-102.15858, 32.0137], [-102.15857, 32.01379], [-102.15857, 32.01389], [-102.15856, 32.01398], [-102.15855, 32.01407], [-102.15854, 32.01416], [-102.15851, 32.01435], [-102.15848, 32.01453], [-102.15843, 32.01471], [-102.15841, 32.0148], [-102.15838, 32.01489], [-102.15836, 32.01497], [-102.15833, 32.01504], [-102.15827, 32.0152]]}}, {"type": "Feature", "properties": {"name": "N Loop 250 W"}, "geometry": {"type": "LineString", "coordinates": [[-102.1585, 32.01528], [-102.15852, 32.01522], [-102.15856, 32.01512], [-102.15858, 32.01505], [-102.15864, 32.01487], [-102.15866, 32.01478], [-102.15868, 32.01468], [-102.15873, 32.01449], [-102.15876, 32.0143], [-102.15878, 32.01421], [-102.15879, 32.01411], [-102.15881, 32.01392], [-102.15881, 32.01382], [-102.15881, 32.01372], [-102.15882, 32.01362], [-102.15882, 32.01353], [-102.15881, 32.01344], [-102.15881, 32.01334], [-102.15879, 32.01305], [-102.15878, 32.01292], [-102.15876, 32.01282], [-102.15874, 32.01272], [-102.15872, 32.01263], [-102.15871, 32.01253], [-102.15866, 32.01235], [-102.15863, 32.01225], [-102.15861, 32.01216], [-102.15858, 32.01207], [-102.15856, 32.01202], [-102.15853, 32.01195], [-102.15851, 32.01188], [-102.15847, 32.01174], [-102.15845, 32.01169], [-102.15643, 32.0054], [-102.15612, 32.00443], [-102.15423, 31.99857], [-102.15419, 31.99843], [-102.15404, 31.99796], [-102.154, 31.99784], [-102.15398, 31.99777], [-102.15383, 31.99732], [-102.15378, 31.99716], [-102.15309, 31.99486], [-102.1526, 31.99348], [-102.15215, 31.99211], [-102.15208, 31.99186], [-102.15074, 31.98771], [-102.15032, 31.98643], [-102.14881, 31.98178], [-102.14874, 31.98157]]}}, {"type": "Feature", "properties": {"name": "Marsh Sharp Fwy"}, "geometry": {"type": "LineString", "coordinates": [[-101.87891, 33.59091], [-101.87931, 33.59063], [-101.88052, 33.58977], [-101.883, 33.58817], [-101.88392, 33.58761], [-101.88851, 33.58478], [-101.8887, 33.58464], [-101.8902, 33.58373], [-101.89103, 33.58322], [-101.89178, 33.58276], [-101.89338, 33.58179], [-101.89401, 33.58141], [-101.89418, 33.58131], [-101.89431, 33.58123], [-101.89465, 33.58102], [-101.89545, 33.58053], [-101.89678, 33.5798], [-101.89827, 33.57897], [-101.89919, 33.57846], [-101.89972, 33.57821], [-101.89978, 33.57819]]}}, {"type": "Feature", "properties": {"name": "Marsh Sharp Fwy"}, "geometry": {"type": "LineString", "coordinates": [[-101.88855, 33.58502], [-101.88876, 33.58487], [-101.89119, 33.58335], [-101.89415, 33.58152], [-101.89433, 33.58141], [-101.89442, 33.58136], [-101.89818, 33.57929], [-101.89874, 33.57899], [-101.90012, 33.5782], [-101.90048, 33.578], [-101.90065, 33.5779], [-101.90068, 33.57789], [-101.90071, 33.57787], [-101.90078, 33.57783], [-101.9012, 33.57765]]}}, {"type": "Feature", "properties": {"name": "US Hwy 80"}, "geometry": {"type": "LineString", "coordinates": [[-104.1811, 31.06271], [-104.1804, 31.06254], [-104.18028, 31.06251], [-104.17753, 31.0618], [-104.17618, 31.06145], [-104.17462, 31.06109], [-104.17374, 31.06093], [-104.1727, 31.06078], [-104.17109, 31.06063], [-104.16891, 31.06056], [-104.16664, 31.06052], [-104.16297, 31.06048], [-104.15999, 31.06043], [-104.15978, 31.06043], [-104.15871, 31.06046], [-104.15825, 31.0605], [-104.15774, 31.06055], [-104.15696, 31.06065], [-104.15595, 31.0608], [-104.15446, 31.06113], [-104.15378, 31.06134], [-104.15251, 31.06176], [-104.15149, 31.06217], [-104.1513, 31.06226], [-104.15076, 31.06251], [-104.14861, 31.06355], [-104.14782, 31.06393], [-104.14638, 31.06462], [-104.14544, 31.06508], [-104.14466, 31.06547], [-104.14458, 31.06551], [-104.14434, 31.06563], [-104.14426, 31.06567], [-104.14388, 31.06585], [-104.14273, 31.06639], [-104.14258, 31.06646], [-104.14234, 31.06657], [-104.14222, 31.06662], [-104.14186, 31.06677], [-104.14174, 31.06682], [-104.14158, 31.0669], [-104.14112, 31.06713], [-104.14096, 31.06721], [-104.14037, 31.0675], [-104.1386, 31.06838], [-104.13802, 31.06868], [-104.13796, 31.0687], [-104.13795, 31.06871], [-104.13791, 31.06873], [-104.13789, 31.06874], [-104.13408, 31.07056], [-104.13339, 31.07089], [-104.13268, 31.0712], [-104.13191, 31.07151], [-104.13132, 31.07172], [-104.13066, 31.07193], [-104.12935, 31.07229], [-104.12679, 31.07281], [-104.12604, 31.07302], [-104.12537, 31.07323], [-104.12442, 31.07357], [-104.12364, 31.07387], [-104.12261, 31.07436], [-104.12213, 31.07463], [-104.11843, 31.07668], [-104.11633, 31.07784], [-104.11624, 31.07789], [-104.11345, 31.07939], [-104.11208, 31.07999], [-104.10941, 31.08095], [-104.10706, 31.0818], [-104.10673, 31.08192], [-104.10574, 31.08228], [-104.10541, 31.0824], [-104.10487, 31.08259], [-104.10325, 31.08317], [-104.10271, 31.08336], [-104.10253, 31.08342], [-104.1025, 31.08343], [-104.10155, 31.08373], [-104.1009, 31.08394], [-104.09977, 31.08421], [-104.0983, 31.08441], [-104.09798, 31.08442], [-104.09696, 31.08446], [-104.09676, 31.08444], [-104.09618, 31.08441], [-104.09606, 31.0844], [-104.09443, 31.08418], [-104.09385, 31.0841], [-104.09254, 31.08392], [-104.09242, 31.0839], [-104.08941, 31.08347], [-104.08813, 31.08329], [-104.0867, 31.08309], [-104.08553, 31.08293], [-104.08521, 31.08289], [-104.08441, 31.0828], [-104.08284, 31.08267], [-104.08245, 31.08264], [-104.08153, 31.08259], [-104.08071, 31.08259], [-104.07984, 31.08258], [-104.07921, 31.08258], [-104.07904, 31.08258], [-104.07876, 31.08259], [-104.07852, 31.08259], [-104.07849, 31.08259], [-104.07835, 31.0826], [-104.07438, 31.08286], [-104.07115, 31.08308], [-104.06918, 31.08337]]}}, {"type": "Feature", "properties": {"name": "US Hwy 80"}, "geometry": {"type": "LineString", "coordinates": [[-104.18062, 31.06296], [-104.17917, 31.06258], [-104.17679, 31.06195], [-104.17512, 31.06152], [-104.1737, 31.06125], [-104.17216, 31.06105], [-104.17105, 31.06095], [-104.16981, 31.06089], [-104.16273, 31.06081], [-104.15926, 31.06077], [-104.15765, 31.06088], [-104.15685, 31.06099], [-104.15601, 31.06112], [-104.15451, 31.06146], [-104.1529, 31.06198], [-104.15141, 31.06257], [-104.14973, 31.06339], [-104.1486, 31.06394], [-104.14826, 31.0641], [-104.1477, 31.06437], [-104.14593, 31.06522], [-104.14467, 31.06583], [-104.14174, 31.06724], [-104.13869, 31.06873], [-104.1385, 31.06882], [-104.1379, 31.06912], [-104.13435, 31.07085], [-104.13207, 31.07191], [-104.13098, 31.07235], [-104.12939, 31.07288], [-104.12751, 31.07329], [-104.1265, 31.07351], [-104.12547, 31.07377], [-104.12449, 31.07406], [-104.12339, 31.07447], [-104.12254, 31.07484], [-104.12153, 31.07533], [-104.11864, 31.07693], [-104.11458, 31.0792], [-104.11319, 31.0799], [-104.1119, 31.08044], [-104.10894, 31.08149], [-104.10793, 31.08185], [-104.10767, 31.08194], [-104.10708, 31.08216], [-104.10663, 31.08231], [-104.10362, 31.08339], [-104.1032, 31.08354], [-104.10277, 31.08371], [-104.10156, 31.08414], [-104.10013, 31.08453], [-104.09897, 31.08474], [-104.09818, 31.0848], [-104.09788, 31.08483], [-104.09718, 31.08481], [-104.09672, 31.08483], [-104.09655, 31.08481], [-104.09575, 31.08473], [-104.09439, 31.0846], [-104.09248, 31.08441], [-104.08971, 31.08413], [-104.08869, 31.08403], [-104.08791, 31.08394], [-104.08669, 31.08381], [-104.08575, 31.08372], [-104.08427, 31.08356], [-104.082, 31.08332], [-104.08077, 31.08319], [-104.07984, 31.08311], [-104.07836, 31.08299], [-104.07833, 31.08299], [-104.07818, 31.08298], [-104.07655, 31.08294], [-104.07409, 31.08312], [-104.07276, 31.08334], [-104.07159, 31.08359], [-104.07042, 31.08391], [-104.07014, 31.08401]]}}, {"type": "Feature", "properties": {"name": "US Hwy 287"}, "geometry": {"type": "LineString", "coordinates": [[-99.24787, 34.15296], [-99.2494, 34.15329], [-99.25392, 34.15435], [-99.25639, 34.15495], [-99.25785, 34.15531], [-99.26031, 34.1559], [-99.2625, 34.15641], [-99.26547, 34.15708], [-99.2673, 34.15748], [-99.27123, 34.1584], [-99.27478, 34.1593], [-99.27552, 34.15946], [-99.27638, 34.15962], [-99.27683, 34.15969], [-99.27719, 34.15973], [-99.27803, 34.15974], [-99.27889, 34.15974], [-99.2823, 34.1597], [-99.28435, 34.15968], [-99.28455, 34.15968], [-99.28477, 34.15968], [-99.28529, 34.15969], [-99.28568, 34.15969], [-99.28611, 34.15974], [-99.28654, 34.15982], [-99.28718, 34.15995], [-99.28793, 34.16018], [-99.28863, 34.16039], [-99.28876, 34.16043], [-99.28912, 34.16053], [-99.28914, 34.16054], [-99.28922, 34.16056], [-99.28939, 34.16059], [-99.2896, 34.16062], [-99.28995, 34.16067], [-99.29035, 34.16069], [-99.29408, 34.16065], [-99.29543, 34.16064], [-99.29844, 34.1606], [-99.30048, 34.16058], [-99.30084, 34.16058], [-99.3044, 34.16054], [-99.30516, 34.16053], [-99.30588, 34.16051], [-99.30652, 34.16052], [-99.30721, 34.16056], [-99.30781, 34.16062], [-99.30862, 34.16076], [-99.30915, 34.16089], [-99.30981, 34.1611], [-99.31082, 34.1615], [-99.3116, 34.16191], [-99.31195, 34.16212], [-99.3129, 34.16275], [-99.31348, 34.16335], [-99.31391, 34.16376], [-99.31432, 34.16429], [-99.31463, 34.16475], [-99.315, 34.16532], [-99.3155, 34.16604]]}}, {"type": "Feature", "properties": {"name": "US Hwy 287"}, "geometry": {"type": "LineString", "coordinates": [[-99.24775, 34.15314], [-99.2487, 34.15337], [-99.25383, 34.15458], [-99.25644, 34.1552], [-99.26025, 34.15609], [-99.26608, 34.15742], [-99.26722, 34.15768], [-99.27115, 34.15859], [-99.27514, 34.15961], [-99.27583, 34.15976], [-99.27668, 34.1599], [-99.27737, 34.15996], [-99.27858, 34.15995], [-99.28241, 34.1599], [-99.28435, 34.15985], [-99.28455, 34.15985], [-99.28476, 34.15986], [-99.28508, 34.15987], [-99.28556, 34.15989], [-99.28613, 34.15995], [-99.28663, 34.16004], [-99.28702, 34.16014], [-99.28749, 34.16028], [-99.28794, 34.16043], [-99.28811, 34.16048], [-99.28873, 34.16067], [-99.28916, 34.16077], [-99.28935, 34.1608], [-99.28968, 34.16085], [-99.29013, 34.1609], [-99.29072, 34.16092], [-99.29337, 34.16088], [-99.29383, 34.16087], [-99.29852, 34.16081], [-99.30384, 34.16074], [-99.30531, 34.16072], [-99.30591, 34.16071], [-99.30637, 34.16072], [-99.30678, 34.16073], [-99.30732, 34.16077], [-99.3078, 34.16084], [-99.30828, 34.16092], [-99.30889, 34.16105], [-99.30948, 34.16121], [-99.3103, 34.16151], [-99.31097, 34.16181], [-99.31154, 34.16212], [-99.31216, 34.16252], [-99.31271, 34.16292], [-99.31292, 34.16313], [-99.31352, 34.1637], [-99.31402, 34.16426], [-99.31436, 34.16473], [-99.31498, 34.1658]]}}, {"type": "Feature", "properties": {"name": "US Hwy 54"}, "geometry": {"type": "LineString", "coordinates": [[-104.6418, 34.94778], [-104.64166, 34.94782], [-104.64163, 34.94783], [-104.64153, 34.94785], [-104.64149, 34.94786], [-104.64142, 34.94788], [-104.64084, 34.94804], [-104.64028, 34.9482], [-104.63976, 34.94836], [-104.63903, 34.94862], [-104.63889, 34.94867], [-104.63825, 34.94889], [-104.63817, 34.94892], [-104.63807, 34.94896], [-104.63754, 34.94916], [-104.63736, 34.94923], [-104.63724, 34.94928], [-104.63691, 34.94941], [-104.63688, 34.94942], [-104.63676, 34.94947], [-104.63637, 34.94963], [-104.63598, 34.94979], [-104.63519, 34.95014], [-104.6348, 34.95032], [-104.63458, 34.95042], [-104.63379, 34.95079], [-104.6335, 34.95093], [-104.63232, 34.95148], [-104.63076, 34.95223], [-104.63061, 34.9523], [-104.62985, 34.95266], [-104.62974, 34.95271], [-104.62963, 34.95276], [-104.62814, 34.95349], [-104.62789, 34.95361], [-104.62624, 34.9544], [-104.62348, 34.95574], [-104.62192, 34.95648], [-104.62003, 34.95739], [-104.61659, 34.95904], [-104.61172, 34.96137], [-104.60984, 34.96228], [-104.60702, 34.9636], [-104.60533, 34.96442], [-104.60291, 34.96557], [-104.59867, 34.96761], [-104.59579, 34.96898], [-104.59323, 34.97022], [-104.59307, 34.9703], [-104.59088, 34.97133], [-104.58839, 34.97254], [-104.58717, 34.97311], [-104.58258, 34.97531], [-104.58171, 34.97572], [-104.57858, 34.97721], [-104.57708, 34.97793], [-104.57178, 34.98048], [-104.57033, 34.98117], [-104.56808, 34.98227], [-104.56392, 34.98424], [-104.56176, 34.98526], [-104.56114, 34.98556], [-104.55281, 34.98956], [-104.55004, 34.9909], [-104.54942, 34.99119], [-104.54757, 34.99208], [-104.54695, 34.99237], [-104.54417, 34.9937], [-104.53583, 34.99768], [-104.53328, 34.99889], [-104.53304, 34.999], [-104.53188, 34.99954], [-104.53086, 35.00001], [-104.52937, 35.00068], [-104.52854, 35.00107], [-104.52838, 35.00115], [-104.52723, 35.00172], [-104.52659, 35.00202], [-104.52637, 35.00212], [-104.5238, 35.00334], [-104.52295, 35.00375], [-104.52287, 35.00379], [-104.52263, 35.0039], [-104.52255, 35.00394], [-104.5219, 35.00425], [-104.52161, 35.00439], [-104.52068, 35.00484], [-104.51994, 35.00519], [-104.51966, 35.00532], [-104.51928, 35.0055], [-104.519, 35.00563], [-104.51842, 35.00591], [-104.51816, 35.00604], [-104.51788, 35.00618], [-104.51741, 35.00639], [-104.51686, 35.00662], [-104.51567, 35.00706], [-104.5149, 35.0073], [-104.51318, 35.00775], [-104.50242, 35.01047], [-104.50182, 35.01062], [-104.50063, 35.01093], [-104.49926, 35.01127], [-104.49854, 35.01142], [-104.49775, 35.01156], [-104.49667, 35.01171], [-104.49606, 35.01177], [-104.49527, 35.01184], [-104.49417, 35.01187], [-104.49304, 35.01186], [-104.48427, 35.01173], [-104.4729, 35.01157], [-104.46683, 35.01149], [-104.46641, 35.0115], [-104.46604, 35.01153], [-104.46561, 35.01158], [-104.46501, 35.01167], [-104.46415, 35.01184], [-104.459, 35.01288], [-104.45887, 35.01291], [-104.45216, 35.01429], [-104.449, 35.01494], [-104.44731, 35.01532], [-104.44598, 35.01569], [-104.44445, 35.01616], [-104.44342, 35.01651], [-104.44218, 35.01697], [-104.44108, 35.01743], [-104.43638, 35.01951], [-104.4359, 35.01972], [-104.43392, 35.02063], [-104.43222, 35.02138], [-104.43127, 35.0218], [-104.41972, 35.02696], [-104.41555, 35.02882], [-104.41541, 35.02888], [-104.41499, 35.02906], [-104.41485, 35.02912], [-104.41468, 35.02919], [-104.41419, 35.0294], [-104.41403, 35.02947], [-104.41369, 35.02962], [-104.41325, 35.02981], [-104.41266, 35.03007], [-104.41232, 35.03022], [-104.41154, 35.03056], [-104.41, 35.03122], [-104.40927, 35.03153], [-104.40307, 35.03422], [-104.40076, 35.03523], [-104.40059, 35.0353], [-104.4004, 35.03538], [-104.40008, 35.03552], [-104.39991, 35.03559], [-104.39905, 35.03596], [-104.39895, 35.03601], [-104.39735, 35.03676], [-104.39652, 35.03719], [-104.3964, 35.03725], [-104.39569, 35.03763], [-104.3952, 35.0379], [-104.39391, 35.03858], [-104.39253, 35.03933], [-104.39153, 35.03986], [-104.38666, 35.04244], [-104.3838, 35.04399], [-104.37915, 35.04645], [-104.37851, 35.04679], [-104.37804, 35.04701], [-104.37749, 35.04722], [-104.37684, 35.04743], [-104.37621, 35.04761], [-104.37542, 35.04777], [-104.375, 35.04783], [-104.3739, 35.04796], [-104.37209, 35.04818], [-104.37186, 35.0482], [-104.36092, 35.04947], [-104.35921, 35.04966], [-104.35642, 35.05], [-104.35579, 35.05006], [-104.3446, 35.05135], [-104.34444, 35.05137], [-104.34259, 35.05159], [-104.34011, 35.05188], [-104.33952, 35.05194], [-104.33907, 35.05199], [-104.33833, 35.05209], [-104.33718, 35.05228], [-104.33668, 35.05237], [-104.33624, 35.05247], [-104.33589, 35.05256], [-104.32389, 35.05586], [-104.32369, 35.05592], [-104.3125, 35.05899], [-104.30581, 35.06083], [-104.30405, 35.06132], [-104.30215, 35.0618], [-104.30155, 35.06193], [-104.30086, 35.06207], [-104.29992, 35.06223], [-104.29895, 35.06238], [-104.29815, 35.06251], [-104.29721, 35.06262], [-104.29318, 35.06306], [-104.29203, 35.06318], [-104.29121, 35.06327], [-104.28535, 35.0639], [-104.28506, 35.06392], [-104.28434, 35.06399], [-104.28203, 35.06424], [-104.28079, 35.06438], [-104.27873, 35.06458], [-104.27796, 35.06467], [-104.27335, 35.06519], [-104.27154, 35.06537], [-104.27097, 35.06544], [-104.27044, 35.0655], [-104.26905, 35.06565], [-104.26887, 35.06567], [-104.26834, 35.06572], [-104.26816, 35.06574], [-104.26803, 35.06575], [-104.26763, 35.0658], [-104.26745, 35.06582], [-104.26735, 35.06583], [-104.26705, 35.06586], [-104.26695, 35.06587], [-104.26649, 35.06592], [-104.26567, 35.066], [-104.26511, 35.06606], [-104.26466, 35.06611], [-104.26454, 35.06612], [-104.26421, 35.06616], [-104.2641, 35.06617], [-104.26316, 35.06627], [-104.26258, 35.06634], [-104.26032, 35.06656], [-104.25938, 35.06666], [-104.25896, 35.0667], [-104.25699, 35.06692], [-104.25405, 35.06724], [-104.25, 35.06764], [-104.2498, 35.06766], [-104.2488, 35.06777], [-104.24741, 35.06793], [-104.24723, 35.06796], [-104.24645, 35.06804], [-104.2456, 35.06814], [-104.24358, 35.06834], [-104.24262, 35.06843], [-104.24119, 35.06859], [-104.24021, 35.0687], [-104.23923, 35.06879], [-104.23811, 35.0689], [-104.23691, 35.06904], [-104.23627, 35.06911], [-104.23548, 35.06919], [-104.23432, 35.0693], [-104.23079, 35.06968], [-104.22953, 35.06982], [-104.2265, 35.07012], [-104.22508, 35.07025], [-104.22369, 35.07032], [-104.22229, 35.07038], [-104.22062, 35.07035], [-104.21925, 35.0703], [-104.218, 35.07023], [-104.21759, 35.07019], [-104.21668, 35.07008], [-104.212, 35.0695], [-104.21192, 35.06949], [-104.20942, 35.06915], [-104.2057, 35.06868], [-104.20428, 35.0685], [-104.20239, 35.06829], [-104.19757, 35.06768], [-104.19679, 35.06759], [-104.19578, 35.06746], [-104.19047, 35.06678], [-104.18879, 35.06661], [-104.1875, 35.06653], [-104.18674, 35.06651], [-104.18608, 35.06649], [-104.18522, 35.06648], [-104.1841, 35.06649], [-104.18287, 35.06653], [-104.18212, 35.06657], [-104.1812, 35.06665], [-104.18039, 35.06673], [-104.18021, 35.06675], [-104.17986, 35.06678], [-104.17967, 35.06681], [-104.17949, 35.06683], [-104.17799, 35.06704], [-104.175, 35.06766], [-104.17141, 35.06855], [-104.16968, 35.06894], [-104.16892, 35.06916], [-104.16307, 35.07062], [-104.16238, 35.0708], [-104.12622, 35.0797], [-104.12514, 35.07996]]}}, {"type": "Feature", "properties": {"name": "US Hwy 54"}, "geometry": {"type": "LineString", "coordinates": [[-104.12514, 35.07971], [-104.12623, 35.07944], [-104.16228, 35.07055], [-104.16336, 35.07028], [-104.16533, 35.06979], [-104.16883, 35.06893], [-104.17144, 35.06826], [-104.17377, 35.06769], [-104.17528, 35.06731], [-104.17666, 35.06701], [-104.17791, 35.0668], [-104.17914, 35.06662], [-104.17965, 35.06655], [-104.1807, 35.06644], [-104.18163, 35.06635], [-104.18285, 35.06627], [-104.18385, 35.06623], [-104.1851, 35.06621], [-104.18648, 35.06622], [-104.1875, 35.06625], [-104.18832, 35.06629], [-104.18933, 35.06637], [-104.18994, 35.06643], [-104.19106, 35.06656], [-104.19581, 35.06715], [-104.1976, 35.06738], [-104.19812, 35.06746], [-104.20048, 35.06775], [-104.20098, 35.0678], [-104.212, 35.06917], [-104.21203, 35.06918], [-104.21262, 35.06926], [-104.21469, 35.06953], [-104.21546, 35.06962], [-104.21606, 35.0697], [-104.21665, 35.06976], [-104.21755, 35.06986], [-104.21834, 35.06993], [-104.21901, 35.06997], [-104.22076, 35.07005], [-104.22179, 35.07006], [-104.22282, 35.07006], [-104.22404, 35.07001], [-104.22535, 35.06993], [-104.22664, 35.06982], [-104.22716, 35.06976], [-104.23527, 35.0689], [-104.23591, 35.0688], [-104.2413, 35.06826], [-104.24161, 35.06823], [-104.24202, 35.06818], [-104.24227, 35.06815], [-104.24242, 35.06813], [-104.24381, 35.06799], [-104.24599, 35.06776], [-104.24663, 35.0677], [-104.24735, 35.06762], [-104.24883, 35.06746], [-104.24964, 35.06738], [-104.25951, 35.06633], [-104.26359, 35.0659], [-104.2659, 35.06566], [-104.26742, 35.06552], [-104.26755, 35.06551], [-104.26852, 35.0654], [-104.26999, 35.06524], [-104.27058, 35.06516], [-104.271, 35.06511], [-104.27277, 35.06491], [-104.27422, 35.06478], [-104.282, 35.06395], [-104.28506, 35.06362], [-104.29674, 35.06238], [-104.29744, 35.0623], [-104.29914, 35.06206], [-104.29988, 35.06195], [-104.30059, 35.06182], [-104.30149, 35.06163], [-104.30243, 35.06142], [-104.3045, 35.06089], [-104.30575, 35.06055], [-104.30829, 35.05985], [-104.30992, 35.05939], [-104.31168, 35.05892], [-104.32358, 35.05564], [-104.33531, 35.0524], [-104.3363, 35.05216], [-104.33694, 35.05203], [-104.33768, 35.05189], [-104.33865, 35.05175], [-104.33967, 35.05162], [-104.34443, 35.05108], [-104.35166, 35.05025], [-104.35318, 35.05006], [-104.35392, 35.04998], [-104.3568, 35.04964], [-104.35823, 35.04949], [-104.37183, 35.04791], [-104.37342, 35.04772], [-104.37428, 35.04763], [-104.37545, 35.04747], [-104.37601, 35.04734], [-104.37675, 35.04715], [-104.37762, 35.04685], [-104.37815, 35.04661], [-104.37897, 35.04619], [-104.3906, 35.03999], [-104.39133, 35.03961], [-104.3921, 35.0392], [-104.39545, 35.0374], [-104.39571, 35.03726], [-104.39686, 35.03666], [-104.39855, 35.03585], [-104.39887, 35.0357], [-104.4015, 35.03459], [-104.40362, 35.03364], [-104.41122, 35.03037], [-104.41215, 35.02996], [-104.41273, 35.02972], [-104.41411, 35.02911], [-104.41481, 35.02881], [-104.41536, 35.02857], [-104.41831, 35.02726], [-104.43618, 35.01926], [-104.43749, 35.01868], [-104.44053, 35.0173], [-104.44156, 35.01687], [-104.44234, 35.01655], [-104.44415, 35.01589], [-104.44514, 35.01557], [-104.44685, 35.01508], [-104.44792, 35.01481], [-104.44925, 35.01452], [-104.45875, 35.01257], [-104.45894, 35.01253], [-104.46452, 35.01138], [-104.46557, 35.01121], [-104.46621, 35.01116], [-104.46681, 35.01114], [-104.46889, 35.01115], [-104.47326, 35.01121], [-104.48427, 35.01137], [-104.49243, 35.01149], [-104.49434, 35.01151], [-104.49511, 35.01148], [-104.49569, 35.01145], [-104.49622, 35.0114], [-104.49692, 35.01132], [-104.49743, 35.01125], [-104.49858, 35.01104], [-104.5, 35.0107], [-104.5037, 35.00976], [-104.50484, 35.00948], [-104.51477, 35.00697], [-104.51558, 35.00674], [-104.51632, 35.0065], [-104.51701, 35.00624], [-104.51772, 35.00595], [-104.51839, 35.00566], [-104.51947, 35.00515], [-104.5206, 35.0046], [-104.52169, 35.00409], [-104.52279, 35.00355], [-104.52389, 35.00303], [-104.52515, 35.00244], [-104.52588, 35.00209], [-104.52832, 35.00091], [-104.52891, 35.00064], [-104.53002, 35.0001], [-104.53022, 35.00001], [-104.5328, 34.99877], [-104.53356, 34.99842], [-104.53572, 34.99734], [-104.53786, 34.99629], [-104.54223, 34.99419], [-104.54455, 34.9931], [-104.54983, 34.99057], [-104.55415, 34.98851], [-104.5563, 34.98745], [-104.55878, 34.98628], [-104.56069, 34.98534], [-104.5625, 34.98449], [-104.5633, 34.98411], [-104.56367, 34.98393], [-104.57201, 34.97995], [-104.57621, 34.97794], [-104.57928, 34.97646], [-104.58147, 34.97542], [-104.58469, 34.97389], [-104.58624, 34.97314], [-104.58814, 34.97223], [-104.59277, 34.97001], [-104.60589, 34.96373], [-104.6106, 34.96149], [-104.61783, 34.95803], [-104.62324, 34.95543], [-104.625, 34.95458], [-104.62549, 34.95436], [-104.62698, 34.95364], [-104.6277, 34.95328], [-104.62839, 34.95294], [-104.62938, 34.95247], [-104.62949, 34.95242], [-104.62961, 34.95236], [-104.63052, 34.95191], [-104.63158, 34.95142], [-104.63301, 34.95074], [-104.63355, 34.95048], [-104.63471, 34.94995], [-104.63558, 34.94958], [-104.63647, 34.94922], [-104.63661, 34.94916], [-104.63668, 34.94913], [-104.63744, 34.94885], [-104.63785, 34.94872], [-104.63895, 34.94834], [-104.64008, 34.94799], [-104.64104, 34.94773], [-104.64159, 34.9476]]}}, {"type": "Feature", "properties": {"name": "US Hwy 83"}, "geometry": {"type": "LineString", "coordinates": [[-99.74207, 32.37161], [-99.74207, 32.37269], [-99.74207, 32.37283], [-99.74207, 32.37304], [-99.74207, 32.37441], [-99.74207, 32.37669], [-99.74207, 32.3788], [-99.74206, 32.38057], [-99.7421, 32.38133], [-99.74215, 32.38173], [-99.74224, 32.38218], [-99.74235, 32.38257], [-99.7424, 32.38276], [-99.74241, 32.3828], [-99.74242, 32.38285], [-99.74248, 32.38301], [-99.74255, 32.38317], [-99.74286, 32.38396], [-99.74343, 32.38536], [-99.74368, 32.38598], [-99.74376, 32.38619], [-99.74394, 32.38663], [-99.74398, 32.38673], [-99.74443, 32.38783], [-99.74489, 32.38896], [-99.74503, 32.38934], [-99.74521, 32.38967], [-99.74536, 32.3899], [-99.74571, 32.39047], [-99.74584, 32.39064], [-99.74608, 32.39093], [-99.7466, 32.39147], [-99.74678, 32.39164], [-99.74797, 32.39283], [-99.75086, 32.39568], [-99.75149, 32.39628], [-99.75214, 32.39688], [-99.75262, 32.3973], [-99.75424, 32.39857], [-99.75522, 32.39926], [-99.75572, 32.39961], [-99.75819, 32.40134], [-99.76048, 32.40295], [-99.76188, 32.40394], [-99.76219, 32.40414], [-99.76278, 32.40453], [-99.76367, 32.40509], [-99.76462, 32.4056], [-99.76623, 32.40639], [-99.76721, 32.40686], [-99.76796, 32.40727], [-99.76858, 32.40765], [-99.76911, 32.40799], [-99.76929, 32.40811], [-99.76995, 32.40865], [-99.77117, 32.40968], [-99.77357, 32.41166], [-99.77477, 32.41266], [-99.7757, 32.41343], [-99.77638, 32.414], [-99.77677, 32.41431], [-99.77744, 32.41487], [-99.77768, 32.41507], [-99.77815, 32.41545], [-99.77836, 32.41562], [-99.77882, 32.41601], [-99.77989, 32.41688], [-99.78067, 32.41755], [-99.78076, 32.41762], [-99.78122, 32.41811], [-99.78185, 32.41883], [-99.78234, 32.41949], [-99.78276, 32.42021], [-99.78281, 32.4203], [-99.78306, 32.42075], [-99.78336, 32.4214], [-99.78342, 32.42154], [-99.78392, 32.42254], [-99.78432, 32.4234], [-99.78488, 32.42457], [-99.78545, 32.42581], [-99.78586, 32.42669], [-99.78592, 32.42683], [-99.7867, 32.42847], [-99.787, 32.42968], [-99.78712, 32.43036], [-99.78717, 32.43102], [-99.78717, 32.43162], [-99.78716, 32.43208], [-99.78714, 32.43333], [-99.78712, 32.43442], [-99.78712, 32.43487], [-99.78711, 32.43503], [-99.78709, 32.4357], [-99.78711, 32.43697], [-99.7871, 32.43715], [-99.78705, 32.43875], [-99.78703, 32.43966], [-99.78701, 32.44069], [-99.787, 32.44108], [-99.787, 32.44172], [-99.787, 32.44214], [-99.787, 32.44235], [-99.78698, 32.44308], [-99.78695, 32.44387], [-99.78691, 32.44452], [-99.78678, 32.44577], [-99.7867, 32.44673], [-99.78668, 32.44704], [-99.78662, 32.44759], [-99.78645, 32.44919], [-99.78632, 32.45042], [-99.78614, 32.45223], [-99.78612, 32.4524], [-99.78608, 32.45285], [-99.78606, 32.45299], [-99.78585, 32.45511], [-99.78575, 32.45632], [-99.78558, 32.4579], [-99.78556, 32.45805], [-99.7853, 32.45985], [-99.78517, 32.46035], [-99.78494, 32.46104], [-99.78459, 32.46187], [-99.78451, 32.46204], [-99.78355, 32.46413], [-99.7833, 32.46456], [-99.78292, 32.46514], [-99.78254, 32.46565], [-99.78187, 32.46654], [-99.77947, 32.46977], [-99.7786, 32.47092], [-99.77853, 32.47101], [-99.77803, 32.47168], [-99.77727, 32.47272], [-99.7765, 32.47394], [-99.77541, 32.47533], [-99.77449, 32.47652], [-99.77418, 32.47693], [-99.77344, 32.47782], [-99.77263, 32.47885], [-99.77173, 32.4801], [-99.77171, 32.48014], [-99.771, 32.48108], [-99.77028, 32.48203], [-99.76965, 32.48288], [-99.76906, 32.48367], [-99.76858, 32.48434], [-99.76814, 32.48494], [-99.76782, 32.48537], [-99.76577, 32.48807], [-99.76429, 32.49006], [-99.76371, 32.49075], [-99.76341, 32.49117], [-99.76283, 32.49197], [-99.76221, 32.4928], [-99.76113, 32.49421], [-99.76036, 32.4952], [-99.75981, 32.49594], [-99.75957, 32.49627], [-99.7595, 32.49637], [-99.7587, 32.4975], [-99.75829, 32.49821], [-99.75773, 32.49896], [-99.75729, 32.49959], [-99.7569, 32.5002], [-99.75618, 32.50162], [-99.75538, 32.50321], [-99.75519, 32.50357], [-99.75476, 32.50474], [-99.75408, 32.50686]]}}, {"type": "Feature", "properties": {"name": "US Hwy 83"}, "geometry": {"type": "LineString", "coordinates": [[-99.74215, 32.36646], [-99.74215, 32.36751], [-99.74214, 32.36824], [-99.74205, 32.36891], [-99.74198, 32.36968], [-99.74195, 32.37017], [-99.74195, 32.37269], [-99.74195, 32.37284], [-99.74195, 32.37304], [-99.74195, 32.3745], [-99.74195, 32.37506], [-99.74195, 32.37602], [-99.74195, 32.37662], [-99.74195, 32.37689], [-99.74193, 32.37902], [-99.74193, 32.38011], [-99.74194, 32.38127], [-99.74203, 32.38191], [-99.7421, 32.3824], [-99.74227, 32.38303], [-99.74233, 32.38317], [-99.7424, 32.38332], [-99.7426, 32.38378], [-99.74275, 32.38418], [-99.74299, 32.3848], [-99.74376, 32.38673], [-99.74414, 32.38767], [-99.74444, 32.38837], [-99.74478, 32.38929], [-99.74515, 32.39001], [-99.74542, 32.39042], [-99.74579, 32.39087], [-99.74596, 32.39108], [-99.74635, 32.39147], [-99.74672, 32.39186], [-99.74711, 32.39225], [-99.74779, 32.39293], [-99.74877, 32.39386], [-99.75031, 32.3954], [-99.75113, 32.39621], [-99.75171, 32.39676], [-99.7528, 32.3977], [-99.75377, 32.39847], [-99.75435, 32.39888], [-99.75811, 32.40152], [-99.75943, 32.40244], [-99.76061, 32.40327], [-99.76367, 32.4053], [-99.76419, 32.40559], [-99.76429, 32.40564], [-99.76569, 32.40633], [-99.76664, 32.4068], [-99.76794, 32.40745], [-99.76865, 32.40793], [-99.76867, 32.40794], [-99.76918, 32.4083], [-99.76985, 32.40884], [-99.77084, 32.40968], [-99.772, 32.41061], [-99.7735, 32.41186], [-99.77461, 32.41277], [-99.77553, 32.41352], [-99.77595, 32.41387], [-99.77625, 32.4141], [-99.777, 32.41468], [-99.77823, 32.41576], [-99.77848, 32.41597], [-99.78039, 32.4176], [-99.78061, 32.41779], [-99.78118, 32.41833], [-99.78222, 32.4197], [-99.78271, 32.42055], [-99.78282, 32.42073], [-99.78286, 32.42081], [-99.78325, 32.42163], [-99.78394, 32.42307], [-99.78441, 32.42404], [-99.78486, 32.42498], [-99.78569, 32.42686], [-99.78574, 32.42698], [-99.78575, 32.427], [-99.78598, 32.42749], [-99.78647, 32.42852], [-99.7868, 32.42975], [-99.78691, 32.43045], [-99.78695, 32.43097], [-99.78696, 32.43103], [-99.78697, 32.43154], [-99.78697, 32.43175], [-99.78694, 32.43288], [-99.78692, 32.43333], [-99.78688, 32.43442], [-99.78688, 32.43642], [-99.78686, 32.43851], [-99.78684, 32.43961], [-99.78684, 32.43985], [-99.78684, 32.44], [-99.78683, 32.44046], [-99.78679, 32.44212], [-99.78679, 32.44214], [-99.78676, 32.44357], [-99.78674, 32.44387], [-99.78671, 32.44442], [-99.78656, 32.44686], [-99.78652, 32.44734], [-99.78649, 32.44761], [-99.78638, 32.44895], [-99.7862, 32.45067], [-99.78609, 32.4516], [-99.78606, 32.45187], [-99.78603, 32.45222], [-99.78601, 32.45239], [-99.78598, 32.45266], [-99.78597, 32.45283], [-99.78595, 32.45298], [-99.78577, 32.45497], [-99.78549, 32.45771], [-99.78547, 32.45789], [-99.78533, 32.45901], [-99.78521, 32.45961], [-99.78515, 32.45979], [-99.78514, 32.45982], [-99.78499, 32.4604], [-99.78469, 32.46113], [-99.78429, 32.46204], [-99.78365, 32.46349], [-99.78332, 32.46416], [-99.78305, 32.46459], [-99.78282, 32.46495], [-99.78259, 32.46524], [-99.7815, 32.46672], [-99.77928, 32.46969], [-99.77833, 32.47096], [-99.77774, 32.47174], [-99.77747, 32.47212], [-99.77523, 32.47522], [-99.77422, 32.47662], [-99.77344, 32.47756], [-99.77248, 32.47879], [-99.77224, 32.4791], [-99.77091, 32.48088], [-99.77023, 32.48178], [-99.77, 32.48208], [-99.76877, 32.48374], [-99.76831, 32.48435], [-99.76789, 32.48489], [-99.76728, 32.48572], [-99.76592, 32.48754], [-99.76588, 32.48755], [-99.76423, 32.48974], [-99.76323, 32.49106], [-99.76286, 32.49156], [-99.75956, 32.49599], [-99.75806, 32.498], [-99.75763, 32.49858], [-99.75675, 32.49976], [-99.75586, 32.50153], [-99.75513, 32.50299], [-99.75482, 32.50375], [-99.7543, 32.50519], [-99.75391, 32.50669]]}}, {"type": "Feature", "properties": {"name": "US Hwy 83"}, "geometry": {"type": "LineString", "coordinates": [[-99.77087, 30.50544], [-99.76954, 30.50449], [-99.76789, 30.50336], [-99.76454, 30.50102], [-99.76326, 30.50023], [-99.76193, 30.49948], [-99.76093, 30.49895], [-99.75968, 30.49829], [-99.75719, 30.49694], [-99.75595, 30.49629], [-99.75472, 30.49563], [-99.75357, 30.49498], [-99.75355, 30.49497], [-99.7534, 30.49489], [-99.75323, 30.4948], [-99.7531, 30.49473], [-99.75303, 30.4947], [-99.75268, 30.49451], [-99.75246, 30.4944], [-99.75211, 30.49423], [-99.7519, 30.49413], [-99.75169, 30.49401], [-99.75158, 30.49395], [-99.75149, 30.49389], [-99.7509, 30.49356], [-99.75084, 30.49352], [-99.75059, 30.4934], [-99.75042, 30.49331], [-99.75036, 30.49327], [-99.74972, 30.49295], [-99.74916, 30.49263], [-99.74855, 30.49231], [-99.74792, 30.49198], [-99.74758, 30.49179], [-99.74702, 30.4915], [-99.74686, 30.49141], [-99.74573, 30.49078], [-99.74525, 30.49052], [-99.74471, 30.49028], [-99.7442, 30.48998], [-99.74357, 30.48963], [-99.74227, 30.48892], [-99.74181, 30.48861], [-99.74094, 30.48788], [-99.74046, 30.48732], [-99.74022, 30.48704], [-99.73969, 30.48631], [-99.7393, 30.48561], [-99.73898, 30.485], [-99.73808, 30.48346], [-99.73718, 30.48184], [-99.73619, 30.48006], [-99.73615, 30.47999], [-99.73545, 30.47876], [-99.73497, 30.47792], [-99.73473, 30.47748], [-99.73461, 30.47726], [-99.73389, 30.47598], [-99.73348, 30.47521], [-99.73324, 30.47479], [-99.73307, 30.4745], [-99.73268, 30.47377], [-99.7326, 30.47361], [-99.73234, 30.47308], [-99.73201, 30.47226], [-99.73168, 30.47147], [-99.73137, 30.47059], [-99.73123, 30.47019], [-99.73074, 30.4687], [-99.73048, 30.46792], [-99.73024, 30.46714], [-99.72969, 30.4655], [-99.72942, 30.4647], [-99.7291, 30.4638], [-99.72893, 30.46321], [-99.72884, 30.46296], [-99.72873, 30.46267], [-99.72845, 30.46197], [-99.72814, 30.46131], [-99.72793, 30.46094], [-99.72774, 30.46056], [-99.72773, 30.46054], [-99.72726, 30.45983], [-99.72724, 30.4598], [-99.72688, 30.45923], [-99.72636, 30.45845], [-99.72524, 30.4568], [-99.72474, 30.45605], [-99.72422, 30.4553], [-99.72319, 30.45374], [-99.72268, 30.453], [-99.72218, 30.45223], [-99.71991, 30.44884], [-99.71965, 30.4485]]}}, {"type": "Feature", "properties": {"name": "US Hwy 83"}, "geometry": {"type": "LineString", "coordinates": [[-99.71685, 30.44372], [-99.71697, 30.44391], [-99.71749, 30.44471], [-99.71828, 30.4459], [-99.71901, 30.44693], [-99.71948, 30.44762], [-99.71974, 30.448], [-99.72013, 30.44859], [-99.7203, 30.44886], [-99.72045, 30.44908], [-99.72083, 30.44964], [-99.72101, 30.4499], [-99.72168, 30.45089], [-99.72182, 30.45111], [-99.72251, 30.45217], [-99.72297, 30.45284], [-99.72322, 30.45322], [-99.72366, 30.45388], [-99.72433, 30.45487], [-99.72458, 30.45525], [-99.72481, 30.45558], [-99.72534, 30.45637], [-99.72625, 30.45772], [-99.72673, 30.45843], [-99.72702, 30.45887], [-99.72752, 30.45962], [-99.72791, 30.46019], [-99.72821, 30.46063], [-99.72842, 30.46094], [-99.72898, 30.46176], [-99.72907, 30.46187], [-99.72912, 30.46195], [-99.72929, 30.46218], [-99.72951, 30.46252], [-99.72984, 30.46305], [-99.73017, 30.46355], [-99.73039, 30.46389], [-99.73059, 30.4642], [-99.73254, 30.46708], [-99.73325, 30.46814], [-99.7343, 30.46972], [-99.73467, 30.47025], [-99.735, 30.47081], [-99.73529, 30.47137], [-99.73558, 30.4719], [-99.73563, 30.47201], [-99.73585, 30.47257], [-99.73607, 30.47319], [-99.73628, 30.47384], [-99.73653, 30.47474], [-99.73683, 30.47648], [-99.73689, 30.47692], [-99.73695, 30.47737], [-99.73699, 30.47761], [-99.73704, 30.47789], [-99.73716, 30.47882], [-99.73731, 30.47973], [-99.73742, 30.48021], [-99.73756, 30.48072], [-99.73781, 30.48155], [-99.73801, 30.48208], [-99.73819, 30.4825], [-99.73823, 30.48259], [-99.7384, 30.48294], [-99.73855, 30.48323], [-99.73903, 30.48423], [-99.7395, 30.48526], [-99.7397, 30.48563], [-99.73991, 30.48598], [-99.74018, 30.48638], [-99.74043, 30.48672], [-99.74066, 30.48698], [-99.74069, 30.48701], [-99.74099, 30.48734], [-99.74129, 30.48766], [-99.74143, 30.48779], [-99.74156, 30.48792], [-99.74184, 30.48815], [-99.74244, 30.48861], [-99.74287, 30.4889], [-99.74329, 30.48916], [-99.74415, 30.48963], [-99.74421, 30.48967], [-99.74468, 30.48991], [-99.74522, 30.49018], [-99.74571, 30.49045], [-99.74719, 30.49125], [-99.74738, 30.49136], [-99.74769, 30.49152], [-99.74779, 30.49157], [-99.74809, 30.49173], [-99.74819, 30.49179], [-99.7483, 30.49185], [-99.74863, 30.49203], [-99.74874, 30.49208], [-99.74886, 30.49215], [-99.74923, 30.49235], [-99.74935, 30.49241], [-99.74945, 30.49246], [-99.74974, 30.49262], [-99.74984, 30.49267], [-99.74996, 30.49274], [-99.75, 30.49276], [-99.75032, 30.49294], [-99.75034, 30.49295], [-99.75044, 30.493], [-99.75053, 30.49305], [-99.7508, 30.4932], [-99.75089, 30.49325], [-99.75105, 30.49333], [-99.75113, 30.49338], [-99.7515, 30.49357], [-99.75166, 30.49365], [-99.75167, 30.49366], [-99.75171, 30.49368], [-99.75173, 30.49369], [-99.75176, 30.4937], [-99.75187, 30.49376], [-99.7519, 30.49378], [-99.75234, 30.49402], [-99.75283, 30.49427], [-99.75284, 30.49428], [-99.7532, 30.49447], [-99.75335, 30.49454], [-99.75337, 30.49455], [-99.75345, 30.49459], [-99.75353, 30.49463], [-99.75358, 30.49465], [-99.75372, 30.49473], [-99.7542, 30.49499], [-99.75481, 30.49531], [-99.75537, 30.49564], [-99.75596, 30.49594], [-99.75708, 30.49655], [-99.7572, 30.49662], [-99.76208, 30.49923], [-99.76329, 30.49991], [-99.76474, 30.5008], [-99.76574, 30.50147], [-99.76751, 30.5027], [-99.76848, 30.50338], [-99.76987, 30.50434], [-99.77082, 30.50502]]}}, {"type": "Feature", "properties": {"name": "State Hwy 349"}, "geometry": {"type": "LineString", "coordinates": [[-102.07886, 31.97134], [-102.08031, 31.97101], [-102.08315, 31.97034], [-102.08652, 31.96954], [-102.09084, 31.96853], [-102.09088, 31.96852], [-102.0939, 31.96782], [-102.09827, 31.96679], [-102.09996, 31.9664], [-102.10387, 31.96548], [-102.10719, 31.9647], [-102.10942, 31.96419], [-102.11052, 31.96393], [-102.11275, 31.96341], [-102.11332, 31.96326], [-102.11393, 31.9631], [-102.11461, 31.96291], [-102.11521, 31.96272], [-102.11567, 31.96258], [-102.11626, 31.96238], [-102.11685, 31.96217], [-102.11744, 31.96196], [-102.11803, 31.96174], [-102.11861, 31.9615], [-102.11918, 31.96126], [-102.11975, 31.96101], [-102.12031, 31.96075], [-102.12087, 31.96048], [-102.12142, 31.96021], [-102.12236, 31.95972], [-102.14005, 31.95057], [-102.14337, 31.94886], [-102.14356, 31.94876], [-102.14727, 31.94685], [-102.14812, 31.94641], [-102.14825, 31.94634], [-102.1488, 31.94605], [-102.14969, 31.9456], [-102.14981, 31.94553], [-102.15097, 31.94493], [-102.1514, 31.9447], [-102.15446, 31.94311], [-102.15675, 31.94194], [-102.1585, 31.94103], [-102.16045, 31.94004], [-102.162, 31.93923], [-102.16434, 31.93801], [-102.16579, 31.93727], [-102.16769, 31.93629], [-102.16894, 31.93563], [-102.17002, 31.93509], [-102.17192, 31.9341], [-102.17286, 31.93362], [-102.17456, 31.93275], [-102.17598, 31.932], [-102.17839, 31.93077], [-102.17979, 31.93004], [-102.18004, 31.92991], [-102.19675, 31.92128], [-102.19987, 31.91966], [-102.20606, 31.91647], [-102.21157, 31.91362]]}}, {"type": "Feature", "properties": {"name": "State Hwy 349"}, "geometry": {"type": "LineString", "coordinates": [[-102.07835, 31.97124], [-102.07841, 31.97123], [-102.07853, 31.9712], [-102.08243, 31.97029], [-102.08649, 31.96934], [-102.08668, 31.9693], [-102.09082, 31.96833], [-102.09685, 31.96692], [-102.09986, 31.96621], [-102.1038, 31.96529], [-102.10387, 31.96527], [-102.10397, 31.96525], [-102.10713, 31.96451], [-102.10936, 31.96399], [-102.1104, 31.96375], [-102.11047, 31.96374], [-102.11269, 31.96321], [-102.11329, 31.96306], [-102.11349, 31.96301], [-102.11388, 31.9629], [-102.11408, 31.96284], [-102.11467, 31.96267], [-102.11507, 31.96255], [-102.11565, 31.96237], [-102.11672, 31.962], [-102.11681, 31.96197], [-102.11738, 31.96176], [-102.11787, 31.96157], [-102.11796, 31.96154], [-102.11843, 31.96134], [-102.11852, 31.9613], [-102.11899, 31.96111], [-102.11964, 31.96082], [-102.12019, 31.96057], [-102.12073, 31.9603], [-102.12298, 31.95917], [-102.12431, 31.95849], [-102.12633, 31.95745], [-102.12784, 31.95667], [-102.12961, 31.95575], [-102.13166, 31.9547], [-102.13183, 31.95461], [-102.13405, 31.95346], [-102.1357, 31.95259], [-102.13779, 31.95152], [-102.13813, 31.95135], [-102.13853, 31.95115], [-102.13953, 31.95063], [-102.13996, 31.9504], [-102.14142, 31.94965], [-102.1425, 31.94909], [-102.14326, 31.94871], [-102.14327, 31.9487], [-102.14346, 31.94861], [-102.145, 31.94781], [-102.14578, 31.9474], [-102.14619, 31.94719], [-102.14699, 31.94677], [-102.14715, 31.94669], [-102.1473, 31.94662], [-102.14805, 31.94623], [-102.14844, 31.94603], [-102.14866, 31.94591], [-102.14939, 31.94554], [-102.1497, 31.94537], [-102.15042, 31.94499], [-102.15227, 31.94404], [-102.15434, 31.94293], [-102.15508, 31.94255], [-102.15602, 31.94207], [-102.15715, 31.94149], [-102.15829, 31.94091], [-102.15926, 31.94041], [-102.16, 31.94002], [-102.1607, 31.93966], [-102.16136, 31.93932], [-102.16264, 31.93866], [-102.16379, 31.93806], [-102.16466, 31.93762], [-102.16617, 31.93684], [-102.1678, 31.936], [-102.16921, 31.93526], [-102.17043, 31.93463], [-102.17366, 31.93296], [-102.17514, 31.93221], [-102.17634, 31.93159], [-102.17969, 31.92987], [-102.17995, 31.92974], [-102.19674, 31.92106], [-102.20008, 31.91933], [-102.20605, 31.91625], [-102.21204, 31.91313]]}}, {"type": "Feature", "properties": {"name": "S Loop 250 W"}, "geometry": {"type": "LineString", "coordinates": [[-102.14874, 31.98157], [-102.14868, 31.98137], [-102.14863, 31.98122], [-102.14861, 31.98118], [-102.14736, 31.97726], [-102.14726, 31.97697], [-102.14721, 31.9768], [-102.14719, 31.97676], [-102.14717, 31.9767], [-102.147, 31.97614], [-102.14543, 31.97125], [-102.14513, 31.97033], [-102.14504, 31.97005], [-102.14489, 31.96963], [-102.14485, 31.96953], [-102.14472, 31.96914], [-102.14421, 31.96789], [-102.14407, 31.96755], [-102.14352, 31.96629], [-102.14308, 31.96545], [-102.14303, 31.96527], [-102.14293, 31.96497], [-102.14252, 31.96377], [-102.14194, 31.9619], [-102.14193, 31.96188], [-102.14181, 31.96148], [-102.14176, 31.96133], [-102.1417, 31.96115], [-102.14159, 31.9608], [-102.14154, 31.96066], [-102.14152, 31.96059], [-102.14152, 31.96057], [-102.14117, 31.95946], [-102.14104, 31.95907], [-102.14098, 31.95864], [-102.14105, 31.95828], [-102.14111, 31.95802], [-102.1412, 31.95774], [-102.14135, 31.95748], [-102.14158, 31.95715], [-102.14213, 31.95653], [-102.14241, 31.95618], [-102.1427, 31.95584], [-102.14321, 31.95521], [-102.14467, 31.95343]]}}, {"type": "Feature", "properties": {"name": "S Loop 250 W"}, "geometry": {"type": "LineString", "coordinates": [[-102.14477, 31.9509], [-102.14491, 31.95116], [-102.14498, 31.95135], [-102.145, 31.95155], [-102.14501, 31.95177], [-102.145, 31.95204], [-102.14493, 31.95252], [-102.14489, 31.95263], [-102.14487, 31.9527], [-102.1448, 31.95283], [-102.14479, 31.95286], [-102.14477, 31.9529], [-102.14463, 31.95312], [-102.1446, 31.95315], [-102.14455, 31.95322], [-102.14451, 31.95325], [-102.14279, 31.95538], [-102.14169, 31.95674], [-102.14137, 31.95715], [-102.14112, 31.95753], [-102.14099, 31.95782], [-102.14089, 31.95817], [-102.14084, 31.95852], [-102.14082, 31.9588], [-102.14089, 31.95916], [-102.141, 31.95954], [-102.14117, 31.96001], [-102.1413, 31.96035], [-102.14141, 31.96063], [-102.14144, 31.96071], [-102.14148, 31.96085], [-102.14149, 31.9609], [-102.14159, 31.9612], [-102.14165, 31.96139], [-102.14169, 31.96154], [-102.14205, 31.9627], [-102.1424, 31.96381], [-102.14262, 31.96444], [-102.14275, 31.96488], [-102.1428, 31.96506], [-102.14291, 31.96541], [-102.14293, 31.96547], [-102.14303, 31.96576], [-102.14313, 31.96602], [-102.14348, 31.96683], [-102.14395, 31.96793], [-102.14418, 31.96842], [-102.14429, 31.96867], [-102.14439, 31.96892], [-102.14449, 31.96917], [-102.14458, 31.96942], [-102.14472, 31.96985], [-102.14488, 31.97032], [-102.14506, 31.97084], [-102.14526, 31.97144], [-102.14621, 31.97442], [-102.14668, 31.97592], [-102.14674, 31.97609], [-102.147, 31.97689], [-102.14845, 31.98142], [-102.14852, 31.98163]]}}, {"type": "Feature", "properties": {"name": "US Hwy 84"}, "geometry": {"type": "LineString", "coordinates": [[-101.63699, 33.41627], [-101.63793, 33.41694], [-101.6382, 33.41713], [-101.6387, 33.41747], [-101.63878, 33.41752], [-101.63896, 33.41764], [-101.63969, 33.41806], [-101.64001, 33.41824], [-101.6429, 33.41991], [-101.64328, 33.42013], [-101.64912, 33.42348], [-101.6577, 33.4284], [-101.66017, 33.4298], [-101.6604, 33.42993], [-101.66065, 33.43009], [-101.66115, 33.43043], [-101.66138, 33.4306], [-101.66152, 33.43072], [-101.66183, 33.43098], [-101.66226, 33.43137], [-101.66266, 33.43179], [-101.66284, 33.43201], [-101.66317, 33.43247], [-101.66411, 33.43391], [-101.665, 33.43527], [-101.66514, 33.43551], [-101.66541, 33.43601], [-101.66564, 33.43652], [-101.66574, 33.43679], [-101.66588, 33.43727], [-101.6659, 33.43732], [-101.66609, 33.43842], [-101.66611, 33.4387], [-101.66614, 33.43955], [-101.66618, 33.44186], [-101.66619, 33.44205], [-101.6663, 33.44833], [-101.6664, 33.45292], [-101.66642, 33.4536], [-101.66645, 33.45413], [-101.66647, 33.4542], [-101.66654, 33.45464], [-101.66661, 33.4549], [-101.66677, 33.4554], [-101.66699, 33.45589], [-101.66725, 33.45637], [-101.66739, 33.4566], [-101.66773, 33.45704], [-101.66809, 33.45746], [-101.66829, 33.45766], [-101.66872, 33.45805], [-101.66983, 33.45901], [-101.67115, 33.46016]]}}, {"type": "Feature", "properties": {"name": "US Hwy 84"}, "geometry": {"type": "LineString", "coordinates": [[-101.63645, 33.41685], [-101.63676, 33.41701], [-101.63781, 33.41751], [-101.63823, 33.41768], [-101.63908, 33.41804], [-101.6391, 33.41806], [-101.63941, 33.41824], [-101.64293, 33.42021], [-101.64329, 33.42041], [-101.64926, 33.42385], [-101.65114, 33.42494], [-101.65368, 33.42638], [-101.6557, 33.42754], [-101.65867, 33.42926], [-101.66034, 33.4302], [-101.66129, 33.43087], [-101.66204, 33.43149], [-101.66234, 33.43183], [-101.66269, 33.43226], [-101.66297, 33.43263], [-101.66322, 33.43302], [-101.66378, 33.43391], [-101.66475, 33.43536], [-101.6649, 33.43559], [-101.66517, 33.43608], [-101.66541, 33.43659], [-101.66551, 33.43684], [-101.66566, 33.4373], [-101.66567, 33.43736], [-101.66586, 33.43844], [-101.66588, 33.43871], [-101.6659, 33.43927], [-101.66593, 33.44072], [-101.66594, 33.44135], [-101.66607, 33.44834], [-101.66616, 33.45502], [-101.66615, 33.45515], [-101.66616, 33.4553], [-101.66622, 33.45588], [-101.66627, 33.45612], [-101.66633, 33.45637], [-101.6664, 33.45661], [-101.66671, 33.45731], [-101.66684, 33.45753], [-101.66698, 33.45775], [-101.66709, 33.4579], [-101.66713, 33.45796], [-101.66747, 33.45836], [-101.66765, 33.45855], [-101.66805, 33.45891], [-101.66826, 33.45908], [-101.66848, 33.45923], [-101.6687, 33.45938]]}}, {"type": "Feature", "properties": {"name": "US Hwy 84"}, "geometry": {"type": "LineString", "coordinates": [[-100.14694, 32.49451], [-100.14849, 32.49427], [-100.15096, 32.49388], [-100.16029, 32.49222], [-100.16386, 32.49161], [-100.16543, 32.4913], [-100.1674, 32.49096], [-100.16951, 32.49056], [-100.1701, 32.49046], [-100.17386, 32.48974], [-100.17788, 32.48898], [-100.178, 32.48895], [-100.18057, 32.48848], [-100.18069, 32.48847], [-100.18388, 32.48784], [-100.18426, 32.48777], [-100.18678, 32.48731], [-100.19826, 32.48512], [-100.19873, 32.48504], [-100.19916, 32.485], [-100.19966, 32.48496], [-100.20023, 32.48495], [-100.2007, 32.48496], [-100.20164, 32.48503], [-100.20212, 32.48511], [-100.20259, 32.4852], [-100.20709, 32.48631], [-100.21106, 32.4873], [-100.21227, 32.48759], [-100.21403, 32.48801], [-100.21585, 32.48849], [-100.21629, 32.48859], [-100.21911, 32.48931], [-100.2207, 32.4897], [-100.22134, 32.48985], [-100.22195, 32.49], [-100.2227, 32.49018], [-100.2234, 32.49028], [-100.22404, 32.49034], [-100.22472, 32.49037], [-100.2254, 32.49034], [-100.22922, 32.49005], [-100.23047, 32.48996], [-100.23068, 32.48992], [-100.23086, 32.48989], [-100.23247, 32.48973], [-100.23297, 32.48976], [-100.23365, 32.48973], [-100.23457, 32.48974], [-100.23719, 32.48981], [-100.23736, 32.48982], [-100.23873, 32.48984], [-100.23944, 32.48983], [-100.24048, 32.48987], [-100.24096, 32.48994], [-100.24234, 32.49018], [-100.24372, 32.49043], [-100.24396, 32.49047], [-100.2449, 32.49065], [-100.24655, 32.49095], [-100.25033, 32.49165], [-100.25079, 32.49174], [-100.25137, 32.49184], [-100.25235, 32.49205], [-100.25249, 32.49209], [-100.25289, 32.49219], [-100.25313, 32.49224], [-100.25497, 32.49275], [-100.25674, 32.49327], [-100.25762, 32.49352], [-100.25824, 32.4937], [-100.2614, 32.49459], [-100.26624, 32.49597], [-100.26669, 32.49607], [-100.26736, 32.49618], [-100.26793, 32.49625], [-100.26849, 32.49627], [-100.26911, 32.49627], [-100.26966, 32.49624], [-100.26996, 32.49621], [-100.2718, 32.49606], [-100.27366, 32.4959], [-100.27721, 32.49561], [-100.2791, 32.49545], [-100.28105, 32.49529], [-100.28214, 32.49519], [-100.28274, 32.49514], [-100.28425, 32.49501], [-100.28645, 32.49484], [-100.28839, 32.49467], [-100.29111, 32.49446], [-100.29238, 32.49439], [-100.29254, 32.49439], [-100.29668, 32.49426], [-100.29935, 32.49416], [-100.30211, 32.49408], [-100.30328, 32.49404], [-100.30478, 32.49403], [-100.30608, 32.49398], [-100.30738, 32.49382], [-100.30882, 32.49356], [-100.30943, 32.49347], [-100.30946, 32.4934], [-100.31566, 32.49222], [-100.31642, 32.49208], [-100.32447, 32.49052], [-100.33381, 32.48871], [-100.3345, 32.48857], [-100.33543, 32.48841], [-100.3372, 32.48805], [-100.33892, 32.48772], [-100.33987, 32.48753], [-100.34049, 32.48741], [-100.3436, 32.48681], [-100.34848, 32.48587], [-100.34924, 32.48572], [-100.35001, 32.48558], [-100.35048, 32.48548], [-100.35087, 32.48541], [-100.35122, 32.48535], [-100.35149, 32.4853], [-100.35182, 32.48523], [-100.35572, 32.48449], [-100.35663, 32.4843], [-100.35712, 32.48422], [-100.35735, 32.48418], [-100.35795, 32.48402], [-100.35811, 32.48398], [-100.35845, 32.48388], [-100.35869, 32.48379], [-100.35889, 32.48371], [-100.36095, 32.48285], [-100.36146, 32.48264], [-100.36189, 32.48246], [-100.36286, 32.48204], [-100.36434, 32.48141], [-100.36439, 32.48139], [-100.36495, 32.48114], [-100.36529, 32.481], [-100.36577, 32.48074], [-100.36598, 32.48063], [-100.36655, 32.48025], [-100.36666, 32.48017], [-100.36681, 32.48007], [-100.36713, 32.47987], [-100.36812, 32.47888], [-100.37026, 32.47683], [-100.37191, 32.47532], [-100.37288, 32.47436], [-100.37471, 32.47255], [-100.37692, 32.47036], [-100.37971, 32.46771], [-100.38028, 32.46716], [-100.3807, 32.46672], [-100.3811, 32.46628], [-100.38148, 32.46581], [-100.38184, 32.46534], [-100.38223, 32.46481], [-100.38227, 32.46475], [-100.38277, 32.46405], [-100.3836, 32.4629], [-100.38491, 32.46118], [-100.3851, 32.46085], [-100.38639, 32.45905], [-100.38668, 32.45866], [-100.38737, 32.45771], [-100.38939, 32.45493], [-100.38975, 32.45445], [-100.39058, 32.45332], [-100.39083, 32.45303], [-100.39108, 32.45275], [-100.39136, 32.45247], [-100.39168, 32.45221], [-100.39198, 32.45198], [-100.3923, 32.45175], [-100.39263, 32.45154], [-100.39299, 32.45136], [-100.39335, 32.45119], [-100.39406, 32.45091], [-100.39487, 32.45069], [-100.39506, 32.45065], [-100.39546, 32.45057], [-100.39826, 32.45004], [-100.39843, 32.45], [-100.3986, 32.44997], [-100.39897, 32.4499], [-100.40127, 32.44947], [-100.40197, 32.44932], [-100.4023, 32.44925], [-100.40327, 32.44906], [-100.40436, 32.44885], [-100.40501, 32.44872], [-100.40595, 32.44855], [-100.40669, 32.44839], [-100.40754, 32.44824], [-100.40819, 32.44811], [-100.40874, 32.448], [-100.40982, 32.44779], [-100.41037, 32.44767], [-100.41075, 32.44761], [-100.41129, 32.44755], [-100.41217, 32.44749], [-100.41276, 32.44751], [-100.41321, 32.44752], [-100.41326, 32.44752], [-100.41431, 32.4476], [-100.41491, 32.44763], [-100.4154, 32.44768], [-100.41697, 32.44778], [-100.41839, 32.44788], [-100.41897, 32.44794], [-100.42013, 32.44801], [-100.42056, 32.44804], [-100.42364, 32.44826], [-100.42534, 32.44839], [-100.42679, 32.44851], [-100.42749, 32.44855], [-100.42816, 32.44861], [-100.43606, 32.44916], [-100.43658, 32.4492], [-100.43825, 32.44934], [-100.43887, 32.44937], [-100.44085, 32.44951], [-100.4422, 32.44962], [-100.44694, 32.45007], [-100.44827, 32.45039], [-100.44871, 32.45044], [-100.4489, 32.45047], [-100.44945, 32.45058], [-100.45131, 32.45096], [-100.45382, 32.45147], [-100.45615, 32.45194], [-100.45736, 32.45217], [-100.46047, 32.4528], [-100.46271, 32.45325], [-100.46326, 32.45336], [-100.46384, 32.45344], [-100.46424, 32.45349], [-100.4643, 32.4535], [-100.46478, 32.45352], [-100.46521, 32.45352], [-100.46564, 32.45351], [-100.46608, 32.45348], [-100.46646, 32.45343], [-100.46689, 32.45336], [-100.46693, 32.45336], [-100.46772, 32.45321], [-100.46902, 32.45298], [-100.46984, 32.45282], [-100.47019, 32.45276], [-100.47045, 32.45271], [-100.47393, 32.45207], [-100.47678, 32.45154], [-100.48044, 32.45088], [-100.48204, 32.45058], [-100.48239, 32.45052], [-100.4837, 32.45028], [-100.48618, 32.44983], [-100.49036, 32.44906], [-100.49045, 32.44904], [-100.49222, 32.44872], [-100.49351, 32.4485], [-100.49474, 32.44825], [-100.49597, 32.44803], [-100.49759, 32.44772], [-100.49892, 32.44748], [-100.49924, 32.44742], [-100.49935, 32.4474], [-100.50166, 32.44697], [-100.50193, 32.44692], [-100.50236, 32.44683], [-100.50247, 32.44681], [-100.50274, 32.44674], [-100.50296, 32.4467], [-100.50323, 32.44663]]}}, {"type": "Feature", "properties": {"name": "US Hwy 84"}, "geometry": {"type": "LineString", "coordinates": [[-99.84936, 32.45943], [-99.84959, 32.45946], [-99.84967, 32.45947], [-99.8498, 32.45947], [-99.85095, 32.45951], [-99.85173, 32.45952], [-99.85265, 32.45954], [-99.85326, 32.45955], [-99.85361, 32.45956], [-99.85399, 32.45958], [-99.85485, 32.4596], [-99.85497, 32.4596], [-99.85517, 32.4596], [-99.85576, 32.45961], [-99.86006, 32.45971], [-99.8608, 32.45973], [-99.86134, 32.45973], [-99.86237, 32.45975], [-99.8635, 32.45978], [-99.86414, 32.45979], [-99.8652, 32.45982], [-99.86558, 32.45983], [-99.86739, 32.45988], [-99.86918, 32.45988], [-99.86983, 32.45989], [-99.87036, 32.45984], [-99.87096, 32.45977], [-99.87295, 32.45955], [-99.87728, 32.45906], [-99.87848, 32.45893], [-99.87903, 32.45887], [-99.88065, 32.45866], [-99.8829, 32.45839], [-99.88444, 32.45823], [-99.88546, 32.45818], [-99.88685, 32.4582], [-99.88957, 32.45828], [-99.893, 32.45834], [-99.89595, 32.45841], [-99.90162, 32.45855], [-99.90593, 32.45864], [-99.91016, 32.45874], [-99.91237, 32.45879], [-99.9163, 32.45887], [-99.92034, 32.45897], [-99.92258, 32.45903], [-99.92542, 32.45907], [-99.92602, 32.45911], [-99.92684, 32.45919], [-99.9277, 32.4593], [-99.92886, 32.45945], [-99.92916, 32.4595], [-99.93277, 32.45999], [-99.93468, 32.46028], [-99.93853, 32.4608], [-99.93872, 32.46082], [-99.9422, 32.46124], [-99.94419, 32.46149], [-99.94456, 32.46155], [-99.94554, 32.46172], [-99.94607, 32.46182], [-99.94761, 32.46204], [-99.94949, 32.46229], [-99.95104, 32.46249], [-99.95309, 32.46278], [-99.95328, 32.4628], [-99.95403, 32.46288], [-99.95537, 32.46308], [-99.95779, 32.46342], [-99.95802, 32.46344], [-99.9585, 32.4635], [-99.95915, 32.46358], [-99.96508, 32.4644], [-99.97068, 32.46516], [-99.97418, 32.46565], [-99.9789, 32.46626], [-99.98058, 32.4665], [-99.98069, 32.46648], [-99.98199, 32.46668], [-99.98212, 32.4667], [-99.98255, 32.46677], [-99.983, 32.46684], [-99.98382, 32.46698], [-99.98457, 32.46717], [-99.98588, 32.46758], [-99.98648, 32.46778], [-99.98702, 32.46796], [-99.98913, 32.46871], [-99.99, 32.46911], [-99.99064, 32.46946], [-99.99101, 32.46969], [-99.99294, 32.4709], [-99.99432, 32.47176], [-99.99754, 32.47379], [-99.99973, 32.47519], [-100.00016, 32.47541], [-100.00029, 32.47548], [-100.0006, 32.47562], [-100.0012, 32.4759], [-100.00192, 32.47615], [-100.00272, 32.47635], [-100.00314, 32.47644], [-100.00358, 32.47649], [-100.00398, 32.47654], [-100.00424, 32.47656], [-100.00621, 32.47679], [-100.00792, 32.47702], [-100.01143, 32.4775], [-100.01298, 32.47771], [-100.01374, 32.47779], [-100.01451, 32.47783], [-100.01533, 32.47783], [-100.01601, 32.47779], [-100.01729, 32.47767], [-100.01881, 32.47754], [-100.01971, 32.47744], [-100.02048, 32.4773], [-100.02119, 32.47714], [-100.02186, 32.47695], [-100.02276, 32.47662], [-100.02322, 32.47645], [-100.02668, 32.47519], [-100.02776, 32.4748], [-100.02828, 32.47463], [-100.02903, 32.47443], [-100.02967, 32.47431], [-100.03015, 32.47423], [-100.03069, 32.47418], [-100.03144, 32.47409], [-100.03299, 32.4739], [-100.03361, 32.47382], [-100.03384, 32.47381], [-100.03432, 32.47377], [-100.03455, 32.47378], [-100.035, 32.47378], [-100.03575, 32.47383], [-100.03622, 32.47386], [-100.03714, 32.474], [-100.03751, 32.47405], [-100.03966, 32.47434], [-100.04363, 32.47496], [-100.04556, 32.47529], [-100.04974, 32.47598], [-100.05076, 32.47615], [-100.05409, 32.47672], [-100.05819, 32.47741], [-100.06068, 32.47781], [-100.06368, 32.47833], [-100.06479, 32.47852], [-100.06678, 32.47889], [-100.07068, 32.47954], [-100.0721, 32.47978], [-100.07276, 32.47989], [-100.07455, 32.48019], [-100.07899, 32.48094], [-100.07919, 32.48098], [-100.08306, 32.48163], [-100.08408, 32.48181], [-100.08742, 32.48236], [-100.08794, 32.48244], [-100.09615, 32.48383], [-100.09927, 32.48435], [-100.10515, 32.48534], [-100.10632, 32.48554], [-100.10706, 32.48572], [-100.10781, 32.48594], [-100.10831, 32.48612], [-100.10859, 32.48622], [-100.10939, 32.48656], [-100.10964, 32.48668], [-100.11072, 32.48722], [-100.1108, 32.48726], [-100.11099, 32.48736], [-100.11223, 32.48796], [-100.11319, 32.48848], [-100.11372, 32.48883], [-100.11421, 32.48918], [-100.1171, 32.49123], [-100.11776, 32.49169], [-100.11929, 32.49279], [-100.11936, 32.49283], [-100.11991, 32.49322], [-100.12, 32.49328], [-100.12078, 32.49383], [-100.12116, 32.49411], [-100.12177, 32.49449], [-100.12231, 32.49475], [-100.1228, 32.49499], [-100.12309, 32.4951], [-100.12331, 32.49518], [-100.12395, 32.49538], [-100.12436, 32.49549], [-100.1249, 32.49561], [-100.12553, 32.49571], [-100.12591, 32.49575], [-100.12633, 32.49578], [-100.12673, 32.49578], [-100.12759, 32.49578], [-100.12942, 32.49572], [-100.12981, 32.4957], [-100.13271, 32.49558], [-100.13681, 32.49543], [-100.13784, 32.49539], [-100.14033, 32.49528], [-100.14156, 32.49521], [-100.14229, 32.49517], [-100.14318, 32.49507], [-100.14381, 32.49501], [-100.14401, 32.49498], [-100.1449, 32.49484], [-100.14554, 32.49474], [-100.14694, 32.49451]]}}, {"type": "Feature", "properties": {"name": "US Hwy 84"}, "geometry": {"type": "LineString", "coordinates": [[-99.74207, 32.37161], [-99.74207, 32.37269], [-99.74207, 32.37283], [-99.74207, 32.37304], [-99.74207, 32.37441], [-99.74207, 32.37669], [-99.74207, 32.3788], [-99.74206, 32.38057], [-99.7421, 32.38133], [-99.74215, 32.38173], [-99.74224, 32.38218], [-99.74235, 32.38257], [-99.7424, 32.38276], [-99.74241, 32.3828], [-99.74242, 32.38285], [-99.74248, 32.38301], [-99.74255, 32.38317], [-99.74286, 32.38396], [-99.74343, 32.38536], [-99.74368, 32.38598], [-99.74376, 32.38619], [-99.74394, 32.38663], [-99.74398, 32.38673], [-99.74443, 32.38783], [-99.74489, 32.38896], [-99.74503, 32.38934], [-99.74521, 32.38967], [-99.74536, 32.3899], [-99.74571, 32.39047], [-99.74584, 32.39064], [-99.74608, 32.39093], [-99.7466, 32.39147], [-99.74678, 32.39164], [-99.74797, 32.39283], [-99.75086, 32.39568], [-99.75149, 32.39628], [-99.75214, 32.39688], [-99.75262, 32.3973], [-99.75424, 32.39857], [-99.75522, 32.39926], [-99.75572, 32.39961], [-99.75819, 32.40134], [-99.76048, 32.40295], [-99.76188, 32.40394], [-99.76219, 32.40414], [-99.76278, 32.40453], [-99.76367, 32.40509], [-99.76462, 32.4056], [-99.76623, 32.40639], [-99.76721, 32.40686], [-99.76796, 32.40727], [-99.76858, 32.40765], [-99.76911, 32.40799], [-99.76929, 32.40811], [-99.76995, 32.40865], [-99.77117, 32.40968], [-99.77357, 32.41166], [-99.77477, 32.41266], [-99.7757, 32.41343], [-99.77638, 32.414], [-99.77677, 32.41431], [-99.77744, 32.41487], [-99.77768, 32.41507], [-99.77815, 32.41545], [-99.77836, 32.41562], [-99.77882, 32.41601], [-99.77989, 32.41688], [-99.78067, 32.41755], [-99.78076, 32.41762], [-99.78122, 32.41811], [-99.78185, 32.41883], [-99.78234, 32.41949], [-99.78276, 32.42021], [-99.78281, 32.4203], [-99.78306, 32.42075], [-99.78336, 32.4214], [-99.78342, 32.42154], [-99.78392, 32.42254], [-99.78432, 32.4234], [-99.78488, 32.42457], [-99.78545, 32.42581], [-99.78586, 32.42669], [-99.78592, 32.42683], [-99.7867, 32.42847], [-99.787, 32.42968], [-99.78712, 32.43036], [-99.78717, 32.43102], [-99.78717, 32.43162], [-99.78716, 32.43208], [-99.78714, 32.43333], [-99.78712, 32.43442], [-99.78712, 32.43487], [-99.78711, 32.43503], [-99.78709, 32.4357], [-99.78711, 32.43697], [-99.7871, 32.43715], [-99.78705, 32.43875], [-99.78703, 32.43966], [-99.78701, 32.44069], [-99.787, 32.44108], [-99.787, 32.44172], [-99.787, 32.44214], [-99.787, 32.44235], [-99.78698, 32.44308], [-99.78695, 32.44387], [-99.78691, 32.44452], [-99.78678, 32.44577], [-99.7867, 32.44673], [-99.78668, 32.44704], [-99.78662, 32.44759], [-99.78645, 32.44919], [-99.78632, 32.45042], [-99.78614, 32.45223], [-99.78612, 32.4524]]}}, {"type": "Feature", "properties": {"name": "US Hwy 84"}, "geometry": {"type": "LineString", "coordinates": [[-99.74215, 32.36646], [-99.74215, 32.36751], [-99.74214, 32.36824], [-99.74205, 32.36891], [-99.74198, 32.36968], [-99.74195, 32.37017], [-99.74195, 32.37269], [-99.74195, 32.37284], [-99.74195, 32.37304], [-99.74195, 32.3745], [-99.74195, 32.37506], [-99.74195, 32.37602], [-99.74195, 32.37662], [-99.74195, 32.37689], [-99.74193, 32.37902], [-99.74193, 32.38011], [-99.74194, 32.38127], [-99.74203, 32.38191], [-99.7421, 32.3824], [-99.74227, 32.38303], [-99.74233, 32.38317], [-99.7424, 32.38332], [-99.7426, 32.38378], [-99.74275, 32.38418], [-99.74299, 32.3848], [-99.74376, 32.38673], [-99.74414, 32.38767], [-99.74444, 32.38837], [-99.74478, 32.38929], [-99.74515, 32.39001], [-99.74542, 32.39042], [-99.74579, 32.39087], [-99.74596, 32.39108], [-99.74635, 32.39147], [-99.74672, 32.39186], [-99.74711, 32.39225], [-99.74779, 32.39293], [-99.74877, 32.39386], [-99.75031, 32.3954], [-99.75113, 32.39621], [-99.75171, 32.39676], [-99.7528, 32.3977], [-99.75377, 32.39847], [-99.75435, 32.39888], [-99.75811, 32.40152], [-99.75943, 32.40244], [-99.76061, 32.40327], [-99.76367, 32.4053], [-99.76419, 32.40559], [-99.76429, 32.40564], [-99.76569, 32.40633], [-99.76664, 32.4068], [-99.76794, 32.40745], [-99.76865, 32.40793], [-99.76867, 32.40794], [-99.76918, 32.4083], [-99.76985, 32.40884], [-99.77084, 32.40968], [-99.772, 32.41061], [-99.7735, 32.41186], [-99.77461, 32.41277], [-99.77553, 32.41352], [-99.77595, 32.41387], [-99.77625, 32.4141], [-99.777, 32.41468], [-99.77823, 32.41576], [-99.77848, 32.41597], [-99.78039, 32.4176], [-99.78061, 32.41779], [-99.78118, 32.41833], [-99.78222, 32.4197], [-99.78271, 32.42055], [-99.78282, 32.42073], [-99.78286, 32.42081], [-99.78325, 32.42163], [-99.78394, 32.42307], [-99.78441, 32.42404], [-99.78486, 32.42498], [-99.78569, 32.42686], [-99.78574, 32.42698], [-99.78575, 32.427], [-99.78598, 32.42749], [-99.78647, 32.42852], [-99.7868, 32.42975], [-99.78691, 32.43045], [-99.78695, 32.43097], [-99.78696, 32.43103], [-99.78697, 32.43154], [-99.78697, 32.43175], [-99.78694, 32.43288], [-99.78692, 32.43333], [-99.78688, 32.43442], [-99.78688, 32.43642], [-99.78686, 32.43851], [-99.78684, 32.43961], [-99.78684, 32.43985], [-99.78684, 32.44], [-99.78683, 32.44046], [-99.78679, 32.44212], [-99.78679, 32.44214], [-99.78676, 32.44357], [-99.78674, 32.44387], [-99.78671, 32.44442], [-99.78656, 32.44686], [-99.78652, 32.44734], [-99.78649, 32.44761], [-99.78638, 32.44895], [-99.7862, 32.45067], [-99.78609, 32.4516], [-99.78606, 32.45187], [-99.78603, 32.45222], [-99.78601, 32.45239]]}}, {"type": "Feature", "properties": {"name": "US Hwy 84"}, "geometry": {"type": "LineString", "coordinates": [[-104.70858, 34.9466], [-104.7087, 34.94664], [-104.70872, 34.94665], [-104.70891, 34.94673], [-104.70907, 34.94679], [-104.7092, 34.94684], [-104.70981, 34.94708], [-104.71015, 34.94722], [-104.71021, 34.94725], [-104.71063, 34.94744], [-104.71112, 34.94767], [-104.71146, 34.94784], [-104.71176, 34.94801], [-104.71247, 34.94844], [-104.7127, 34.94856], [-104.71288, 34.94866], [-104.71304, 34.94875], [-104.71376, 34.94919], [-104.71391, 34.94927], [-104.71422, 34.94944], [-104.71434, 34.94951], [-104.71449, 34.9496], [-104.71481, 34.94978], [-104.71564, 34.95027], [-104.71577, 34.95034], [-104.71609, 34.95053], [-104.71636, 34.9507], [-104.71717, 34.95118], [-104.71744, 34.95134], [-104.71838, 34.95189], [-104.719, 34.95225], [-104.72097, 34.95339], [-104.72149, 34.95368], [-104.7223, 34.95416], [-104.72371, 34.95497], [-104.72405, 34.95516], [-104.72527, 34.95588], [-104.72613, 34.95639], [-104.72637, 34.95653], [-104.72807, 34.9575], [-104.72869, 34.95788], [-104.72885, 34.95797], [-104.72955, 34.95837], [-104.7298, 34.95852], [-104.73078, 34.95914], [-104.73121, 34.95937], [-104.73159, 34.95957], [-104.73327, 34.96052], [-104.73357, 34.96068], [-104.73394, 34.96087], [-104.73424, 34.96104], [-104.73536, 34.96155], [-104.7363, 34.96196], [-104.73638, 34.96199], [-104.73686, 34.9622], [-104.73761, 34.9625], [-104.73818, 34.9627], [-104.73878, 34.96291], [-104.73951, 34.96315], [-104.74063, 34.96346], [-104.74144, 34.96368], [-104.74224, 34.96388], [-104.74257, 34.96396], [-104.74297, 34.96405], [-104.74353, 34.96417], [-104.74411, 34.96428], [-104.74531, 34.96447], [-104.74651, 34.96463], [-104.7471, 34.9647], [-104.74996, 34.96498], [-104.75199, 34.96517], [-104.75266, 34.96524], [-104.75412, 34.96538], [-104.75428, 34.9654], [-104.7562, 34.96558], [-104.76076, 34.96601], [-104.76592, 34.96649], [-104.76683, 34.96658], [-104.76813, 34.96667], [-104.7691, 34.96672], [-104.77392, 34.96676], [-104.77541, 34.96679], [-104.77588, 34.96681], [-104.77668, 34.96687], [-104.77737, 34.96696], [-104.77773, 34.967], [-104.77819, 34.96709], [-104.77878, 34.96719], [-104.77945, 34.96733], [-104.77999, 34.96746], [-104.78139, 34.96778], [-104.78239, 34.96801], [-104.78483, 34.96855], [-104.78572, 34.96871], [-104.78647, 34.96881], [-104.78701, 34.96887], [-104.78744, 34.96891], [-104.78814, 34.96896], [-104.78865, 34.96897], [-104.78919, 34.96899], [-104.78937, 34.96899], [-104.78943, 34.96899], [-104.79014, 34.969], [-104.79038, 34.969], [-104.79064, 34.969], [-104.79144, 34.96901], [-104.7917, 34.96901], [-104.79184, 34.96901], [-104.79191, 34.96901], [-104.79227, 34.96901], [-104.79241, 34.96902], [-104.79328, 34.96903], [-104.79589, 34.96906], [-104.79676, 34.96907], [-104.8084, 34.9692], [-104.81036, 34.96922], [-104.8125, 34.96924], [-104.8386, 34.9695], [-104.85115, 34.96963], [-104.85788, 34.9697], [-104.85853, 34.96973], [-104.86474, 34.97006], [-104.86525, 34.97008], [-104.86634, 34.97013], [-104.86679, 34.97015], [-104.8673, 34.97019], [-104.86746, 34.97019], [-104.86793, 34.97022], [-104.86809, 34.97023], [-104.86831, 34.97024], [-104.86896, 34.97027], [-104.86918, 34.97028], [-104.86959, 34.9703], [-104.86997, 34.97032], [-104.87083, 34.97037], [-104.87096, 34.97038], [-104.87124, 34.97039], [-104.87325, 34.9705], [-104.88463, 34.97109], [-104.8992, 34.97184], [-104.90435, 34.97211], [-104.91197, 34.97251], [-104.91319, 34.97256], [-104.91493, 34.97266], [-104.91727, 34.97277], [-104.91751, 34.97278], [-104.92482, 34.97316], [-104.9375, 34.97383], [-104.93821, 34.97387], [-104.94804, 34.97437], [-104.97038, 34.97552], [-104.97752, 34.97589], [-104.98515, 34.97628], [-104.98735, 34.97638], [-104.98789, 34.9764], [-104.98811, 34.97641], [-104.98953, 34.97648], [-104.99008, 34.97651], [-104.99029, 34.97652], [-104.9909, 34.97655], [-104.99111, 34.97656]]}}, {"type": "Feature", "properties": {"name": "US Hwy 84"}, "geometry": {"type": "LineString", "coordinates": [[-100.14694, 32.49464], [-100.14731, 32.49458], [-100.1474, 32.49456], [-100.14841, 32.49441], [-100.14878, 32.49436], [-100.14953, 32.49424], [-100.15105, 32.49398], [-100.15115, 32.49397], [-100.15238, 32.49377], [-100.15786, 32.49284], [-100.16012, 32.49245], [-100.16029, 32.49243], [-100.16079, 32.49234], [-100.16095, 32.49231], [-100.16133, 32.49223], [-100.16142, 32.49222], [-100.16246, 32.49204], [-100.16284, 32.49198], [-100.16305, 32.49195], [-100.16369, 32.49184], [-100.16391, 32.4918], [-100.16394, 32.49178], [-100.16414, 32.49174], [-100.16486, 32.4916], [-100.1651, 32.49155], [-100.16548, 32.49148], [-100.16556, 32.49146], [-100.16693, 32.49122], [-100.16739, 32.49115], [-100.16747, 32.49114], [-100.1677, 32.4911], [-100.16778, 32.49108], [-100.16971, 32.49074], [-100.17014, 32.49066], [-100.1739, 32.48994], [-100.1755, 32.48964], [-100.17742, 32.48927], [-100.17749, 32.48926], [-100.17767, 32.48922], [-100.17773, 32.48921], [-100.17815, 32.48913], [-100.17903, 32.48896], [-100.17941, 32.48889], [-100.17983, 32.48881], [-100.18001, 32.48878], [-100.18055, 32.48868], [-100.18073, 32.48865], [-100.18096, 32.48861], [-100.18163, 32.48848], [-100.18185, 32.48844], [-100.18232, 32.48835], [-100.18374, 32.48808], [-100.18421, 32.48799], [-100.18431, 32.48797], [-100.18461, 32.48791], [-100.18472, 32.48789], [-100.18617, 32.48761], [-100.18682, 32.48752], [-100.19023, 32.48686], [-100.19827, 32.4853], [-100.19873, 32.48524], [-100.19921, 32.48518], [-100.19968, 32.48515], [-100.20018, 32.48514], [-100.20065, 32.48515], [-100.2011, 32.48517], [-100.20164, 32.48522], [-100.20212, 32.48529], [-100.20258, 32.48539], [-100.20677, 32.48645], [-100.20717, 32.48655], [-100.20996, 32.48725], [-100.21155, 32.48766], [-100.21222, 32.48782], [-100.21246, 32.48788], [-100.21317, 32.48805], [-100.21341, 32.48811], [-100.2154, 32.48859], [-100.21622, 32.48879], [-100.21732, 32.48907], [-100.22009, 32.48975], [-100.22028, 32.4898], [-100.22067, 32.4899], [-100.2213, 32.49006], [-100.22218, 32.49027], [-100.22284, 32.49039], [-100.2233, 32.49046], [-100.22378, 32.49049], [-100.22479, 32.49049], [-100.22641, 32.49037], [-100.22857, 32.49021], [-100.22922, 32.49016], [-100.23049, 32.49006], [-100.23083, 32.49003], [-100.23107, 32.49], [-100.23163, 32.48996], [-100.23227, 32.4899], [-100.23249, 32.48988], [-100.23258, 32.48987], [-100.23327, 32.48987], [-100.23355, 32.48987], [-100.23385, 32.48986], [-100.23418, 32.48986], [-100.2349, 32.48987], [-100.23539, 32.48988], [-100.23623, 32.48991], [-100.23735, 32.48992], [-100.23866, 32.48996], [-100.23867, 32.48996], [-100.23887, 32.48996], [-100.23961, 32.48999], [-100.24001, 32.49], [-100.24027, 32.49003], [-100.24066, 32.49008], [-100.24255, 32.49043], [-100.24383, 32.49066], [-100.24391, 32.49068], [-100.24416, 32.49072], [-100.24424, 32.49074], [-100.24436, 32.49076], [-100.24461, 32.4908], [-100.24571, 32.491], [-100.24607, 32.49107], [-100.24755, 32.49134], [-100.25042, 32.49183], [-100.25049, 32.49184], [-100.25128, 32.49198], [-100.25162, 32.49205], [-100.25164, 32.49205], [-100.25203, 32.49213], [-100.25245, 32.49225], [-100.25249, 32.49226], [-100.25269, 32.49231], [-100.25299, 32.4924], [-100.25307, 32.49242], [-100.25323, 32.49246], [-100.25335, 32.4925], [-100.25401, 32.49267], [-100.25447, 32.49281], [-100.25524, 32.49303], [-100.25665, 32.49344], [-100.26136, 32.49478], [-100.26619, 32.49615], [-100.26664, 32.49625], [-100.26731, 32.49636], [-100.26789, 32.49643], [-100.26844, 32.49646], [-100.26906, 32.49646], [-100.26961, 32.49643], [-100.26998, 32.49639], [-100.27175, 32.49625], [-100.27361, 32.49609], [-100.27393, 32.49606], [-100.27716, 32.49579], [-100.27905, 32.49564], [-100.28104, 32.49547], [-100.28209, 32.49538], [-100.28269, 32.49533], [-100.28334, 32.49527], [-100.2842, 32.4952], [-100.2864, 32.49502], [-100.28834, 32.49486], [-100.29024, 32.49471], [-100.29106, 32.49464], [-100.29203, 32.49462], [-100.29255, 32.49459], [-100.29312, 32.49457], [-100.29398, 32.49453], [-100.29485, 32.4945], [-100.29543, 32.49449], [-100.29557, 32.49448], [-100.29598, 32.49447], [-100.29612, 32.49446], [-100.29707, 32.49443], [-100.2993, 32.49435], [-100.29991, 32.49433], [-100.30086, 32.4943], [-100.30111, 32.49429], [-100.30186, 32.49427], [-100.30211, 32.49426], [-100.30235, 32.49425], [-100.30308, 32.49423], [-100.30332, 32.49422], [-100.30461, 32.49418], [-100.30532, 32.49416], [-100.30594, 32.49413], [-100.30676, 32.49407], [-100.30715, 32.49402], [-100.3075, 32.49396], [-100.30841, 32.49379], [-100.30846, 32.49378], [-100.30917, 32.49366], [-100.30973, 32.49355], [-100.30981, 32.49353], [-100.31004, 32.49348], [-100.31012, 32.49347], [-100.31486, 32.49256], [-100.31576, 32.49239], [-100.31673, 32.49221], [-100.32445, 32.49071], [-100.3245, 32.4907], [-100.32456, 32.49069], [-100.32909, 32.48982], [-100.33383, 32.4889], [-100.33392, 32.48888], [-100.33418, 32.48883], [-100.33427, 32.48882], [-100.33486, 32.48871], [-100.33549, 32.48859], [-100.33665, 32.48836], [-100.33724, 32.48825], [-100.3378, 32.48813], [-100.33899, 32.48789], [-100.33946, 32.4878], [-100.34001, 32.4877], [-100.34055, 32.48759], [-100.34154, 32.48739], [-100.34235, 32.48725], [-100.34363, 32.48701], [-100.34403, 32.48692], [-100.34519, 32.48669], [-100.34568, 32.4866], [-100.34854, 32.48605], [-100.34929, 32.4859], [-100.34937, 32.48588], [-100.35007, 32.48576], [-100.35058, 32.48565], [-100.35093, 32.48559], [-100.3513, 32.48554], [-100.3516, 32.48549], [-100.35172, 32.48547], [-100.3523, 32.48534], [-100.35253, 32.4853], [-100.35426, 32.48495], [-100.35495, 32.48482], [-100.35576, 32.48467], [-100.35578, 32.48466], [-100.35596, 32.48463], [-100.35657, 32.48451], [-100.35677, 32.48447], [-100.35733, 32.48436], [-100.35879, 32.48408], [-100.35881, 32.48407], [-100.35902, 32.48404], [-100.35938, 32.48398], [-100.35958, 32.48394], [-100.36042, 32.48378], [-100.36094, 32.48369], [-100.36145, 32.48358], [-100.36197, 32.48344], [-100.36253, 32.48327], [-100.36289, 32.48313], [-100.36313, 32.48303], [-100.36367, 32.4828], [-100.3637, 32.48278], [-100.36386, 32.4827], [-100.36416, 32.48255], [-100.36425, 32.4825], [-100.36441, 32.4824], [-100.36459, 32.48229], [-100.36477, 32.48219], [-100.36485, 32.48214], [-100.36529, 32.48184], [-100.36536, 32.4818], [-100.36545, 32.48172], [-100.36577, 32.48147], [-100.36586, 32.48139], [-100.36658, 32.48072], [-100.36666, 32.48064], [-100.36695, 32.48035], [-100.36697, 32.48034], [-100.36701, 32.48029], [-100.36703, 32.48028], [-100.36875, 32.47861], [-100.37014, 32.47726], [-100.37016, 32.47725], [-100.3724, 32.47509], [-100.37956, 32.46818], [-100.3799, 32.46784], [-100.38001, 32.46774], [-100.38027, 32.46745], [-100.38073, 32.46698], [-100.38128, 32.46638], [-100.38166, 32.46591], [-100.38243, 32.46491], [-100.38246, 32.46485], [-100.38253, 32.46476], [-100.38285, 32.46433], [-100.38296, 32.46418], [-100.38322, 32.46383], [-100.38386, 32.46294], [-100.38444, 32.46213], [-100.38485, 32.4616], [-100.38658, 32.45922], [-100.38677, 32.45897], [-100.38692, 32.45876], [-100.38694, 32.45873], [-100.38736, 32.45806], [-100.38744, 32.45795], [-100.38781, 32.45746], [-100.38823, 32.45689], [-100.3889, 32.45598], [-100.38926, 32.45548], [-100.38932, 32.45539], [-100.38952, 32.45512], [-100.38959, 32.45503], [-100.38966, 32.45493], [-100.38971, 32.45488], [-100.38988, 32.45464], [-100.38995, 32.45454], [-100.39074, 32.45346], [-100.39077, 32.45342], [-100.39096, 32.45319], [-100.39126, 32.45287], [-100.39148, 32.45263], [-100.39178, 32.45237], [-100.39207, 32.45215], [-100.39241, 32.45191], [-100.39271, 32.45171], [-100.39307, 32.45153], [-100.39343, 32.45137], [-100.39381, 32.45123], [-100.39395, 32.45117], [-100.39418, 32.45108], [-100.39496, 32.45088], [-100.39523, 32.45083], [-100.39529, 32.45081], [-100.39547, 32.45078], [-100.39553, 32.45077], [-100.39612, 32.45065], [-100.39789, 32.45031], [-100.39848, 32.4502], [-100.39907, 32.45009], [-100.40083, 32.44976], [-100.40141, 32.44965], [-100.40175, 32.44958], [-100.4038, 32.44917], [-100.40867, 32.44821], [-100.40928, 32.44809], [-100.40977, 32.44801], [-100.41011, 32.44795], [-100.41057, 32.44787], [-100.41085, 32.44781], [-100.41098, 32.4478], [-100.41137, 32.44776], [-100.41178, 32.44771], [-100.41219, 32.44771], [-100.41342, 32.44773], [-100.4136, 32.44774], [-100.41371, 32.44774], [-100.4139, 32.44776], [-100.41426, 32.44778], [-100.4146, 32.44781], [-100.4149, 32.44783], [-100.41495, 32.44783], [-100.41501, 32.44783], [-100.41535, 32.44786], [-100.41546, 32.44787], [-100.41557, 32.44788], [-100.41559, 32.44788], [-100.4159, 32.4479], [-100.41601, 32.4479], [-100.41689, 32.44795], [-100.41694, 32.44795], [-100.41895, 32.44813], [-100.41952, 32.44816], [-100.41956, 32.44816], [-100.42, 32.44821], [-100.42044, 32.44823], [-100.42048, 32.44823], [-100.42202, 32.44835], [-100.42368, 32.44847], [-100.42438, 32.44852], [-100.42677, 32.44869], [-100.42835, 32.4488], [-100.42854, 32.44882], [-100.42912, 32.44886], [-100.42931, 32.44887], [-100.43111, 32.449], [-100.43401, 32.44922], [-100.43618, 32.44938], [-100.4365, 32.4494], [-100.4383, 32.44954], [-100.43907, 32.44959], [-100.4414, 32.44976], [-100.44177, 32.44978], [-100.44217, 32.44982], [-100.44256, 32.44984], [-100.44308, 32.44988], [-100.44534, 32.45005], [-100.44581, 32.4501], [-100.44614, 32.45013], [-100.44672, 32.45023], [-100.44738, 32.45038], [-100.44764, 32.45043], [-100.44883, 32.45067], [-100.45043, 32.45099], [-100.45137, 32.45118], [-100.45316, 32.45154], [-100.45853, 32.45261], [-100.46032, 32.45297], [-100.46081, 32.45307], [-100.46228, 32.45337], [-100.46252, 32.45343], [-100.46277, 32.45347], [-100.46301, 32.45352], [-100.46314, 32.45354], [-100.46367, 32.45361], [-100.46373, 32.45361], [-100.46397, 32.45363], [-100.46419, 32.45366], [-100.46424, 32.45367], [-100.46471, 32.4537], [-100.46487, 32.45371], [-100.46509, 32.45371], [-100.46525, 32.45371], [-100.46545, 32.4537], [-100.46563, 32.4537], [-100.46599, 32.45367], [-100.4665, 32.45361], [-100.46685, 32.45356], [-100.46687, 32.45356], [-100.46693, 32.45354], [-100.46695, 32.45354], [-100.46698, 32.45353], [-100.46773, 32.45339], [-100.46777, 32.45339], [-100.46909, 32.45316], [-100.46988, 32.45301], [-100.47009, 32.45297], [-100.47087, 32.45283], [-100.47156, 32.4527], [-100.47249, 32.45252], [-100.47318, 32.4524], [-100.47397, 32.45225], [-100.47399, 32.45225], [-100.47633, 32.45182], [-100.47746, 32.45163], [-100.47899, 32.45135], [-100.48134, 32.4509], [-100.48209, 32.45076], [-100.48224, 32.45073], [-100.48376, 32.45046], [-100.4861, 32.45003], [-100.48622, 32.45], [-100.48835, 32.44962], [-100.49052, 32.44922], [-100.49229, 32.4489], [-100.493, 32.44879], [-100.49357, 32.44867], [-100.49403, 32.44858], [-100.49486, 32.44842], [-100.495, 32.44839], [-100.49636, 32.44814], [-100.49765, 32.4479], [-100.49892, 32.44766], [-100.49938, 32.44758], [-100.49975, 32.44751], [-100.50137, 32.44723], [-100.50141, 32.44722], [-100.50154, 32.4472], [-100.50159, 32.44719], [-100.50187, 32.44714], [-100.50274, 32.44699], [-100.50302, 32.44694], [-100.50305, 32.44693], [-100.50315, 32.44691], [-100.50318, 32.44691]]}}, {"type": "Feature", "properties": {"name": "US Hwy 84"}, "geometry": {"type": "LineString", "coordinates": [[-100.14694, 32.49464], [-100.14432, 32.49506], [-100.1438, 32.49514], [-100.14313, 32.49522], [-100.14306, 32.49523], [-100.14263, 32.49528], [-100.14242, 32.4953], [-100.14173, 32.49535], [-100.14158, 32.49537], [-100.14101, 32.49542], [-100.14081, 32.49543], [-100.14004, 32.49548], [-100.13907, 32.49552], [-100.13753, 32.49559], [-100.13697, 32.4956], [-100.13447, 32.49569], [-100.132, 32.49578], [-100.12985, 32.49588], [-100.12974, 32.49589], [-100.128, 32.49595], [-100.1274, 32.49597], [-100.12674, 32.49598], [-100.12624, 32.49594], [-100.12537, 32.49587], [-100.12491, 32.49579], [-100.12421, 32.49563], [-100.12363, 32.49548], [-100.123, 32.49526], [-100.12247, 32.49504], [-100.12185, 32.49474], [-100.12117, 32.49434], [-100.12052, 32.49388], [-100.12014, 32.49362], [-100.11987, 32.49342], [-100.11904, 32.49283], [-100.11763, 32.49184], [-100.11702, 32.4914], [-100.11493, 32.48992], [-100.11412, 32.48933], [-100.11386, 32.48914], [-100.11334, 32.48881], [-100.11299, 32.48857], [-100.11237, 32.48825], [-100.11114, 32.48764], [-100.11072, 32.48742], [-100.11065, 32.48739], [-100.11002, 32.48707], [-100.10993, 32.48703], [-100.10925, 32.48669], [-100.1087, 32.48645], [-100.10795, 32.48619], [-100.10759, 32.48607], [-100.10704, 32.48589], [-100.10684, 32.48583], [-100.10542, 32.48557], [-100.10264, 32.48509], [-100.09725, 32.4842], [-100.09631, 32.48404], [-100.09141, 32.48322], [-100.08757, 32.48257], [-100.08604, 32.4823], [-100.07914, 32.48115], [-100.07875, 32.48109], [-100.07295, 32.48009], [-100.07282, 32.48007], [-100.07168, 32.4799], [-100.06628, 32.47895], [-100.06482, 32.4787], [-100.06364, 32.4785], [-100.05881, 32.4777], [-100.0579, 32.47755], [-100.05019, 32.47625], [-100.04141, 32.47477], [-100.0405, 32.47463], [-100.03709, 32.47418], [-100.03679, 32.47414], [-100.0358, 32.474], [-100.0357, 32.47399], [-100.03495, 32.47396], [-100.03461, 32.47396], [-100.03404, 32.47397], [-100.03382, 32.47399], [-100.03148, 32.47425], [-100.03018, 32.47442], [-100.02953, 32.47451], [-100.02908, 32.4746], [-100.02846, 32.47478], [-100.0267, 32.47541], [-100.02309, 32.47669], [-100.02272, 32.47683], [-100.02208, 32.47707], [-100.02113, 32.47735], [-100.02, 32.47758], [-100.01878, 32.47773], [-100.0174, 32.47786], [-100.01615, 32.47799], [-100.01601, 32.478], [-100.01491, 32.47802], [-100.01336, 32.47798], [-100.0114, 32.47769], [-100.01095, 32.47763], [-100.00981, 32.47746], [-100.00751, 32.47717], [-100.00668, 32.47706], [-100.00414, 32.47677], [-100.00342, 32.47668], [-100.00285, 32.47657], [-100.00231, 32.47645], [-100.00156, 32.47623], [-100.00069, 32.47589], [-100.00032, 32.47571], [-99.99995, 32.47554], [-99.99949, 32.47526], [-99.99802, 32.47435], [-99.99486, 32.47236], [-99.99232, 32.47076], [-99.99124, 32.47006], [-99.99084, 32.46983], [-99.98979, 32.46925], [-99.98907, 32.46888], [-99.98693, 32.46814], [-99.98666, 32.46804], [-99.98575, 32.46775], [-99.98551, 32.46767], [-99.98543, 32.46764], [-99.98447, 32.46734], [-99.98344, 32.46712], [-99.98207, 32.46693], [-99.98196, 32.46691], [-99.9806, 32.46671], [-99.98016, 32.46666], [-99.97667, 32.46618], [-99.97144, 32.46548], [-99.96061, 32.46399], [-99.95819, 32.46367], [-99.95762, 32.4636], [-99.95443, 32.46317], [-99.95328, 32.46301], [-99.95025, 32.46258], [-99.94945, 32.46247], [-99.94438, 32.4618], [-99.93862, 32.46101], [-99.93429, 32.46042], [-99.93029, 32.45985], [-99.92748, 32.45947], [-99.92665, 32.45938], [-99.92632, 32.45935], [-99.92573, 32.45931], [-99.9242, 32.45924], [-99.92387, 32.45923], [-99.92128, 32.45916], [-99.92039, 32.45914], [-99.91481, 32.45902], [-99.9123, 32.45897], [-99.90999, 32.45892], [-99.90402, 32.45879], [-99.89415, 32.45856], [-99.88821, 32.45842], [-99.88609, 32.45838], [-99.88548, 32.45841], [-99.88284, 32.45871], [-99.8817, 32.45883], [-99.88149, 32.45885], [-99.88092, 32.45891], [-99.88045, 32.45896], [-99.88007, 32.45901], [-99.87908, 32.45918], [-99.87837, 32.45925], [-99.87727, 32.45937], [-99.87299, 32.45983], [-99.87232, 32.45991], [-99.87021, 32.46011], [-99.86927, 32.46009], [-99.86823, 32.46008], [-99.86512, 32.45999], [-99.86343, 32.45996], [-99.8623, 32.45993], [-99.86114, 32.45991], [-99.85954, 32.45987], [-99.85717, 32.45982], [-99.85685, 32.45981], [-99.85564, 32.4598], [-99.85497, 32.45978], [-99.85485, 32.45977], [-99.85461, 32.45977], [-99.85223, 32.4597], [-99.85088, 32.45968], [-99.84958, 32.45965], [-99.84927, 32.45964]]}}, {"type": "Feature", "properties": {"name": "US Hwy 84"}, "geometry": {"type": "LineString", "coordinates": [[-104.98674, 34.97611], [-104.9704, 34.97528], [-104.94525, 34.97399], [-104.94275, 34.97384], [-104.93838, 34.97364], [-104.93827, 34.97363], [-104.93823, 34.97362], [-104.9375, 34.97358], [-104.93501, 34.97346], [-104.93335, 34.97335], [-104.93275, 34.97332], [-104.93136, 34.97327], [-104.91728, 34.97255], [-104.90435, 34.97189], [-104.89923, 34.97163], [-104.89482, 34.9714], [-104.89347, 34.97132], [-104.89243, 34.97127], [-104.875, 34.97036], [-104.87142, 34.97017], [-104.86956, 34.97008], [-104.86817, 34.97], [-104.86811, 34.97], [-104.8664, 34.96991], [-104.86477, 34.96983], [-104.85992, 34.96956], [-104.85843, 34.9695], [-104.8583, 34.9695], [-104.85787, 34.96948], [-104.85737, 34.96947], [-104.83841, 34.96927], [-104.81297, 34.969], [-104.8125, 34.969], [-104.80847, 34.96896], [-104.79711, 34.96885], [-104.79668, 34.96884], [-104.79479, 34.96884], [-104.79283, 34.96881], [-104.79171, 34.9688], [-104.789, 34.96877], [-104.78833, 34.96876], [-104.78717, 34.96868], [-104.78611, 34.96855], [-104.78564, 34.9685], [-104.7842, 34.96826], [-104.77883, 34.96702], [-104.77818, 34.96691], [-104.77749, 34.96681], [-104.77696, 34.96674], [-104.77642, 34.96668], [-104.77563, 34.96663], [-104.77538, 34.96662], [-104.77402, 34.96659], [-104.76916, 34.96656], [-104.76869, 34.96654], [-104.76762, 34.96647], [-104.76649, 34.96639], [-104.76066, 34.96584], [-104.75299, 34.96511], [-104.75001, 34.96482], [-104.74998, 34.96482], [-104.74757, 34.96459], [-104.74642, 34.96446], [-104.74555, 34.96435], [-104.74508, 34.96427], [-104.74454, 34.96419], [-104.74364, 34.96401], [-104.74257, 34.96379], [-104.7414, 34.96351], [-104.74045, 34.96325], [-104.73969, 34.96303], [-104.73897, 34.96278], [-104.73808, 34.96249], [-104.73801, 34.96246], [-104.73626, 34.96177], [-104.73552, 34.96145], [-104.73466, 34.96104], [-104.73416, 34.96079], [-104.73356, 34.96048], [-104.73299, 34.96017], [-104.73135, 34.95922], [-104.73039, 34.95864], [-104.72969, 34.95824], [-104.72896, 34.95783], [-104.72807, 34.9573], [-104.72735, 34.95689], [-104.72536, 34.95573], [-104.72519, 34.95563], [-104.72421, 34.95507], [-104.72374, 34.95479], [-104.72337, 34.95457], [-104.72233, 34.95398], [-104.72112, 34.95325], [-104.71772, 34.95129], [-104.71757, 34.9512], [-104.71658, 34.95061], [-104.71622, 34.9504], [-104.71581, 34.95017], [-104.7146, 34.94945], [-104.71271, 34.94833], [-104.71191, 34.94786], [-104.71152, 34.94765], [-104.70977, 34.94685]]}}, {"type": "Feature", "properties": {"name": "US Hwy 62"}, "geometry": {"type": "LineString", "coordinates": [[-102.02156, 33.50008], [-102.02094, 33.50012], [-102.01899, 33.50017], [-102.01803, 33.5002], [-102.01765, 33.50022], [-102.01681, 33.50026], [-102.01583, 33.50026], [-102.01513, 33.50029], [-102.01465, 33.50034], [-102.01435, 33.50039], [-102.01349, 33.50053], [-102.01303, 33.50063], [-102.01292, 33.50065], [-102.01277, 33.50069], [-102.01222, 33.50083], [-102.01139, 33.5011], [-102.01082, 33.50131], [-102.01054, 33.50143], [-102.00901, 33.50207], [-102.00898, 33.50209], [-102.00759, 33.50268], [-102.00722, 33.50284], [-102.007, 33.50294], [-102.00656, 33.50315], [-102.00633, 33.50327], [-102.00588, 33.50353], [-102.00565, 33.50367], [-102.00519, 33.50395], [-102.00474, 33.50426], [-102.00452, 33.50442], [-102.0041, 33.50476], [-102.0037, 33.50512], [-102.00361, 33.50521], [-102.00315, 33.50568], [-102.00292, 33.50594], [-102.00271, 33.50619], [-102.00246, 33.50652], [-102.00228, 33.50677], [-102.00199, 33.5072], [-102.00172, 33.50768], [-102.0013, 33.50848], [-102.00117, 33.50877], [-102.00086, 33.50949], [-102.00081, 33.50967], [-102.00065, 33.51001], [-102.00055, 33.51024], [-102.00014, 33.51123], [-101.99963, 33.51239], [-101.99961, 33.51244], [-101.99957, 33.51253], [-101.9994, 33.51293], [-101.99916, 33.51351], [-101.99912, 33.51358], [-101.99903, 33.51378], [-101.99885, 33.51416], [-101.99882, 33.51423], [-101.99852, 33.51479], [-101.99833, 33.5151], [-101.9981, 33.51545], [-101.99775, 33.51596], [-101.9975, 33.51629], [-101.99745, 33.51635], [-101.99701, 33.51686], [-101.99657, 33.51733], [-101.99621, 33.51768], [-101.99607, 33.51781], [-101.99583, 33.51802], [-101.99565, 33.51818], [-101.99529, 33.51846], [-101.99495, 33.51873], [-101.99385, 33.51954], [-101.9936, 33.51972], [-101.99333, 33.51992], [-101.99193, 33.52094], [-101.99191, 33.52095], [-101.99173, 33.52109], [-101.9917, 33.5211], [-101.99146, 33.52125], [-101.98883, 33.52304]]}}, {"type": "Feature", "properties": {"name": "US Hwy 62"}, "geometry": {"type": "LineString", "coordinates": [[-101.90045, 33.57785], [-101.90052, 33.57781], [-101.90081, 33.57763], [-101.90124, 33.57739], [-101.90199, 33.57698], [-101.90316, 33.57629], [-101.90511, 33.57501], [-101.9068, 33.57381], [-101.90826, 33.57277], [-101.91038, 33.57127], [-101.91207, 33.57017], [-101.91315, 33.56945], [-101.91596, 33.56768], [-101.91649, 33.56738], [-101.91926, 33.56584], [-101.92073, 33.56507], [-101.92243, 33.56417], [-101.92297, 33.5639], [-101.92387, 33.56345], [-101.92538, 33.56258], [-101.92595, 33.56225], [-101.92904, 33.5601], [-101.92997, 33.55938], [-101.93109, 33.55851], [-101.93156, 33.55821], [-101.93357, 33.55673], [-101.93375, 33.55659], [-101.93444, 33.55613], [-101.93608, 33.55507], [-101.93679, 33.5546], [-101.93711, 33.5544], [-101.93788, 33.55394], [-101.93829, 33.5537], [-101.9385, 33.55358], [-101.93865, 33.5535], [-101.93882, 33.55341], [-101.93937, 33.55309], [-101.93957, 33.55299], [-101.93974, 33.55288], [-101.9404, 33.55248], [-101.9406, 33.55238], [-101.9416, 33.55194], [-101.94195, 33.5518], [-101.94294, 33.55138], [-101.94491, 33.55043], [-101.94516, 33.55028], [-101.94634, 33.54957], [-101.94825, 33.54828]]}}, {"type": "Feature", "properties": {"name": "US Hwy 62"}, "geometry": {"type": "LineString", "coordinates": [[-101.90511, 33.57522], [-101.90622, 33.57446], [-101.90833, 33.57297], [-101.91056, 33.57147], [-101.91376, 33.56941], [-101.91427, 33.56906], [-101.91596, 33.56799], [-101.91721, 33.56717], [-101.91839, 33.56647], [-101.91937, 33.56597], [-101.92144, 33.56492], [-101.92243, 33.56438], [-101.92401, 33.56359], [-101.92551, 33.56273], [-101.92689, 33.56188], [-101.92818, 33.56101], [-101.93013, 33.55961], [-101.931, 33.55894], [-101.9314, 33.55864], [-101.9336, 33.55703], [-101.93406, 33.55669], [-101.93521, 33.55586], [-101.93704, 33.55475], [-101.93797, 33.55416], [-101.93874, 33.55367], [-101.93891, 33.55358], [-101.93932, 33.55334], [-101.93945, 33.55326], [-101.93964, 33.55315], [-101.93975, 33.55309], [-101.94038, 33.55275], [-101.94047, 33.5527], [-101.94072, 33.55257], [-101.94122, 33.55232], [-101.94168, 33.55214], [-101.94408, 33.55105], [-101.94495, 33.55065], [-101.9458, 33.55015], [-101.94673, 33.54953], [-101.94732, 33.54916], [-101.94836, 33.54852], [-101.9492, 33.54794]]}}, {"type": "Feature", "properties": {"name": "US Hwy 62"}, "geometry": {"type": "LineString", "coordinates": [[-102.02212, 33.50024], [-102.01767, 33.50039], [-102.01436, 33.50056], [-102.0129, 33.50082], [-102.01222, 33.501], [-102.01187, 33.5011], [-102.01158, 33.5012], [-102.01108, 33.50138], [-102.01064, 33.50155], [-102.00971, 33.50194], [-102.00901, 33.50224], [-102.00898, 33.50225], [-102.00737, 33.50295], [-102.00692, 33.50316], [-102.0067, 33.50327], [-102.00627, 33.50349], [-102.00606, 33.50361], [-102.00566, 33.50385], [-102.00557, 33.50392], [-102.00443, 33.50477], [-102.00397, 33.50518], [-102.0039, 33.50524], [-102.00343, 33.50571], [-102.00312, 33.50605], [-102.00287, 33.50634], [-102.00221, 33.50724], [-102.0018, 33.50798], [-102.00151, 33.50857], [-102.00135, 33.50895], [-102.00113, 33.50946], [-102.00078, 33.51032], [-102.00042, 33.51112], [-102.00011, 33.51181], [-101.99981, 33.51253], [-101.99954, 33.51317], [-101.99938, 33.51352], [-101.99916, 33.51401], [-101.99906, 33.51423], [-101.99878, 33.51476], [-101.99856, 33.51512], [-101.99831, 33.5155], [-101.99814, 33.51576], [-101.99787, 33.51615], [-101.99771, 33.51635], [-101.99755, 33.51656], [-101.99745, 33.51667], [-101.99733, 33.5168], [-101.99716, 33.517], [-101.99706, 33.51711], [-101.99697, 33.51721], [-101.99685, 33.51733], [-101.99676, 33.51743], [-101.99665, 33.51753], [-101.99652, 33.51765], [-101.99636, 33.51782], [-101.99625, 33.51792], [-101.99617, 33.51799], [-101.99607, 33.51807], [-101.99582, 33.51829], [-101.9956, 33.51848], [-101.99499, 33.51895], [-101.99415, 33.51956], [-101.99393, 33.51972], [-101.99365, 33.51993], [-101.99193, 33.52119], [-101.99171, 33.52135], [-101.98959, 33.5229]]}}, {"type": "Feature", "properties": {"name": "State Hwy 17"}, "geometry": {"type": "LineString", "coordinates": [[-103.66682, 30.99473], [-103.66974, 30.99528], [-103.67832, 30.99689], [-103.67849, 30.99692], [-103.68141, 30.99747], [-103.68245, 30.99767], [-103.68555, 30.99825], [-103.68658, 30.99845], [-103.68833, 30.99877], [-103.69154, 30.99938], [-103.69355, 30.99976], [-103.69529, 31.00009], [-103.69584, 31.0002], [-103.69754, 31.00049], [-103.69811, 31.00058]]}}, {"type": "Feature", "properties": {"name": "State Hwy 17"}, "geometry": {"type": "LineString", "coordinates": [[-103.66662, 30.99438], [-103.67781, 30.99656], [-103.67837, 30.99667], [-103.68148, 30.99724], [-103.68884, 30.9986], [-103.69222, 30.99924], [-103.69585, 30.99988]]}}, {"type": "Feature", "properties": {"name": "Brownfield Hwy"}, "geometry": {"type": "LineString", "coordinates": [[-102.02156, 33.50008], [-102.02094, 33.50012], [-102.01899, 33.50017], [-102.01803, 33.5002], [-102.01765, 33.50022], [-102.01681, 33.50026], [-102.01583, 33.50026], [-102.01513, 33.50029], [-102.01465, 33.50034], [-102.01435, 33.50039], [-102.01349, 33.50053], [-102.01303, 33.50063], [-102.01292, 33.50065], [-102.01277, 33.50069], [-102.01222, 33.50083], [-102.01139, 33.5011], [-102.01082, 33.50131], [-102.01054, 33.50143], [-102.00901, 33.50207], [-102.00898, 33.50209], [-102.00759, 33.50268], [-102.00722, 33.50284], [-102.007, 33.50294], [-102.00656, 33.50315], [-102.00633, 33.50327], [-102.00588, 33.50353], [-102.00565, 33.50367], [-102.00519, 33.50395], [-102.00474, 33.50426], [-102.00452, 33.50442], [-102.0041, 33.50476], [-102.0037, 33.50512], [-102.00361, 33.50521], [-102.00315, 33.50568], [-102.00292, 33.50594], [-102.00271, 33.50619], [-102.00246, 33.50652], [-102.00228, 33.50677], [-102.00199, 33.5072], [-102.00172, 33.50768], [-102.0013, 33.50848], [-102.00117, 33.50877], [-102.00086, 33.50949], [-102.00081, 33.50967], [-102.00065, 33.51001], [-102.00055, 33.51024], [-102.00014, 33.51123], [-101.99963, 33.51239], [-101.99961, 33.51244], [-101.99957, 33.51253], [-101.9994, 33.51293], [-101.99916, 33.51351], [-101.99912, 33.51358], [-101.99903, 33.51378], [-101.99885, 33.51416], [-101.99882, 33.51423], [-101.99852, 33.51479], [-101.99833, 33.5151], [-101.9981, 33.51545], [-101.99775, 33.51596], [-101.9975, 33.51629], [-101.99745, 33.51635], [-101.99701, 33.51686], [-101.99657, 33.51733], [-101.99621, 33.51768], [-101.99607, 33.51781], [-101.99583, 33.51802], [-101.99565, 33.51818], [-101.99529, 33.51846], [-101.99495, 33.51873], [-101.99385, 33.51954], [-101.9936, 33.51972], [-101.99333, 33.51992], [-101.99193, 33.52094], [-101.99191, 33.52095], [-101.99173, 33.52109], [-101.9917, 33.5211], [-101.99146, 33.52125], [-101.98883, 33.52304]]}}, {"type": "Feature", "properties": {"name": "Brownfield Hwy"}, "geometry": {"type": "LineString", "coordinates": [[-101.93882, 33.55341], [-101.93937, 33.55309], [-101.93957, 33.55299], [-101.93974, 33.55288], [-101.9404, 33.55248], [-101.9406, 33.55238], [-101.9416, 33.55194], [-101.94195, 33.5518], [-101.94294, 33.55138], [-101.94491, 33.55043], [-101.94516, 33.55028], [-101.94634, 33.54957], [-101.94825, 33.54828]]}}, {"type": "Feature", "properties": {"name": "Brownfield Hwy"}, "geometry": {"type": "LineString", "coordinates": [[-101.93891, 33.55358], [-101.93932, 33.55334], [-101.93945, 33.55326], [-101.93964, 33.55315], [-101.93975, 33.55309], [-101.94038, 33.55275], [-101.94047, 33.5527], [-101.94072, 33.55257], [-101.94122, 33.55232], [-101.94168, 33.55214], [-101.94408, 33.55105], [-101.94495, 33.55065], [-101.9458, 33.55015], [-101.94673, 33.54953], [-101.94732, 33.54916], [-101.94836, 33.54852], [-101.9492, 33.54794]]}}, {"type": "Feature", "properties": {"name": "Brownfield Hwy"}, "geometry": {"type": "LineString", "coordinates": [[-102.02212, 33.50024], [-102.01767, 33.50039], [-102.01436, 33.50056], [-102.0129, 33.50082], [-102.01222, 33.501], [-102.01187, 33.5011], [-102.01158, 33.5012], [-102.01108, 33.50138], [-102.01064, 33.50155], [-102.00971, 33.50194], [-102.00901, 33.50224], [-102.00898, 33.50225], [-102.00737, 33.50295], [-102.00692, 33.50316], [-102.0067, 33.50327], [-102.00627, 33.50349], [-102.00606, 33.50361], [-102.00566, 33.50385], [-102.00557, 33.50392], [-102.00443, 33.50477], [-102.00397, 33.50518], [-102.0039, 33.50524], [-102.00343, 33.50571], [-102.00312, 33.50605], [-102.00287, 33.50634], [-102.00221, 33.50724], [-102.0018, 33.50798], [-102.00151, 33.50857], [-102.00135, 33.50895], [-102.00113, 33.50946], [-102.00078, 33.51032], [-102.00042, 33.51112], [-102.00011, 33.51181], [-101.99981, 33.51253], [-101.99954, 33.51317], [-101.99938, 33.51352], [-101.99916, 33.51401], [-101.99906, 33.51423], [-101.99878, 33.51476], [-101.99856, 33.51512], [-101.99831, 33.5155], [-101.99814, 33.51576], [-101.99787, 33.51615], [-101.99771, 33.51635], [-101.99755, 33.51656], [-101.99745, 33.51667], [-101.99733, 33.5168], [-101.99716, 33.517], [-101.99706, 33.51711], [-101.99697, 33.51721], [-101.99685, 33.51733], [-101.99676, 33.51743], [-101.99665, 33.51753], [-101.99652, 33.51765], [-101.99636, 33.51782], [-101.99625, 33.51792], [-101.99617, 33.51799], [-101.99607, 33.51807], [-101.99582, 33.51829], [-101.9956, 33.51848], [-101.99499, 33.51895], [-101.99415, 33.51956], [-101.99393, 33.51972], [-101.99365, 33.51993], [-101.99193, 33.52119], [-101.99171, 33.52135], [-101.98959, 33.5229]]}}, {"type": "Feature", "properties": {"name": "Brownfield Hwy"}, "geometry": {"type": "LineString", "coordinates": [[-101.91038, 33.57127], [-101.91207, 33.57017], [-101.91315, 33.56945], [-101.91596, 33.56768], [-101.91649, 33.56738], [-101.91926, 33.56584], [-101.92073, 33.56507], [-101.92243, 33.56417]]}}, {"type": "Feature", "properties": {"name": "E Houston Harte Expy"}, "geometry": {"type": "LineString", "coordinates": [[-100.38355, 31.4845], [-100.38389, 31.48398], [-100.38464, 31.48302], [-100.38502, 31.48252], [-100.38512, 31.4824], [-100.3853, 31.48218], [-100.38595, 31.48147], [-100.38671, 31.48079], [-100.38694, 31.4806], [-100.38725, 31.48036], [-100.38773, 31.48003], [-100.38798, 31.47985], [-100.38814, 31.47975], [-100.39004, 31.4788], [-100.39326, 31.47797], [-100.39496, 31.4776], [-100.39726, 31.4771], [-100.39793, 31.47696], [-100.39817, 31.47691], [-100.39835, 31.47687], [-100.39901, 31.47674], [-100.40172, 31.47615], [-100.40278, 31.47599], [-100.40324, 31.47593], [-100.40412, 31.47583], [-100.40462, 31.4758], [-100.40591, 31.4758], [-100.40595, 31.4758], [-100.40612, 31.47581], [-100.40734, 31.47579], [-100.40774, 31.47579], [-100.40959, 31.4758], [-100.40964, 31.4758], [-100.41143, 31.4758], [-100.41145, 31.4758], [-100.41332, 31.47578], [-100.41466, 31.4758], [-100.41605, 31.47578], [-100.41742, 31.47581], [-100.4178, 31.47581], [-100.41843, 31.47581], [-100.41874, 31.47582], [-100.41891, 31.47582], [-100.41893, 31.47582], [-100.41909, 31.47582], [-100.41948, 31.47581], [-100.42127, 31.4758], [-100.42424, 31.47579], [-100.42463, 31.47578], [-100.42507, 31.47578], [-100.42571, 31.47581], [-100.42669, 31.47576], [-100.4271, 31.47574], [-100.42712, 31.47574], [-100.42751, 31.47575], [-100.42832, 31.4757], [-100.42855, 31.47567], [-100.42956, 31.47547], [-100.43041, 31.4752], [-100.43216, 31.47439], [-100.43223, 31.47436], [-100.43309, 31.47394], [-100.43695, 31.47202], [-100.43768, 31.47173], [-100.43821, 31.47148], [-100.43845, 31.47137], [-100.4386, 31.4713], [-100.43872, 31.47124], [-100.43908, 31.47107], [-100.43969, 31.47076], [-100.44029, 31.47046], [-100.44136, 31.46993], [-100.44154, 31.46984]]}}, {"type": "Feature", "properties": {"name": "E Houston Harte Expy"}, "geometry": {"type": "LineString", "coordinates": [[-100.44139, 31.4696], [-100.44129, 31.46965], [-100.44118, 31.4697], [-100.44102, 31.46978], [-100.4408, 31.46989], [-100.44028, 31.47014], [-100.43903, 31.47075], [-100.43866, 31.47092], [-100.43855, 31.47098], [-100.43849, 31.47101], [-100.43843, 31.47104], [-100.43836, 31.47107], [-100.43828, 31.47111], [-100.43819, 31.47115], [-100.4375, 31.47151], [-100.43737, 31.47157], [-100.43415, 31.47313], [-100.43308, 31.47365], [-100.4329, 31.47375], [-100.43237, 31.47403], [-100.43236, 31.47404], [-100.4322, 31.47412], [-100.43214, 31.47415], [-100.43185, 31.47428], [-100.43097, 31.47467], [-100.4304, 31.47493], [-100.42955, 31.47519], [-100.42904, 31.47532], [-100.42852, 31.47544], [-100.42776, 31.47554], [-100.42733, 31.47556], [-100.42709, 31.47556], [-100.42705, 31.47556], [-100.42636, 31.47556], [-100.4257, 31.47551], [-100.42564, 31.47551], [-100.42548, 31.47551], [-100.42542, 31.47552], [-100.42533, 31.47552], [-100.42506, 31.47552], [-100.42496, 31.47552], [-100.42426, 31.47552], [-100.42422, 31.47552], [-100.42316, 31.47554], [-100.42201, 31.47554], [-100.42127, 31.47553], [-100.42088, 31.47553], [-100.41997, 31.47553], [-100.41971, 31.47553], [-100.41932, 31.47553], [-100.41925, 31.47553], [-100.41904, 31.47552], [-100.41898, 31.47552], [-100.41894, 31.47551], [-100.41888, 31.47551], [-100.41883, 31.47551], [-100.41879, 31.47551], [-100.4187, 31.4755], [-100.41842, 31.4755], [-100.41832, 31.4755], [-100.4179, 31.4755], [-100.41748, 31.47549], [-100.4174, 31.47549], [-100.41733, 31.47549], [-100.41604, 31.4755], [-100.41466, 31.47547], [-100.41434, 31.47548], [-100.41334, 31.4755], [-100.41297, 31.4755], [-100.41187, 31.47551], [-100.4115, 31.47551], [-100.41143, 31.47551], [-100.41112, 31.47551], [-100.40998, 31.47551], [-100.40964, 31.47551], [-100.4096, 31.47551], [-100.40911, 31.47551], [-100.40811, 31.47552], [-100.40767, 31.47551], [-100.40719, 31.4755], [-100.40714, 31.4755], [-100.40702, 31.4755], [-100.40697, 31.4755], [-100.40682, 31.47549], [-100.40677, 31.47549], [-100.40638, 31.47549], [-100.40623, 31.47549], [-100.40617, 31.47549], [-100.40598, 31.47549], [-100.40592, 31.47549], [-100.40441, 31.47552], [-100.40433, 31.47553], [-100.40373, 31.47558], [-100.40296, 31.47567], [-100.40263, 31.47572], [-100.40145, 31.47594], [-100.39996, 31.47625], [-100.39964, 31.47632], [-100.39826, 31.4766], [-100.39817, 31.47662], [-100.39808, 31.47663], [-100.39798, 31.47666], [-100.39789, 31.47668], [-100.39745, 31.47677], [-100.39557, 31.47717], [-100.39556, 31.47717], [-100.39493, 31.47731], [-100.39472, 31.47736], [-100.39432, 31.47745], [-100.39412, 31.47749], [-100.39391, 31.47753], [-100.39329, 31.47764], [-100.39309, 31.47769], [-100.39243, 31.47782], [-100.3913, 31.4781], [-100.39083, 31.47824], [-100.39066, 31.47829], [-100.38996, 31.47854], [-100.38988, 31.47857], [-100.3898, 31.47859], [-100.38959, 31.47868], [-100.38952, 31.47872], [-100.3894, 31.47879], [-100.38902, 31.47898], [-100.38847, 31.47927], [-100.38813, 31.47946], [-100.38784, 31.47962], [-100.38715, 31.4801], [-100.38658, 31.48053], [-100.38623, 31.48084], [-100.38598, 31.4811], [-100.38574, 31.48132], [-100.38544, 31.48164], [-100.38515, 31.48199], [-100.38483, 31.48241]]}}, {"type": "Feature", "properties": {"name": "I- 27"}, "geometry": {"type": "LineString", "coordinates": [[-101.8409, 33.82729], [-101.84091, 33.82857], [-101.84089, 33.8314], [-101.84088, 33.83184], [-101.84087, 33.83552], [-101.84089, 33.83567], [-101.8409, 33.83734], [-101.84095, 33.83788], [-101.84101, 33.83814], [-101.84113, 33.83852], [-101.84137, 33.83897], [-101.84146, 33.83912], [-101.84157, 33.8393], [-101.84175, 33.83953], [-101.84198, 33.8398], [-101.84229, 33.84009], [-101.84269, 33.84043], [-101.84278, 33.84051], [-101.84593, 33.84332], [-101.84658, 33.84389], [-101.84682, 33.84406], [-101.84781, 33.84488], [-101.84977, 33.84658], [-101.85065, 33.84734], [-101.85076, 33.84744], [-101.85098, 33.84766], [-101.85126, 33.84797], [-101.85165, 33.84848], [-101.85206, 33.84905], [-101.85233, 33.84945], [-101.85259, 33.84992], [-101.85288, 33.85054], [-101.85306, 33.85096], [-101.8533, 33.8517], [-101.85353, 33.85276], [-101.85359, 33.85327], [-101.85361, 33.85379], [-101.85363, 33.85521], [-101.85361, 33.85693], [-101.85359, 33.86776], [-101.85357, 33.86794], [-101.85362, 33.87064], [-101.85365, 33.87184], [-101.85363, 33.87465], [-101.85363, 33.87503], [-101.85363, 33.87631], [-101.85364, 33.87699], [-101.85365, 33.87772], [-101.85368, 33.88016], [-101.85367, 33.88316], [-101.85367, 33.88393], [-101.8537, 33.88809], [-101.8537, 33.89251], [-101.85372, 33.89709], [-101.85373, 33.90488], [-101.8537, 33.91256], [-101.85365, 33.91607], [-101.85362, 33.91634], [-101.85358, 33.91685], [-101.85361, 33.91982], [-101.85364, 33.92351], [-101.85365, 33.9267], [-101.85362, 33.93009], [-101.85362, 33.9307], [-101.85361, 33.93153], [-101.85359, 33.93393], [-101.85359, 33.93422], [-101.8536, 33.93708], [-101.8536, 33.9375], [-101.8536, 33.93808], [-101.8536, 33.93818], [-101.85363, 33.94255], [-101.85368, 33.95404], [-101.85371, 33.95853], [-101.85371, 33.96331], [-101.85371, 33.97182], [-101.85368, 33.97364], [-101.85373, 33.97374], [-101.8537, 33.97787], [-101.85374, 33.98192], [-101.85368, 33.98192], [-101.85378, 33.98714], [-101.85374, 33.99238], [-101.85374, 33.99255], [-101.85374, 33.99283], [-101.85375, 33.99513], [-101.85376, 33.99616], [-101.85371, 33.99653], [-101.85369, 34.00679], [-101.85369, 34.0077], [-101.85368, 34.01131], [-101.85368, 34.01546], [-101.85367, 34.02109], [-101.85366, 34.02626], [-101.85366, 34.02854], [-101.85366, 34.03587], [-101.85366, 34.03762], [-101.85363, 34.04013], [-101.85365, 34.04017], [-101.85362, 34.04216], [-101.85362, 34.04379], [-101.85362, 34.04486], [-101.85332, 34.04675], [-101.85319, 34.0472], [-101.85299, 34.04776], [-101.85282, 34.04815], [-101.85252, 34.04876], [-101.85222, 34.04928], [-101.85185, 34.04984], [-101.85154, 34.05025], [-101.85122, 34.05063], [-101.85108, 34.0508], [-101.85086, 34.05101], [-101.85056, 34.05132], [-101.85022, 34.05163], [-101.84986, 34.05192], [-101.84859, 34.053], [-101.8485, 34.05308], [-101.84796, 34.05356], [-101.84749, 34.05398], [-101.84712, 34.05434], [-101.84658, 34.05486], [-101.84599, 34.05541], [-101.8459, 34.05549], [-101.84585, 34.05553], [-101.84507, 34.05631], [-101.84478, 34.05664], [-101.84454, 34.05697], [-101.84432, 34.05731], [-101.84422, 34.0575], [-101.84414, 34.05765], [-101.84395, 34.05809], [-101.84385, 34.05841], [-101.84369, 34.05927], [-101.84368, 34.06018], [-101.84365, 34.06182], [-101.84365, 34.06435], [-101.84365, 34.0668], [-101.84361, 34.06741], [-101.84357, 34.06758], [-101.84351, 34.06798], [-101.8435, 34.06809], [-101.84343, 34.06842], [-101.84328, 34.06886], [-101.84304, 34.06936], [-101.84278, 34.06977], [-101.84231, 34.07046], [-101.84194, 34.07087], [-101.84153, 34.0713], [-101.84075, 34.07189], [-101.84007, 34.07238], [-101.83951, 34.07278], [-101.83819, 34.07369], [-101.83602, 34.07531], [-101.83596, 34.07535], [-101.83519, 34.0759], [-101.83449, 34.07639], [-101.83391, 34.07675], [-101.83342, 34.07704], [-101.83205, 34.07778], [-101.829, 34.07939], [-101.81847, 34.08498], [-101.81314, 34.08784], [-101.80771, 34.09068], [-101.80456, 34.09233], [-101.80439, 34.09249], [-101.80104, 34.0943], [-101.79928, 34.09519], [-101.79921, 34.09519], [-101.79793, 34.09587], [-101.7937, 34.0981], [-101.79092, 34.09957], [-101.78735, 34.10154], [-101.78434, 34.10313], [-101.78285, 34.10392], [-101.78228, 34.10429], [-101.78163, 34.10474], [-101.7791, 34.10666], [-101.77662, 34.10853], [-101.77311, 34.11121], [-101.76999, 34.11357], [-101.76892, 34.11438], [-101.76599, 34.11659], [-101.76549, 34.11697], [-101.76286, 34.11896], [-101.76269, 34.11908], [-101.76101, 34.12038], [-101.75828, 34.12247], [-101.75777, 34.12286], [-101.75713, 34.12334], [-101.7563, 34.12398], [-101.75404, 34.12568], [-101.75313, 34.12637], [-101.75235, 34.12694], [-101.75162, 34.12753], [-101.75118, 34.12792], [-101.75034, 34.12882], [-101.75001, 34.12924], [-101.74972, 34.12965], [-101.74968, 34.12972], [-101.7495, 34.13], [-101.74936, 34.13023], [-101.74914, 34.13064], [-101.74904, 34.13086], [-101.74899, 34.13097], [-101.74891, 34.13116], [-101.74875, 34.1315], [-101.74869, 34.13164], [-101.74852, 34.13212], [-101.7484, 34.13252], [-101.74827, 34.13304], [-101.74825, 34.13318], [-101.74817, 34.13371], [-101.74813, 34.13395], [-101.74811, 34.13407], [-101.74809, 34.13468], [-101.74809, 34.1347], [-101.74809, 34.13492], [-101.74811, 34.13647], [-101.74808, 34.13657], [-101.74808, 34.13696], [-101.74808, 34.13733], [-101.74813, 34.1396], [-101.7482, 34.14249], [-101.74829, 34.1455], [-101.74833, 34.14838], [-101.7484, 34.15137], [-101.74842, 34.15184], [-101.74854, 34.15432], [-101.74866, 34.15729], [-101.74881, 34.16026], [-101.74883, 34.1606], [-101.74885, 34.16096], [-101.74886, 34.16114], [-101.74901, 34.16271], [-101.74929, 34.16565], [-101.74937, 34.16633], [-101.74958, 34.16808], [-101.74973, 34.16899], [-101.75014, 34.17169], [-101.75045, 34.17408], [-101.7505, 34.17549], [-101.7505, 34.17592], [-101.75049, 34.17649], [-101.75043, 34.17697], [-101.75036, 34.17757], [-101.75027, 34.17848], [-101.75019, 34.17927], [-101.75017, 34.17948], [-101.74999, 34.18161], [-101.74996, 34.18194], [-101.74991, 34.18223], [-101.74989, 34.18236], [-101.74981, 34.18289], [-101.7498, 34.18447], [-101.74977, 34.1857], [-101.74977, 34.18744], [-101.74977, 34.1876], [-101.74978, 34.18772], [-101.74983, 34.18989], [-101.74982, 34.19199], [-101.74985, 34.19242], [-101.7499, 34.19359], [-101.74991, 34.19394], [-101.7499, 34.19462], [-101.74986, 34.19506], [-101.74981, 34.19544], [-101.74968, 34.19594], [-101.74956, 34.1963], [-101.7494, 34.19669], [-101.74925, 34.19704], [-101.74906, 34.19741], [-101.74887, 34.19773], [-101.74866, 34.19805], [-101.74843, 34.19838], [-101.74798, 34.19888], [-101.74682, 34.19999], [-101.7447, 34.20182], [-101.74202, 34.20412], [-101.74183, 34.20428], [-101.74132, 34.20476], [-101.7396, 34.20637], [-101.73922, 34.20673], [-101.73752, 34.20832], [-101.73546, 34.21022], [-101.73536, 34.21032], [-101.73532, 34.21036], [-101.73526, 34.21042], [-101.73394, 34.21164], [-101.73283, 34.21267], [-101.73187, 34.21347], [-101.73155, 34.21374], [-101.73077, 34.21439], [-101.72807, 34.21674], [-101.72802, 34.21677], [-101.72563, 34.21885], [-101.72511, 34.2193], [-101.72482, 34.21955], [-101.72436, 34.21995], [-101.72386, 34.22036], [-101.72368, 34.22051], [-101.72358, 34.2206], [-101.72349, 34.22067], [-101.72301, 34.22106], [-101.72247, 34.22154], [-101.72116, 34.22272], [-101.71796, 34.22549], [-101.71669, 34.22657], [-101.71473, 34.22824], [-101.71458, 34.22837], [-101.71188, 34.23076], [-101.71181, 34.23081], [-101.71176, 34.23086], [-101.71169, 34.23092], [-101.71164, 34.23097], [-101.71152, 34.23107], [-101.71105, 34.23155], [-101.71078, 34.23186], [-101.71032, 34.23238], [-101.71028, 34.23242], [-101.71003, 34.23279], [-101.70974, 34.23327], [-101.7097, 34.23334], [-101.70936, 34.23395], [-101.70904, 34.23465], [-101.70874, 34.23554], [-101.70864, 34.23578], [-101.70852, 34.23631], [-101.70845, 34.23663], [-101.70844, 34.23701], [-101.7084, 34.23753], [-101.70839, 34.23776], [-101.70839, 34.23792], [-101.70842, 34.23904], [-101.70853, 34.24472], [-101.70868, 34.24832], [-101.70876, 34.25135], [-101.70871, 34.2522], [-101.70877, 34.25361], [-101.70877, 34.25475], [-101.70883, 34.25698], [-101.70886, 34.25809], [-101.70892, 34.25861], [-101.709, 34.259], [-101.70906, 34.25917], [-101.70922, 34.25975], [-101.70935, 34.26008], [-101.7098, 34.26115], [-101.71026, 34.2622], [-101.71071, 34.26326], [-101.71205, 34.26642], [-101.71251, 34.26748], [-101.71296, 34.26854], [-101.71387, 34.27067], [-101.71478, 34.2728], [-101.71522, 34.2739], [-101.71539, 34.27428], [-101.71552, 34.27446], [-101.71682, 34.2776], [-101.7174, 34.27898], [-101.71747, 34.27911], [-101.71779, 34.27988], [-101.71821, 34.28084], [-101.71848, 34.28151], [-101.71861, 34.28182], [-101.71872, 34.28213], [-101.71891, 34.2825], [-101.72306, 34.29218], [-101.72706, 34.30165], [-101.72768, 34.30309], [-101.73187, 34.31284]]}}, {"type": "Feature", "properties": {"name": "I- 27"}, "geometry": {"type": "LineString", "coordinates": [[-101.84779, 34.74813], [-101.84779, 34.74895], [-101.84777, 34.7556], [-101.84777, 34.75588], [-101.84776, 34.75988], [-101.84778, 34.76095], [-101.84779, 34.76173], [-101.84787, 34.76254], [-101.84793, 34.76304], [-101.84796, 34.76331], [-101.84798, 34.76352], [-101.84852, 34.7669], [-101.84866, 34.76792], [-101.84874, 34.76879], [-101.8488, 34.76968], [-101.84885, 34.77152], [-101.84884, 34.77177], [-101.84882, 34.77672], [-101.84883, 34.7775], [-101.84883, 34.77761], [-101.84883, 34.77825], [-101.84883, 34.77864], [-101.84884, 34.77899], [-101.84882, 34.77965], [-101.84882, 34.78492], [-101.84882, 34.79279], [-101.84882, 34.80016], [-101.84882, 34.80291], [-101.84882, 34.80661], [-101.84882, 34.80743], [-101.84881, 34.80821], [-101.84881, 34.80853], [-101.84882, 34.81179], [-101.84881, 34.81526], [-101.84881, 34.81639], [-101.84882, 34.82099], [-101.84882, 34.82237], [-101.84882, 34.8254], [-101.84882, 34.82864], [-101.84882, 34.83145], [-101.84882, 34.83389], [-101.84882, 34.83713], [-101.84882, 34.83787], [-101.84881, 34.83845], [-101.8488, 34.84314], [-101.84881, 34.84503], [-101.84881, 34.84758], [-101.84881, 34.84802], [-101.84881, 34.84818], [-101.84881, 34.84917], [-101.84881, 34.85043], [-101.84888, 34.85141], [-101.84895, 34.8523], [-101.849, 34.85312], [-101.84902, 34.85345], [-101.84905, 34.85382], [-101.84906, 34.8549], [-101.84906, 34.85577], [-101.84905, 34.85683], [-101.84905, 34.8573], [-101.84899, 34.86371], [-101.84897, 34.86526], [-101.84894, 34.86757], [-101.84891, 34.87008], [-101.84889, 34.87234], [-101.84886, 34.87518], [-101.84883, 34.87638], [-101.84882, 34.8769], [-101.8488, 34.87984], [-101.84879, 34.88143], [-101.84878, 34.88219], [-101.84877, 34.88276], [-101.84877, 34.88303], [-101.84877, 34.88316], [-101.84877, 34.8835], [-101.84874, 34.88445], [-101.84872, 34.88749], [-101.84871, 34.89026], [-101.8487, 34.89341], [-101.8487, 34.89939], [-101.84868, 34.90231], [-101.84868, 34.90513], [-101.84866, 34.91108], [-101.84865, 34.91392], [-101.84866, 34.91673], [-101.84865, 34.91953], [-101.84865, 34.92259], [-101.84863, 34.9249], [-101.84864, 34.92636], [-101.84864, 34.9275], [-101.84863, 34.93157], [-101.84863, 34.93318], [-101.84865, 34.93556], [-101.8487, 34.93912], [-101.8487, 34.93987], [-101.84871, 34.9403], [-101.84873, 34.94068], [-101.84876, 34.94094], [-101.8488, 34.94133], [-101.8488, 34.94137], [-101.84885, 34.94173], [-101.84893, 34.94226], [-101.84906, 34.94287], [-101.84926, 34.94354], [-101.8496, 34.94457], [-101.84999, 34.94544], [-101.85033, 34.94612], [-101.85039, 34.94624], [-101.85063, 34.94667], [-101.85103, 34.94733], [-101.85156, 34.94806], [-101.85202, 34.94864], [-101.85254, 34.94922], [-101.85537, 34.95215], [-101.86089, 34.95784], [-101.86354, 34.96058], [-101.86637, 34.96349], [-101.86896, 34.96617], [-101.87025, 34.9675], [-101.87171, 34.96901], [-101.87192, 34.96922], [-101.87222, 34.96952], [-101.87295, 34.97036], [-101.87427, 34.97196], [-101.87533, 34.97324], [-101.87603, 34.97409], [-101.87613, 34.9742], [-101.87638, 34.97452], [-101.87711, 34.97542], [-101.87966, 34.97858], [-101.8805, 34.9796], [-101.8816, 34.98093], [-101.88268, 34.9822], [-101.8834, 34.98312], [-101.88401, 34.98385], [-101.88469, 34.98467], [-101.88477, 34.98476], [-101.88598, 34.98622], [-101.88649, 34.98684], [-101.88822, 34.98894], [-101.88993, 34.99108], [-101.89092, 34.99226], [-101.8919, 34.99346], [-101.89238, 34.99408], [-101.89289, 34.99467], [-101.8934, 34.99528], [-101.89378, 34.99576], [-101.89397, 34.996], [-101.89443, 34.99649], [-101.89524, 34.99741], [-101.89608, 34.99829], [-101.8972, 34.99943], [-101.8973, 34.99954], [-101.89788, 35.00017], [-101.898, 35.0003], [-101.90039, 35.00283], [-101.90118, 35.00365], [-101.90207, 35.00458], [-101.90457, 35.00716], [-101.90897, 35.01179], [-101.90994, 35.0128], [-101.91112, 35.01404], [-101.9133, 35.01631], [-101.91463, 35.01766], [-101.91543, 35.01847], [-101.91597, 35.01905], [-101.91714, 35.0203], [-101.91759, 35.02084], [-101.9178, 35.02115], [-101.91791, 35.02131], [-101.91817, 35.02172], [-101.91844, 35.02226], [-101.91867, 35.02284], [-101.91881, 35.02334], [-101.91886, 35.02348], [-101.91898, 35.02405], [-101.91909, 35.02512], [-101.91923, 35.02668], [-101.91929, 35.02722], [-101.91937, 35.02826], [-101.91937, 35.02895], [-101.91934, 35.03117], [-101.91931, 35.03761], [-101.91932, 35.04023], [-101.91932, 35.04173], [-101.91931, 35.04326], [-101.91931, 35.04677], [-101.9193, 35.04963], [-101.91929, 35.05414], [-101.91929, 35.05476], [-101.91929, 35.05582], [-101.91927, 35.05781], [-101.91926, 35.05846], [-101.91926, 35.06149], [-101.91926, 35.06517], [-101.91925, 35.06585], [-101.91925, 35.06878], [-101.91924, 35.07075], [-101.91924, 35.07087], [-101.91924, 35.07131], [-101.91922, 35.07222], [-101.91922, 35.07225], [-101.91922, 35.07229], [-101.91921, 35.07237], [-101.9192, 35.07248], [-101.91918, 35.07268], [-101.91897, 35.0737], [-101.91884, 35.0743], [-101.91848, 35.07599], [-101.91846, 35.07607], [-101.91808, 35.07793], [-101.91796, 35.07849], [-101.91764, 35.08], [-101.9175, 35.08067], [-101.91585, 35.08852], [-101.91544, 35.09038], [-101.91496, 35.09276], [-101.91442, 35.09525], [-101.91395, 35.09751], [-101.91299, 35.10203], [-101.91255, 35.10411], [-101.9125, 35.10435], [-101.91229, 35.10533], [-101.91175, 35.10793], [-101.9112, 35.11053], [-101.91092, 35.11184], [-101.91067, 35.113], [-101.9104, 35.11436], [-101.91029, 35.11476], [-101.91021, 35.115], [-101.91006, 35.11551], [-101.90971, 35.11651], [-101.90961, 35.11678], [-101.90951, 35.11704], [-101.90905, 35.11804], [-101.9086, 35.1189], [-101.90831, 35.11941], [-101.90767, 35.1204], [-101.90732, 35.12096], [-101.90646, 35.12235], [-101.9053, 35.12418], [-101.90471, 35.12517], [-101.90401, 35.12628], [-101.90317, 35.12759], [-101.90264, 35.12825], [-101.90208, 35.12892], [-101.90183, 35.12921], [-101.90148, 35.12961], [-101.90023, 35.13109], [-101.89951, 35.13192], [-101.89941, 35.13204], [-101.89854, 35.13306], [-101.89818, 35.13348], [-101.89742, 35.13436], [-101.89701, 35.13483], [-101.89589, 35.13612], [-101.89456, 35.13768], [-101.89363, 35.13876], [-101.88951, 35.14348], [-101.88891, 35.14417], [-101.88744, 35.14588], [-101.88708, 35.14632], [-101.88694, 35.14648], [-101.88687, 35.14656], [-101.88684, 35.1466], [-101.88406, 35.14979], [-101.88391, 35.14996], [-101.88387, 35.15], [-101.88383, 35.15005], [-101.88364, 35.15028], [-101.88228, 35.1519], [-101.88199, 35.15225], [-101.88088, 35.15354], [-101.88035, 35.15416], [-101.88007, 35.15449], [-101.87886, 35.15588], [-101.87736, 35.15763], [-101.87691, 35.15816], [-101.87633, 35.15883], [-101.87622, 35.15897], [-101.87533, 35.16001], [-101.87449, 35.16094], [-101.87397, 35.16154], [-101.87209, 35.16374], [-101.87202, 35.16381], [-101.87195, 35.1639], [-101.87131, 35.16465], [-101.86958, 35.16661], [-101.86848, 35.16788], [-101.86809, 35.16833], [-101.86757, 35.16888], [-101.86707, 35.16936], [-101.8664, 35.16993], [-101.86636, 35.16996], [-101.86625, 35.17004], [-101.86614, 35.17013], [-101.86611, 35.17016], [-101.86606, 35.17019], [-101.86595, 35.17027], [-101.86556, 35.17056], [-101.86475, 35.1711], [-101.86369, 35.17172], [-101.86319, 35.17199], [-101.86308, 35.17204], [-101.86164, 35.17271], [-101.86156, 35.17275], [-101.86122, 35.17291], [-101.86101, 35.173], [-101.86059, 35.1732], [-101.86048, 35.17325], [-101.86021, 35.17338], [-101.85862, 35.1741], [-101.85735, 35.17469], [-101.85658, 35.17505], [-101.85528, 35.17567], [-101.85512, 35.17574], [-101.85494, 35.17583], [-101.85442, 35.17608], [-101.85397, 35.17626], [-101.85347, 35.17643], [-101.85328, 35.17648], [-101.85302, 35.17654], [-101.85252, 35.17664], [-101.85179, 35.17672], [-101.85161, 35.17672], [-101.85128, 35.17671], [-101.84863, 35.17674], [-101.84846, 35.17674], [-101.84833, 35.17674], [-101.84725, 35.17674], [-101.84628, 35.17674], [-101.84535, 35.17672], [-101.84466, 35.17676], [-101.84457, 35.17677], [-101.84417, 35.17681], [-101.8435, 35.17701], [-101.84336, 35.17705], [-101.84304, 35.17717], [-101.84242, 35.1775], [-101.84222, 35.17765], [-101.84187, 35.17792], [-101.8417, 35.17806], [-101.8415, 35.17824], [-101.84139, 35.1784], [-101.84053, 35.17959], [-101.83948, 35.18108], [-101.83938, 35.18121], [-101.83934, 35.18127], [-101.83908, 35.18162], [-101.83875, 35.18215], [-101.83861, 35.18245], [-101.83846, 35.18286]]}}, {"type": "Feature", "properties": {"name": "I- 27"}, "geometry": {"type": "LineString", "coordinates": [[-101.84779, 34.74813], [-101.84778, 34.74606], [-101.8478, 34.74304], [-101.84781, 34.74226], [-101.8478, 34.74115], [-101.84778, 34.73803], [-101.84779, 34.73686], [-101.8478, 34.73407], [-101.8478, 34.73366], [-101.84779, 34.73289], [-101.84779, 34.72984], [-101.84779, 34.72909], [-101.84779, 34.72895], [-101.84782, 34.72602], [-101.84783, 34.72525], [-101.8478, 34.72364], [-101.84773, 34.72263], [-101.84765, 34.72202], [-101.84751, 34.72127], [-101.84739, 34.72078], [-101.84714, 34.71986], [-101.84711, 34.71975], [-101.84625, 34.71665], [-101.8444, 34.71002], [-101.84064, 34.69652], [-101.83895, 34.69049], [-101.83312, 34.66953], [-101.83249, 34.66729], [-101.83214, 34.66601], [-101.83147, 34.66363], [-101.83079, 34.66121], [-101.82954, 34.65668], [-101.82803, 34.65127], [-101.82785, 34.65066], [-101.82762, 34.64996], [-101.82732, 34.64917], [-101.82617, 34.64666], [-101.82613, 34.64657], [-101.82522, 34.64458], [-101.82329, 34.64037], [-101.82256, 34.63877], [-101.82087, 34.63503], [-101.8194, 34.6318], [-101.81937, 34.63172], [-101.81836, 34.6295], [-101.81665, 34.6257], [-101.81632, 34.62502], [-101.81531, 34.62278], [-101.81283, 34.61731], [-101.81028, 34.61168], [-101.8096, 34.61021], [-101.80883, 34.60847], [-101.80851, 34.60778], [-101.80619, 34.60266], [-101.80381, 34.59744], [-101.80287, 34.59536], [-101.80263, 34.59482], [-101.80229, 34.59407], [-101.80148, 34.59227], [-101.80076, 34.59069], [-101.80058, 34.59031], [-101.80042, 34.59], [-101.79991, 34.5891], [-101.79982, 34.58895], [-101.79972, 34.58879], [-101.79942, 34.58837], [-101.79925, 34.58812], [-101.79888, 34.58764], [-101.79857, 34.58725], [-101.79828, 34.58691], [-101.79792, 34.5865], [-101.79733, 34.58584], [-101.7961, 34.58439], [-101.79558, 34.58377], [-101.79539, 34.58353], [-101.79527, 34.58337], [-101.79505, 34.58303], [-101.79492, 34.58282], [-101.79483, 34.58267], [-101.79467, 34.58238], [-101.79445, 34.58197], [-101.79436, 34.58176], [-101.79423, 34.58146], [-101.794, 34.58081], [-101.79382, 34.58023], [-101.79376, 34.57996], [-101.79366, 34.57936], [-101.7936, 34.57887], [-101.79357, 34.5783], [-101.79358, 34.57751], [-101.79361, 34.57722], [-101.79367, 34.57681], [-101.79394, 34.57544], [-101.79401, 34.5751], [-101.79411, 34.57462], [-101.79422, 34.57406], [-101.79425, 34.57389], [-101.79445, 34.57286], [-101.79478, 34.57111], [-101.79484, 34.5706], [-101.79491, 34.56974], [-101.79494, 34.56664], [-101.79494, 34.56628], [-101.79494, 34.56614], [-101.79493, 34.56417], [-101.79494, 34.5627], [-101.79493, 34.55975], [-101.79494, 34.55866], [-101.79495, 34.55346], [-101.79497, 34.54954], [-101.79498, 34.54833], [-101.79498, 34.54772], [-101.79499, 34.54693], [-101.79499, 34.5468], [-101.79499, 34.54632], [-101.79499, 34.54557], [-101.79499, 34.54414], [-101.79499, 34.54407], [-101.79499, 34.54252], [-101.795, 34.54218], [-101.79502, 34.54035], [-101.79502, 34.53996], [-101.79504, 34.53873], [-101.79506, 34.53852], [-101.7951, 34.53808], [-101.79514, 34.53774], [-101.79535, 34.53645], [-101.79546, 34.53568], [-101.79552, 34.53515], [-101.79553, 34.53511], [-101.79555, 34.53484], [-101.79556, 34.53472], [-101.79557, 34.53196], [-101.79558, 34.52942], [-101.79558, 34.52934], [-101.79559, 34.52886], [-101.79557, 34.52805], [-101.79558, 34.52492], [-101.79558, 34.52321], [-101.79559, 34.52139], [-101.79559, 34.52067], [-101.79558, 34.51996], [-101.79556, 34.51963], [-101.79549, 34.51919], [-101.79547, 34.51908], [-101.79532, 34.51831], [-101.79525, 34.51806], [-101.79489, 34.51708], [-101.7947, 34.51664], [-101.79426, 34.51579], [-101.79395, 34.5152], [-101.79393, 34.51515], [-101.79388, 34.51506], [-101.79371, 34.51475], [-101.79215, 34.5119], [-101.79161, 34.51093], [-101.79118, 34.51013], [-101.79036, 34.50864], [-101.78694, 34.50232], [-101.78571, 34.5001], [-101.78548, 34.49967], [-101.784, 34.49696], [-101.78244, 34.49411], [-101.78164, 34.49263], [-101.78155, 34.49246], [-101.77959, 34.48887], [-101.77928, 34.4883], [-101.7787, 34.48722], [-101.77837, 34.48656], [-101.77814, 34.48605], [-101.77802, 34.48572], [-101.77795, 34.48553], [-101.77784, 34.48525], [-101.77781, 34.48517], [-101.77766, 34.48467], [-101.77744, 34.48382], [-101.7773, 34.48315], [-101.77718, 34.48243], [-101.77714, 34.4819], [-101.77711, 34.4811], [-101.77711, 34.47922], [-101.77709, 34.47548], [-101.77711, 34.47096], [-101.77714, 34.46399], [-101.77711, 34.46199], [-101.77711, 34.4613], [-101.77715, 34.45979], [-101.77714, 34.45871], [-101.77715, 34.45644], [-101.77716, 34.45228], [-101.77716, 34.45219], [-101.77715, 34.45155], [-101.77714, 34.44906], [-101.77714, 34.44852], [-101.77715, 34.44649], [-101.77715, 34.44578], [-101.77714, 34.4453], [-101.77713, 34.44433], [-101.77716, 34.44148], [-101.77716, 34.44143], [-101.77716, 34.44137], [-101.77716, 34.43941], [-101.77716, 34.43803], [-101.77717, 34.4307], [-101.77716, 34.42878], [-101.77716, 34.42829], [-101.77716, 34.42751], [-101.77717, 34.42622], [-101.77717, 34.42309], [-101.77721, 34.41818], [-101.77722, 34.41679], [-101.77726, 34.41278], [-101.77727, 34.41273], [-101.77727, 34.41213], [-101.77724, 34.40832], [-101.77721, 34.40615], [-101.7772, 34.40087], [-101.77719, 34.39811], [-101.77719, 34.39322], [-101.7772, 34.38976], [-101.7772, 34.38889], [-101.7772, 34.38772], [-101.77721, 34.3871], [-101.7772, 34.38664], [-101.77718, 34.38618], [-101.77715, 34.38578], [-101.77711, 34.38546], [-101.77706, 34.38503], [-101.77698, 34.38455], [-101.77689, 34.38409], [-101.77679, 34.38368], [-101.77676, 34.38358], [-101.77666, 34.38322], [-101.77651, 34.38276], [-101.77635, 34.38228], [-101.77616, 34.3818], [-101.77593, 34.38128], [-101.77578, 34.38096], [-101.77549, 34.38039], [-101.77526, 34.38], [-101.77495, 34.37949], [-101.77471, 34.37912], [-101.77452, 34.37885], [-101.77409, 34.3783], [-101.77238, 34.37617], [-101.77145, 34.37501], [-101.76956, 34.37266], [-101.7684, 34.37123], [-101.76674, 34.36915], [-101.7667, 34.3691], [-101.76667, 34.36907], [-101.76527, 34.36734], [-101.76439, 34.36623], [-101.76308, 34.36464], [-101.75903, 34.35959], [-101.75859, 34.35904], [-101.75704, 34.35712], [-101.75496, 34.35455], [-101.75154, 34.35031], [-101.75, 34.34835], [-101.74912, 34.34727], [-101.74891, 34.34702], [-101.74805, 34.34596], [-101.74702, 34.34468], [-101.74697, 34.34461], [-101.7469, 34.34453], [-101.74544, 34.34273], [-101.74518, 34.34237], [-101.74487, 34.3419], [-101.74456, 34.34139], [-101.74426, 34.34088], [-101.74392, 34.34022], [-101.74386, 34.34009], [-101.74353, 34.33939], [-101.74323, 34.33868], [-101.74293, 34.33794], [-101.74253, 34.33695], [-101.74237, 34.33658], [-101.74169, 34.33503], [-101.74075, 34.3328], [-101.73969, 34.33035], [-101.7369, 34.3238], [-101.7356, 34.32078], [-101.73487, 34.31899], [-101.73379, 34.31648], [-101.733, 34.31471], [-101.73278, 34.31423], [-101.73217, 34.31284]]}}, {"type": "Feature", "properties": {"name": "I- 27"}, "geometry": {"type": "LineString", "coordinates": [[-101.8383, 35.18286], [-101.83833, 35.18275], [-101.83847, 35.18239], [-101.83865, 35.182], [-101.83894, 35.18158], [-101.83918, 35.18122], [-101.83942, 35.18088], [-101.83963, 35.18059], [-101.84023, 35.17975], [-101.84099, 35.17864], [-101.84116, 35.1784], [-101.8413, 35.17821], [-101.84139, 35.17811], [-101.84171, 35.17782], [-101.84206, 35.17755], [-101.84222, 35.17745], [-101.84274, 35.17716], [-101.84318, 35.17696], [-101.84344, 35.17687], [-101.84345, 35.17686], [-101.84375, 35.17678], [-101.84409, 35.17671], [-101.84449, 35.17664], [-101.84476, 35.17661], [-101.84496, 35.1766], [-101.8472, 35.1766], [-101.84833, 35.1766], [-101.84845, 35.1766], [-101.84863, 35.1766], [-101.84883, 35.1766], [-101.85036, 35.17659], [-101.85065, 35.17658], [-101.85161, 35.17655], [-101.8521, 35.17654], [-101.85239, 35.1765], [-101.85275, 35.17645], [-101.85313, 35.17637], [-101.85349, 35.17627], [-101.85354, 35.17625], [-101.85421, 35.17599], [-101.85478, 35.17573], [-101.85493, 35.17566], [-101.85511, 35.17557], [-101.85526, 35.1755], [-101.85635, 35.17498], [-101.85672, 35.17481], [-101.85735, 35.17452], [-101.85984, 35.17338], [-101.86124, 35.17274], [-101.86221, 35.1723], [-101.86285, 35.17199], [-101.86303, 35.1719], [-101.8635, 35.17165], [-101.86391, 35.17141], [-101.86507, 35.1707], [-101.86546, 35.17044], [-101.86595, 35.17006], [-101.86607, 35.16997], [-101.86612, 35.16994], [-101.86623, 35.16985], [-101.86635, 35.16976], [-101.86637, 35.16974], [-101.86642, 35.1697], [-101.86679, 35.16938], [-101.86749, 35.16869], [-101.86783, 35.16837], [-101.86804, 35.16813], [-101.86844, 35.16767], [-101.86931, 35.16667], [-101.87175, 35.16387], [-101.87181, 35.16381], [-101.87188, 35.16372], [-101.87279, 35.16266], [-101.87381, 35.16142], [-101.87485, 35.16023], [-101.87535, 35.15965], [-101.87602, 35.15887], [-101.87668, 35.1581], [-101.8772, 35.1575], [-101.87877, 35.1557], [-101.88085, 35.15329], [-101.88292, 35.15085], [-101.88363, 35.15003], [-101.88383, 35.1498], [-101.88406, 35.14954], [-101.88411, 35.14948], [-101.88611, 35.14712], [-101.88657, 35.1466], [-101.88662, 35.14655], [-101.88667, 35.14648], [-101.88693, 35.1462], [-101.88833, 35.14453], [-101.88919, 35.14355], [-101.8902, 35.14239], [-101.89258, 35.13963], [-101.89341, 35.13866], [-101.89625, 35.13536], [-101.89682, 35.1347], [-101.89826, 35.13304], [-101.89923, 35.13192], [-101.8997, 35.13137], [-101.90055, 35.13036], [-101.9014, 35.12935], [-101.90143, 35.12933], [-101.90163, 35.1291], [-101.90183, 35.12888], [-101.90227, 35.12837], [-101.90262, 35.12794], [-101.90296, 35.12751], [-101.90322, 35.12711], [-101.90384, 35.12609], [-101.90504, 35.12416], [-101.90619, 35.12232], [-101.90657, 35.12173], [-101.90741, 35.12038], [-101.90805, 35.11939], [-101.90834, 35.11888], [-101.90879, 35.11801], [-101.90925, 35.11702], [-101.90934, 35.11677], [-101.90945, 35.11648], [-101.9098, 35.11548], [-101.90995, 35.11499], [-101.91002, 35.11475], [-101.91014, 35.11433], [-101.91041, 35.11297], [-101.91053, 35.11241], [-101.91094, 35.11051], [-101.91149, 35.1079], [-101.91203, 35.1053], [-101.9124, 35.10358], [-101.91273, 35.10203], [-101.91363, 35.09775], [-101.91416, 35.09522], [-101.91469, 35.09273], [-101.91518, 35.09035], [-101.91559, 35.08849], [-101.91723, 35.08071], [-101.9177, 35.07846], [-101.91799, 35.07705], [-101.91818, 35.07611], [-101.91821, 35.07596], [-101.91864, 35.07397], [-101.91892, 35.07265], [-101.91893, 35.0725], [-101.91895, 35.07237], [-101.91895, 35.07234], [-101.91896, 35.07226], [-101.91896, 35.07221], [-101.91898, 35.07128], [-101.91898, 35.07089], [-101.91898, 35.07076], [-101.91899, 35.06876], [-101.91899, 35.06627], [-101.919, 35.06543], [-101.919, 35.06341], [-101.919, 35.06085], [-101.919, 35.05843], [-101.91901, 35.0578], [-101.91903, 35.05579], [-101.91903, 35.05411], [-101.91903, 35.0496], [-101.91905, 35.04635], [-101.91905, 35.04326], [-101.91906, 35.0417], [-101.91906, 35.0395], [-101.91906, 35.03758], [-101.91907, 35.0335], [-101.91908, 35.03114], [-101.91909, 35.0301], [-101.91911, 35.02893], [-101.91911, 35.02824], [-101.91911, 35.02822], [-101.91903, 35.0273], [-101.91885, 35.02578], [-101.91866, 35.02408], [-101.91857, 35.02359], [-101.91849, 35.02333], [-101.91838, 35.02295], [-101.91812, 35.0223], [-101.91784, 35.02177], [-101.91765, 35.02146], [-101.91749, 35.02118], [-101.91692, 35.0205], [-101.91611, 35.01963], [-101.91463, 35.0181], [-101.91394, 35.01738], [-101.91345, 35.01687], [-101.91267, 35.01607], [-101.91195, 35.01534], [-101.91071, 35.01404], [-101.90978, 35.01307], [-101.90948, 35.01276], [-101.90394, 35.00692], [-101.90199, 35.00488], [-101.90158, 35.00447], [-101.90041, 35.00325], [-101.89902, 35.00182], [-101.89803, 35.00076], [-101.89748, 35.00017], [-101.89688, 34.99954], [-101.89597, 34.99861], [-101.89439, 34.99692], [-101.89368, 34.99616], [-101.8934, 34.99578], [-101.89292, 34.99524], [-101.89129, 34.99323], [-101.8907, 34.99252], [-101.89047, 34.99225], [-101.88887, 34.99025], [-101.88643, 34.98731], [-101.88564, 34.98634], [-101.88483, 34.98535], [-101.88434, 34.98478], [-101.88426, 34.98468], [-101.88403, 34.9844], [-101.88325, 34.98345], [-101.88247, 34.98248], [-101.88166, 34.98153], [-101.88089, 34.9806], [-101.88008, 34.9796], [-101.87934, 34.9787], [-101.87776, 34.97673], [-101.87611, 34.9747], [-101.87548, 34.97395], [-101.87352, 34.97157], [-101.87178, 34.96953], [-101.87154, 34.9693], [-101.8708, 34.96856], [-101.86809, 34.96572], [-101.8636, 34.96112], [-101.86067, 34.95807], [-101.85911, 34.95645], [-101.85594, 34.9532], [-101.85444, 34.95165], [-101.85231, 34.94945], [-101.85165, 34.94871], [-101.85088, 34.94771], [-101.85029, 34.94682], [-101.84971, 34.94575], [-101.84966, 34.94565], [-101.84914, 34.94429], [-101.84874, 34.94305], [-101.84851, 34.94188], [-101.84843, 34.94132], [-101.8484, 34.94094], [-101.84837, 34.94049], [-101.84836, 34.9399], [-101.84829, 34.93521], [-101.84828, 34.93453], [-101.84827, 34.93171], [-101.84827, 34.93134], [-101.84827, 34.92809], [-101.84828, 34.92637], [-101.8483, 34.92167], [-101.84829, 34.91524], [-101.84833, 34.90897], [-101.84833, 34.90273], [-101.84833, 34.89963], [-101.84834, 34.89647], [-101.84835, 34.89333], [-101.84834, 34.89022], [-101.84835, 34.88936], [-101.84837, 34.88697], [-101.84842, 34.8833], [-101.84841, 34.88318], [-101.84841, 34.88305], [-101.84842, 34.88276], [-101.84843, 34.88222], [-101.84843, 34.88201], [-101.84845, 34.87876], [-101.84849, 34.87646], [-101.84849, 34.87527], [-101.84854, 34.87236], [-101.84855, 34.87009], [-101.84859, 34.86758], [-101.84861, 34.86528], [-101.84863, 34.8636], [-101.84866, 34.86056], [-101.84869, 34.85727], [-101.8487, 34.85654], [-101.84871, 34.85578], [-101.8487, 34.85487], [-101.84869, 34.85384], [-101.84867, 34.85347], [-101.84864, 34.85301], [-101.84859, 34.8523], [-101.84853, 34.85143], [-101.84845, 34.85045], [-101.84845, 34.84916], [-101.84846, 34.84833], [-101.84846, 34.84784], [-101.84846, 34.84759], [-101.84845, 34.84401], [-101.84845, 34.84315], [-101.84846, 34.83846], [-101.84847, 34.83812], [-101.84847, 34.83781], [-101.84848, 34.83761], [-101.84848, 34.83711], [-101.84848, 34.83653], [-101.84848, 34.83391], [-101.84848, 34.83057], [-101.84848, 34.82864], [-101.84848, 34.82833], [-101.84848, 34.82542], [-101.84848, 34.82237], [-101.84849, 34.821], [-101.84847, 34.81641], [-101.84847, 34.81545], [-101.84848, 34.81181], [-101.84847, 34.80855], [-101.84847, 34.80821], [-101.84846, 34.80743], [-101.84846, 34.80707], [-101.84846, 34.80662], [-101.84847, 34.80291], [-101.84847, 34.79931], [-101.84847, 34.7928], [-101.84847, 34.78468], [-101.84847, 34.77964], [-101.84848, 34.77898], [-101.84847, 34.77865], [-101.84847, 34.77826], [-101.84846, 34.77751], [-101.84845, 34.77673], [-101.84847, 34.77153], [-101.84847, 34.77138], [-101.84843, 34.76969], [-101.84837, 34.7688], [-101.84829, 34.76793], [-101.84815, 34.76691], [-101.84761, 34.76353], [-101.84758, 34.76334], [-101.8475, 34.76255], [-101.84742, 34.76174], [-101.84741, 34.76096], [-101.84739, 34.75989], [-101.84739, 34.75557], [-101.84747, 34.74895], [-101.84746, 34.74813]]}}, {"type": "Feature", "properties": {"name": "I- 27"}, "geometry": {"type": "LineString", "coordinates": [[-101.84106, 33.82729], [-101.84106, 33.828], [-101.84105, 33.82804], [-101.84105, 33.82881], [-101.84105, 33.83051], [-101.84104, 33.8314], [-101.84104, 33.83149], [-101.84104, 33.83175], [-101.84104, 33.83184], [-101.84104, 33.83314], [-101.84105, 33.83378], [-101.84106, 33.83579], [-101.84106, 33.83597], [-101.84107, 33.83706], [-101.84108, 33.83763], [-101.84113, 33.83795], [-101.84124, 33.83835], [-101.84129, 33.83852], [-101.8413, 33.83855], [-101.84144, 33.83879], [-101.84155, 33.83897], [-101.84164, 33.83913], [-101.84166, 33.83916], [-101.8418, 33.83935], [-101.84195, 33.83953], [-101.84214, 33.83974], [-101.84256, 33.84013], [-101.8428, 33.84034], [-101.8429, 33.84042], [-101.84496, 33.84217], [-101.8457, 33.84278], [-101.84614, 33.84314], [-101.84676, 33.84365], [-101.8469, 33.84376], [-101.84878, 33.84538], [-101.84992, 33.84637], [-101.84997, 33.84642], [-101.85052, 33.84689], [-101.85084, 33.84721], [-101.85156, 33.84798], [-101.85198, 33.84848], [-101.85251, 33.84928], [-101.85287, 33.8499], [-101.8532, 33.85063], [-101.8534, 33.85117], [-101.85358, 33.8517], [-101.85368, 33.85217], [-101.85374, 33.85255], [-101.8538, 33.85284], [-101.85387, 33.85334], [-101.85389, 33.8541], [-101.85388, 33.85581], [-101.85387, 33.85925], [-101.85389, 33.86097], [-101.85389, 33.86269], [-101.85389, 33.86619], [-101.85389, 33.86785], [-101.85389, 33.86793], [-101.85387, 33.86965], [-101.85389, 33.87063], [-101.8539, 33.87128], [-101.8539, 33.87145], [-101.85391, 33.87297], [-101.85389, 33.87394], [-101.85389, 33.87399], [-101.8539, 33.87477], [-101.8539, 33.87508], [-101.8539, 33.87601], [-101.8539, 33.87632], [-101.8539, 33.8766], [-101.85389, 33.87697], [-101.8539, 33.87747], [-101.8539, 33.87776], [-101.85393, 33.88016], [-101.85394, 33.88322], [-101.85394, 33.88392], [-101.85394, 33.88617], [-101.85394, 33.88807], [-101.85398, 33.90152], [-101.85398, 33.90488], [-101.85395, 33.9114], [-101.85393, 33.91591], [-101.85393, 33.91641], [-101.85393, 33.91659], [-101.85392, 33.91981], [-101.85392, 33.92217], [-101.85392, 33.92221], [-101.85392, 33.92324], [-101.85392, 33.92345], [-101.8539, 33.92669], [-101.85388, 33.92927], [-101.85387, 33.93009], [-101.85387, 33.93063], [-101.85387, 33.93092], [-101.85386, 33.9313], [-101.85386, 33.93163], [-101.85386, 33.93215], [-101.85385, 33.9337], [-101.85384, 33.93393], [-101.85385, 33.93422], [-101.85385, 33.93486], [-101.85385, 33.93678], [-101.85385, 33.93742], [-101.85385, 33.93807], [-101.85385, 33.93817], [-101.85389, 33.94255], [-101.85389, 33.94258], [-101.85393, 33.95404], [-101.85395, 33.95809], [-101.85396, 33.95853], [-101.85397, 33.96277], [-101.85396, 33.96325], [-101.85396, 33.96331], [-101.85396, 33.96533], [-101.85396, 33.97156], [-101.85397, 33.97182], [-101.85396, 33.97364], [-101.85396, 33.97375], [-101.85395, 33.97409], [-101.85395, 33.9742], [-101.85395, 33.97494], [-101.85395, 33.97611], [-101.85395, 33.97713], [-101.85395, 33.97786], [-101.85395, 33.97867], [-101.85396, 33.97952], [-101.85397, 33.98108], [-101.85398, 33.98188], [-101.85398, 33.98293], [-101.85398, 33.98607], [-101.85398, 33.98712], [-101.85398, 33.98741], [-101.85398, 33.98829], [-101.85398, 33.98859], [-101.85398, 33.98934], [-101.85398, 33.9916], [-101.85399, 33.99236], [-101.85399, 33.99245], [-101.85399, 33.99274], [-101.85399, 33.99283], [-101.85398, 33.99358], [-101.85397, 33.99581], [-101.85397, 33.99655], [-101.85397, 33.9973], [-101.85397, 33.99861], [-101.85398, 34.0042], [-101.85398, 34.00478], [-101.85397, 34.00684], [-101.85396, 34.00771], [-101.85396, 34.00969], [-101.85395, 34.01544], [-101.85395, 34.01823], [-101.85395, 34.01908], [-101.85395, 34.02108], [-101.85394, 34.02257], [-101.85394, 34.02627], [-101.85394, 34.02705], [-101.85394, 34.02854], [-101.85393, 34.03001], [-101.85393, 34.03362], [-101.85393, 34.03441], [-101.85392, 34.03588], [-101.85392, 34.03684], [-101.85391, 34.0376], [-101.85391, 34.03972], [-101.85391, 34.04068], [-101.8539, 34.04191], [-101.85389, 34.04309], [-101.85389, 34.04433], [-101.85388, 34.04513], [-101.85384, 34.04548], [-101.85382, 34.04559], [-101.85374, 34.04605], [-101.85363, 34.04656], [-101.85357, 34.0468], [-101.85346, 34.0472], [-101.85327, 34.04777], [-101.8531, 34.04814], [-101.85291, 34.04852], [-101.85278, 34.04879], [-101.85251, 34.04929], [-101.85215, 34.04984], [-101.85192, 34.05017], [-101.85157, 34.05054], [-101.85125, 34.05094], [-101.85097, 34.05124], [-101.85061, 34.05159], [-101.84932, 34.05271], [-101.84907, 34.05292], [-101.84891, 34.05306], [-101.8479, 34.05392], [-101.84765, 34.05413], [-101.84752, 34.05425], [-101.84731, 34.05444], [-101.84676, 34.05492], [-101.84649, 34.05514], [-101.84638, 34.05523], [-101.84603, 34.05552], [-101.84599, 34.05556], [-101.84564, 34.05592], [-101.84559, 34.05598], [-101.84518, 34.05639], [-101.84489, 34.05674], [-101.84466, 34.05707], [-101.84458, 34.05718], [-101.8444, 34.0575], [-101.84436, 34.05758], [-101.84432, 34.05765], [-101.84412, 34.0581], [-101.84411, 34.05813], [-101.84406, 34.0583], [-101.84394, 34.0587], [-101.84386, 34.05929], [-101.84385, 34.05949], [-101.84384, 34.05976], [-101.84383, 34.06178], [-101.84383, 34.06314], [-101.84384, 34.06435], [-101.84384, 34.06474], [-101.84383, 34.06506], [-101.8438, 34.06648], [-101.84377, 34.0672], [-101.84377, 34.06722], [-101.84367, 34.06785], [-101.84365, 34.0679], [-101.84361, 34.06816], [-101.84357, 34.06831], [-101.8435, 34.0686], [-101.84324, 34.0692], [-101.84311, 34.06946], [-101.843, 34.06968], [-101.84292, 34.06982], [-101.84265, 34.07022], [-101.84249, 34.07042], [-101.84232, 34.07064], [-101.842, 34.07102], [-101.8416, 34.0714], [-101.84117, 34.07174], [-101.84091, 34.07194], [-101.84033, 34.07238], [-101.83991, 34.07271], [-101.83944, 34.07305], [-101.83822, 34.07398], [-101.83679, 34.07505], [-101.8359, 34.07572], [-101.8353, 34.07617], [-101.83458, 34.07666], [-101.83405, 34.07699], [-101.83357, 34.07727], [-101.83253, 34.07783], [-101.8317, 34.07827], [-101.82958, 34.0794], [-101.82786, 34.0803], [-101.82445, 34.08212], [-101.82197, 34.08344], [-101.82092, 34.08399], [-101.81845, 34.0853], [-101.81726, 34.08592], [-101.81499, 34.08713], [-101.81338, 34.08799], [-101.80784, 34.09093], [-101.80569, 34.09209], [-101.8049, 34.09253], [-101.80464, 34.09266], [-101.80117, 34.09448], [-101.79836, 34.09596], [-101.79736, 34.09649], [-101.79377, 34.09841], [-101.79233, 34.09918], [-101.79, 34.10042], [-101.78709, 34.10195], [-101.78568, 34.10271], [-101.78511, 34.10305], [-101.78453, 34.10341], [-101.78414, 34.10367], [-101.77584, 34.10997], [-101.77353, 34.11173], [-101.77287, 34.11223], [-101.77196, 34.11292], [-101.77133, 34.1134], [-101.77052, 34.114], [-101.76983, 34.11451], [-101.76976, 34.11456], [-101.76931, 34.11486], [-101.76839, 34.11546], [-101.7666, 34.11653], [-101.76629, 34.11675], [-101.76598, 34.11698], [-101.76588, 34.11706], [-101.76559, 34.11728], [-101.76549, 34.11735], [-101.76463, 34.11798], [-101.76406, 34.11841], [-101.76305, 34.11919], [-101.76195, 34.12003], [-101.75981, 34.12166], [-101.75909, 34.12221], [-101.75839, 34.12274], [-101.75822, 34.12287], [-101.75771, 34.12326], [-101.75754, 34.12338], [-101.75703, 34.12377], [-101.75668, 34.12404], [-101.75563, 34.12483], [-101.75549, 34.12493], [-101.75497, 34.12532], [-101.75367, 34.1263], [-101.75326, 34.12661], [-101.75189, 34.12769], [-101.75124, 34.12828], [-101.75123, 34.1283], [-101.75081, 34.12875], [-101.75035, 34.12934], [-101.75014, 34.12962], [-101.75004, 34.12976], [-101.74978, 34.13014], [-101.74953, 34.13057], [-101.7493, 34.13101], [-101.74916, 34.13128], [-101.74892, 34.13186], [-101.74887, 34.13205], [-101.7486, 34.13295], [-101.74842, 34.13395], [-101.74839, 34.13442], [-101.74836, 34.13517], [-101.74837, 34.13538], [-101.74837, 34.13586], [-101.74838, 34.13651], [-101.74838, 34.13667], [-101.74839, 34.13717], [-101.74839, 34.13733], [-101.74839, 34.13755], [-101.74841, 34.13915], [-101.74841, 34.13937], [-101.74848, 34.14255], [-101.74853, 34.14462], [-101.74856, 34.14558], [-101.74858, 34.14644], [-101.7486, 34.14752], [-101.74867, 34.15076], [-101.74868, 34.15137], [-101.7487, 34.15184], [-101.74878, 34.15366], [-101.74881, 34.15415], [-101.74895, 34.15692], [-101.74903, 34.15914], [-101.74906, 34.15976], [-101.74911, 34.16059], [-101.74914, 34.16096], [-101.74916, 34.16132], [-101.74923, 34.16204], [-101.74928, 34.1626], [-101.7495, 34.16526], [-101.74951, 34.16537], [-101.74964, 34.16633], [-101.74988, 34.16816], [-101.74991, 34.16841], [-101.74998, 34.16895], [-101.75006, 34.1696], [-101.75031, 34.17142], [-101.75053, 34.17291], [-101.75062, 34.17365], [-101.75073, 34.17445], [-101.75079, 34.17531], [-101.75079, 34.17548], [-101.75079, 34.17572], [-101.75079, 34.17592], [-101.75077, 34.17643], [-101.75076, 34.17667], [-101.75076, 34.17678], [-101.75073, 34.17703], [-101.75062, 34.17813], [-101.75059, 34.17849], [-101.75052, 34.17916], [-101.75033, 34.18117], [-101.75032, 34.18126], [-101.75026, 34.18184], [-101.75025, 34.18193], [-101.75022, 34.18222], [-101.75021, 34.18231], [-101.7502, 34.18238], [-101.75018, 34.18259], [-101.75017, 34.18266], [-101.75012, 34.1831], [-101.75009, 34.18366], [-101.75007, 34.18402], [-101.75003, 34.18459], [-101.75003, 34.18581], [-101.75003, 34.18667], [-101.75003, 34.18673], [-101.75002, 34.18751], [-101.75002, 34.18767], [-101.75004, 34.18811], [-101.75011, 34.18943], [-101.75011, 34.18949], [-101.75012, 34.18987], [-101.75014, 34.19058], [-101.75017, 34.19188], [-101.75017, 34.19255], [-101.75018, 34.1927], [-101.75018, 34.19341], [-101.75018, 34.19345], [-101.75018, 34.19355], [-101.75019, 34.19358], [-101.75019, 34.19399], [-101.75021, 34.19447], [-101.75019, 34.19464], [-101.75015, 34.19495], [-101.74997, 34.19596], [-101.74984, 34.19642], [-101.74962, 34.19693], [-101.74929, 34.19757], [-101.74925, 34.19763], [-101.74904, 34.19797], [-101.74877, 34.19837], [-101.74865, 34.19851], [-101.74813, 34.19913], [-101.74772, 34.19951], [-101.74726, 34.1999], [-101.74469, 34.20213], [-101.74238, 34.20412], [-101.74203, 34.20444], [-101.74174, 34.20468], [-101.74168, 34.20473], [-101.73994, 34.2063], [-101.73925, 34.20702], [-101.73646, 34.2096], [-101.73626, 34.20979], [-101.73567, 34.21038], [-101.73556, 34.21049], [-101.73553, 34.21051], [-101.73553, 34.21052], [-101.73463, 34.21132], [-101.73329, 34.21252], [-101.73193, 34.21373], [-101.73102, 34.21453], [-101.73027, 34.2152], [-101.72984, 34.21556], [-101.72729, 34.21777], [-101.72646, 34.21848], [-101.72628, 34.21863], [-101.72564, 34.21917], [-101.72509, 34.21964], [-101.72484, 34.21985], [-101.72421, 34.22039], [-101.7241, 34.22049], [-101.72386, 34.2207], [-101.72357, 34.22095], [-101.72349, 34.22102], [-101.72261, 34.22181], [-101.72248, 34.22192], [-101.72107, 34.2231], [-101.71829, 34.22548], [-101.71792, 34.2258], [-101.71691, 34.22669], [-101.71615, 34.22735], [-101.71471, 34.22861], [-101.71435, 34.22891], [-101.71386, 34.22933], [-101.71345, 34.22968], [-101.71309, 34.22999], [-101.71283, 34.23021], [-101.71229, 34.23068], [-101.7121, 34.23084], [-101.71204, 34.2309], [-101.71194, 34.23098], [-101.71186, 34.23106], [-101.7118, 34.23111], [-101.71174, 34.23117], [-101.71169, 34.23122], [-101.71134, 34.23157], [-101.7113, 34.23161], [-101.71124, 34.23169], [-101.71112, 34.23184], [-101.71103, 34.23195], [-101.71077, 34.23228], [-101.71069, 34.23237], [-101.71066, 34.23242], [-101.71057, 34.23253], [-101.71048, 34.23266], [-101.71025, 34.23302], [-101.7102, 34.23309], [-101.70998, 34.2334], [-101.70997, 34.23341], [-101.70987, 34.2336], [-101.70984, 34.23366], [-101.7097, 34.23392], [-101.70961, 34.23409], [-101.70934, 34.23471], [-101.70931, 34.23478], [-101.70924, 34.23499], [-101.70916, 34.23525], [-101.70908, 34.23553], [-101.70894, 34.23605], [-101.70887, 34.23632], [-101.70882, 34.23654], [-101.70874, 34.23705], [-101.7087, 34.23784], [-101.70871, 34.23857], [-101.70874, 34.23904], [-101.70884, 34.24117], [-101.70883, 34.24186], [-101.70883, 34.24257], [-101.70884, 34.24286], [-101.70888, 34.24529], [-101.70889, 34.24591], [-101.70889, 34.24608], [-101.70893, 34.24832], [-101.70898, 34.25018], [-101.70903, 34.25213], [-101.70905, 34.25263], [-101.70907, 34.25385], [-101.70908, 34.25408], [-101.70912, 34.25522], [-101.70912, 34.25634], [-101.70916, 34.2576], [-101.7092, 34.25819], [-101.70925, 34.25866], [-101.7094, 34.25934], [-101.70952, 34.2597], [-101.7096, 34.25991], [-101.70993, 34.26071], [-101.71089, 34.26296], [-101.71136, 34.26409], [-101.71234, 34.26634], [-101.71331, 34.26859], [-101.7137, 34.26955], [-101.71423, 34.27084], [-101.71473, 34.27195], [-101.71568, 34.27418], [-101.71589, 34.27463], [-101.71613, 34.27523], [-101.71616, 34.27529], [-101.7169, 34.27701], [-101.71711, 34.27751], [-101.71715, 34.27761], [-101.71728, 34.27791], [-101.71767, 34.27881], [-101.7178, 34.27911], [-101.71807, 34.27974], [-101.71887, 34.28163], [-101.71914, 34.28226], [-101.71993, 34.28415], [-101.72041, 34.28526], [-101.72071, 34.28597], [-101.72087, 34.28637], [-101.72136, 34.28749], [-101.72233, 34.28972], [-101.72279, 34.29082], [-101.72324, 34.2919], [-101.72375, 34.29306], [-101.72422, 34.29416], [-101.72515, 34.29637], [-101.72546, 34.29708], [-101.72563, 34.29749], [-101.72608, 34.29859], [-101.72655, 34.2997], [-101.72702, 34.30079], [-101.72704, 34.30082], [-101.72727, 34.30138], [-101.72751, 34.30193], [-101.72803, 34.30313], [-101.72828, 34.30371], [-101.72848, 34.30417], [-101.72906, 34.30554], [-101.73039, 34.30865], [-101.73133, 34.31089], [-101.73139, 34.31102], [-101.73217, 34.31284]]}}, {"type": "Feature", "properties": {"name": "I- 27"}, "geometry": {"type": "LineString", "coordinates": [[-101.73187, 34.31284], [-101.73269, 34.31474], [-101.73308, 34.31563], [-101.73437, 34.31865], [-101.73538, 34.32098], [-101.73635, 34.32333], [-101.73868, 34.32876], [-101.74076, 34.33367], [-101.74264, 34.33804], [-101.74322, 34.33941], [-101.74349, 34.34], [-101.74355, 34.34013], [-101.74372, 34.34049], [-101.74417, 34.34132], [-101.74441, 34.34174], [-101.74455, 34.34197], [-101.74469, 34.34217], [-101.74496, 34.34255], [-101.7454, 34.34316], [-101.74572, 34.34356], [-101.74639, 34.34436], [-101.7468, 34.34485], [-101.74688, 34.34496], [-101.74875, 34.3473], [-101.75072, 34.34977], [-101.75189, 34.35123], [-101.75455, 34.35451], [-101.75524, 34.35536], [-101.75668, 34.35713], [-101.75804, 34.35882], [-101.7587, 34.35965], [-101.759, 34.36003], [-101.76043, 34.36181], [-101.76217, 34.36396], [-101.76413, 34.36641], [-101.76474, 34.36717], [-101.76564, 34.36827], [-101.76631, 34.36911], [-101.76782, 34.37101], [-101.76793, 34.37115], [-101.76916, 34.37264], [-101.7693, 34.37282], [-101.77201, 34.37616], [-101.77377, 34.37834], [-101.77396, 34.37859], [-101.77415, 34.37885], [-101.77467, 34.37959], [-101.77485, 34.37987], [-101.77506, 34.38023], [-101.7753, 34.38066], [-101.77552, 34.3811], [-101.77569, 34.38147], [-101.77585, 34.38184], [-101.77594, 34.38206], [-101.77612, 34.38256], [-101.77629, 34.38306], [-101.77641, 34.38346], [-101.77644, 34.38358], [-101.77654, 34.38398], [-101.77662, 34.38433], [-101.7767, 34.38472], [-101.77675, 34.38503], [-101.77681, 34.38548], [-101.77684, 34.3857], [-101.77686, 34.38604], [-101.77688, 34.38665], [-101.77687, 34.38889], [-101.77687, 34.38911], [-101.77688, 34.39104], [-101.77688, 34.39812], [-101.77688, 34.39982], [-101.77689, 34.40145], [-101.77689, 34.40476], [-101.77692, 34.40843], [-101.77692, 34.41014], [-101.77691, 34.41278], [-101.77691, 34.41287], [-101.77691, 34.41524], [-101.7769, 34.41663], [-101.77689, 34.41939], [-101.77685, 34.4275], [-101.77685, 34.42805], [-101.77685, 34.42879], [-101.77685, 34.43753], [-101.77686, 34.43803], [-101.77686, 34.4397], [-101.77687, 34.44143], [-101.77687, 34.4431], [-101.77685, 34.44474], [-101.77684, 34.4454], [-101.77685, 34.44851], [-101.77685, 34.45077], [-101.77685, 34.45111], [-101.77686, 34.45201], [-101.77685, 34.45316], [-101.77685, 34.45644], [-101.77685, 34.45737], [-101.77685, 34.46024], [-101.77683, 34.46213], [-101.77681, 34.46372], [-101.77682, 34.46899], [-101.77681, 34.47096], [-101.77681, 34.47545], [-101.77682, 34.4788], [-101.77681, 34.48118], [-101.77683, 34.48161], [-101.77688, 34.48231], [-101.77691, 34.48264], [-101.77696, 34.48295], [-101.77701, 34.48324], [-101.77713, 34.48384], [-101.77724, 34.48432], [-101.7773, 34.48457], [-101.77741, 34.48494], [-101.77754, 34.48531], [-101.77762, 34.48553], [-101.77768, 34.48571], [-101.77773, 34.48583], [-101.77785, 34.48612], [-101.77801, 34.4865], [-101.77823, 34.48696], [-101.77847, 34.48742], [-101.77917, 34.4887], [-101.77935, 34.48904], [-101.78025, 34.4907], [-101.78123, 34.4925], [-101.78199, 34.49388], [-101.78284, 34.49546], [-101.78424, 34.498], [-101.78533, 34.50001], [-101.78537, 34.50009], [-101.78638, 34.50194], [-101.7876, 34.50417], [-101.7918, 34.51189], [-101.79206, 34.51236], [-101.79273, 34.51359], [-101.79335, 34.51474], [-101.79354, 34.51507], [-101.79358, 34.51515], [-101.7936, 34.5152], [-101.79384, 34.51564], [-101.79426, 34.5164], [-101.79432, 34.51652], [-101.79452, 34.51694], [-101.79467, 34.51729], [-101.79486, 34.51781], [-101.79499, 34.51826], [-101.79512, 34.51883], [-101.79518, 34.51922], [-101.79523, 34.51951], [-101.79528, 34.5199], [-101.79528, 34.52049], [-101.79528, 34.52138], [-101.79528, 34.5235], [-101.79527, 34.52492], [-101.79527, 34.52629], [-101.79527, 34.52934], [-101.79526, 34.5327], [-101.79526, 34.5337], [-101.79523, 34.53469], [-101.79521, 34.53514], [-101.79518, 34.53553], [-101.79512, 34.53593], [-101.7948, 34.53807], [-101.79478, 34.53819], [-101.79475, 34.5385], [-101.79474, 34.53871], [-101.7947, 34.53992], [-101.7947, 34.54218], [-101.7947, 34.5425], [-101.79469, 34.54407], [-101.7947, 34.54562], [-101.7947, 34.54612], [-101.79469, 34.54664], [-101.79469, 34.5468], [-101.79469, 34.54693], [-101.79468, 34.5476], [-101.79468, 34.5479], [-101.79467, 34.55313], [-101.79464, 34.55866], [-101.79462, 34.56159], [-101.79462, 34.56361], [-101.79462, 34.56419], [-101.79462, 34.56599], [-101.79461, 34.56663], [-101.79462, 34.56799], [-101.79461, 34.56925], [-101.79458, 34.57036], [-101.79456, 34.57057], [-101.79437, 34.57174], [-101.79401, 34.57358], [-101.7939, 34.57415], [-101.7938, 34.57463], [-101.79373, 34.57497], [-101.79342, 34.57652], [-101.79333, 34.57707], [-101.7933, 34.57737], [-101.79327, 34.57778], [-101.79327, 34.57807], [-101.79328, 34.57859], [-101.79329, 34.57889], [-101.79331, 34.57918], [-101.79335, 34.57946], [-101.79343, 34.5799], [-101.7935, 34.5802], [-101.79358, 34.58051], [-101.79367, 34.58082], [-101.79385, 34.58133], [-101.79394, 34.58156], [-101.79406, 34.58185], [-101.79414, 34.58203], [-101.79432, 34.58237], [-101.7945, 34.58271], [-101.79474, 34.5831], [-101.79492, 34.58338], [-101.79518, 34.58374], [-101.79561, 34.58427], [-101.79654, 34.58534], [-101.79734, 34.58627], [-101.79762, 34.5866], [-101.79845, 34.58755], [-101.79862, 34.58777], [-101.79913, 34.58845], [-101.79933, 34.58873], [-101.79956, 34.58908], [-101.79994, 34.58972], [-101.80004, 34.5899], [-101.80022, 34.59024], [-101.80039, 34.59058], [-101.80155, 34.59315], [-101.80232, 34.59487], [-101.80256, 34.5954], [-101.80292, 34.59618], [-101.80413, 34.59887], [-101.80586, 34.60265], [-101.80823, 34.60788], [-101.80896, 34.6095], [-101.80975, 34.61126], [-101.8102, 34.61223], [-101.81173, 34.61563], [-101.81249, 34.6173], [-101.81747, 34.62825], [-101.819, 34.63163], [-101.81904, 34.63172], [-101.82008, 34.63405], [-101.82022, 34.63437], [-101.82139, 34.63693], [-101.82297, 34.64039], [-101.82391, 34.64245], [-101.82573, 34.64647], [-101.82577, 34.64657], [-101.82582, 34.64667], [-101.8267, 34.64861], [-101.82711, 34.64955], [-101.8273, 34.65002], [-101.82752, 34.65059], [-101.828, 34.65232], [-101.82923, 34.65673], [-101.83037, 34.66085], [-101.83046, 34.66119], [-101.83134, 34.66428], [-101.8375, 34.6864], [-101.83863, 34.69049], [-101.83867, 34.69065], [-101.84384, 34.70919], [-101.84536, 34.7146], [-101.84672, 34.71949], [-101.84679, 34.71975], [-101.84683, 34.71988], [-101.84705, 34.72071], [-101.8472, 34.72133], [-101.84731, 34.722], [-101.84734, 34.72222], [-101.84739, 34.7226], [-101.84744, 34.72342], [-101.84746, 34.72405], [-101.84745, 34.72871], [-101.84745, 34.72881], [-101.84745, 34.72894], [-101.84745, 34.72967], [-101.84744, 34.73135], [-101.84744, 34.73298], [-101.84744, 34.73311], [-101.84744, 34.73392], [-101.84744, 34.73424], [-101.84742, 34.73696], [-101.84744, 34.73987], [-101.84744, 34.74115], [-101.84743, 34.7437], [-101.84745, 34.74558], [-101.84746, 34.74813]]}}, {"type": "Feature", "properties": {"name": "I- 35"}, "geometry": {"type": "LineString", "coordinates": [[-98.95491, 29.09087], [-98.95613, 29.08995], [-98.95705, 29.08925], [-98.95837, 29.08825], [-98.95954, 29.08736], [-98.96126, 29.08606], [-98.96488, 29.0833], [-98.96596, 29.08248], [-98.97406, 29.07631], [-98.97553, 29.07519], [-98.97677, 29.07424], [-98.97754, 29.07364], [-98.97868, 29.07277], [-98.97964, 29.07205], [-98.98025, 29.07157], [-98.98092, 29.07106], [-98.98166, 29.07052], [-98.98176, 29.07045], [-98.98248, 29.06998], [-98.98327, 29.0695], [-98.98409, 29.06903], [-98.98504, 29.06846], [-98.98593, 29.06795], [-98.98646, 29.06764], [-98.98915, 29.06607], [-98.98957, 29.06585], [-98.99027, 29.06549], [-98.9926, 29.06443], [-98.99537, 29.0632], [-98.99634, 29.06279], [-98.99803, 29.06214], [-98.99918, 29.0617], [-98.9999, 29.06142], [-99.00041, 29.06119], [-99.00112, 29.06085], [-99.00164, 29.06057], [-99.00235, 29.06015], [-99.00297, 29.05976], [-99.00328, 29.05959], [-99.00415, 29.05903], [-99.00554, 29.0582], [-99.00792, 29.05682], [-99.00862, 29.05641], [-99.00879, 29.05631], [-99.01142, 29.0548], [-99.01228, 29.05433], [-99.01283, 29.05403], [-99.01356, 29.05364], [-99.01434, 29.05324], [-99.01532, 29.05272], [-99.01553, 29.0526], [-99.01616, 29.05222], [-99.01719, 29.05161], [-99.01769, 29.0513], [-99.02057, 29.04944], [-99.02224, 29.04844], [-99.02449, 29.04713], [-99.02529, 29.04667], [-99.02606, 29.04623], [-99.02773, 29.04524], [-99.0291, 29.04444], [-99.02983, 29.04403], [-99.03061, 29.04355], [-99.03119, 29.04315], [-99.03244, 29.04217], [-99.03536, 29.03984], [-99.03828, 29.03752], [-99.04137, 29.03505], [-99.04319, 29.03361], [-99.04417, 29.0329], [-99.04502, 29.0323], [-99.04579, 29.03171], [-99.04583, 29.0317], [-99.04741, 29.03057], [-99.04837, 29.02973], [-99.04896, 29.02906], [-99.04969, 29.02801], [-99.05011, 29.02721], [-99.05022, 29.02689], [-99.05072, 29.02551], [-99.05122, 29.024], [-99.05144, 29.02348], [-99.05222, 29.0214], [-99.05527, 29.01434], [-99.05653, 29.01138], [-99.05939, 29.00479], [-99.06016, 29.00298], [-99.06078, 29.00151], [-99.06127, 29.00038], [-99.06198, 28.99874], [-99.06239, 28.99779], [-99.06284, 28.99674], [-99.06396, 28.99416], [-99.06422, 28.99356], [-99.06429, 28.9934], [-99.06576, 28.99], [-99.06587, 28.98973], [-99.06645, 28.98835], [-99.06687, 28.98741], [-99.06762, 28.98572], [-99.06788, 28.98509], [-99.06856, 28.98347], [-99.06862, 28.98333], [-99.06906, 28.98238], [-99.0702, 28.97968], [-99.07058, 28.97887], [-99.07151, 28.97668], [-99.07397, 28.97101], [-99.07413, 28.97063], [-99.07469, 28.96934], [-99.07541, 28.96761], [-99.0757, 28.96697], [-99.07594, 28.96626], [-99.07616, 28.96551], [-99.07654, 28.96423], [-99.07711, 28.96229], [-99.07728, 28.96165], [-99.07832, 28.95813], [-99.07834, 28.95807], [-99.07845, 28.95769], [-99.07941, 28.95441], [-99.08001, 28.9523], [-99.08028, 28.95142], [-99.08073, 28.94976], [-99.08119, 28.94844], [-99.08149, 28.94777], [-99.0817, 28.94727], [-99.08265, 28.9456], [-99.08299, 28.94517], [-99.08331, 28.94477], [-99.08411, 28.94381], [-99.08531, 28.94256], [-99.08543, 28.94244], [-99.08677, 28.94111], [-99.08787, 28.94003], [-99.08894, 28.93892], [-99.08894, 28.9389], [-99.08978, 28.93806], [-99.09054, 28.93728], [-99.09146, 28.93627], [-99.09207, 28.93559], [-99.09352, 28.93394], [-99.09436, 28.933], [-99.0948, 28.93252], [-99.09637, 28.93073], [-99.09661, 28.93041], [-99.09698, 28.92994], [-99.09784, 28.92879], [-99.09917, 28.92699], [-99.1008, 28.9247], [-99.10198, 28.92307], [-99.1033, 28.92126], [-99.10435, 28.91978], [-99.10459, 28.91945], [-99.10592, 28.91762], [-99.10688, 28.91628], [-99.10712, 28.91593], [-99.10755, 28.91533], [-99.10817, 28.91442], [-99.10824, 28.9143], [-99.10852, 28.91385], [-99.10907, 28.91281], [-99.1093, 28.9123], [-99.10991, 28.91086], [-99.1105, 28.90936], [-99.11094, 28.90818], [-99.11169, 28.90615], [-99.11194, 28.90548], [-99.11198, 28.90538], [-99.11208, 28.90511], [-99.11211, 28.90502], [-99.11218, 28.90483], [-99.1123, 28.90449], [-99.11264, 28.90357], [-99.11269, 28.90353], [-99.11432, 28.89926], [-99.11436, 28.89917], [-99.11576, 28.89545], [-99.11577, 28.89532], [-99.11589, 28.895], [-99.11604, 28.89446], [-99.11618, 28.89397], [-99.11629, 28.8934], [-99.11643, 28.89249], [-99.1169, 28.88961], [-99.11701, 28.8889], [-99.11707, 28.88839], [-99.11712, 28.88777], [-99.11714, 28.88727], [-99.11711, 28.88672], [-99.1171, 28.88663], [-99.11706, 28.88618], [-99.11698, 28.88564], [-99.11688, 28.88509], [-99.11678, 28.88473], [-99.11663, 28.88401], [-99.11644, 28.8835], [-99.11626, 28.88303], [-99.11579, 28.88202], [-99.11572, 28.88188], [-99.11517, 28.88087], [-99.11442, 28.87941], [-99.1142, 28.87898], [-99.11389, 28.87839], [-99.11356, 28.87774], [-99.11325, 28.87712], [-99.11277, 28.87629], [-99.11168, 28.87413], [-99.11043, 28.87173], [-99.1098, 28.87053], [-99.10837, 28.86778], [-99.10784, 28.86674], [-99.10761, 28.8663], [-99.10743, 28.86594], [-99.10709, 28.86512], [-99.10687, 28.86443], [-99.10665, 28.86341], [-99.10653, 28.86258], [-99.10652, 28.8615], [-99.1066, 28.86055], [-99.10679, 28.85966], [-99.10723, 28.85806], [-99.1088, 28.85269], [-99.10908, 28.85172], [-99.10975, 28.84937], [-99.11051, 28.84678], [-99.11078, 28.84585], [-99.1111, 28.84475], [-99.11156, 28.84317], [-99.11179, 28.84232], [-99.11192, 28.84188], [-99.11252, 28.8398], [-99.11288, 28.83859], [-99.11315, 28.83768], [-99.11369, 28.83553], [-99.11439, 28.83299], [-99.11504, 28.83075], [-99.11545, 28.82938], [-99.11739, 28.82254], [-99.1177, 28.8216], [-99.11858, 28.81852], [-99.11969, 28.81472], [-99.12028, 28.81266], [-99.12105, 28.80998], [-99.12151, 28.80843], [-99.12165, 28.80794], [-99.12359, 28.80125], [-99.12443, 28.79831], [-99.12492, 28.79657], [-99.12532, 28.79526], [-99.12534, 28.79519], [-99.12555, 28.79443], [-99.12581, 28.79361], [-99.1263, 28.7919], [-99.12655, 28.79103], [-99.12702, 28.78945], [-99.1273, 28.78864], [-99.1276, 28.78792], [-99.12784, 28.78738], [-99.12803, 28.78702], [-99.12844, 28.78629], [-99.12897, 28.78539], [-99.1295, 28.7845], [-99.12985, 28.78385], [-99.13006, 28.78337], [-99.13022, 28.78303], [-99.13042, 28.78232], [-99.13053, 28.78192], [-99.13065, 28.78131], [-99.13072, 28.78056], [-99.13092, 28.77897], [-99.13106, 28.77805], [-99.13126, 28.77694], [-99.1315, 28.77592], [-99.13171, 28.7751], [-99.13202, 28.77398], [-99.13207, 28.7738], [-99.13267, 28.77179], [-99.13306, 28.77042], [-99.13362, 28.76845], [-99.13381, 28.76782], [-99.13404, 28.76699], [-99.13418, 28.76644], [-99.13439, 28.76545], [-99.13454, 28.76463], [-99.1346, 28.76421], [-99.13513, 28.76204], [-99.13547, 28.76082], [-99.13616, 28.75844], [-99.1365, 28.75721], [-99.13686, 28.75598], [-99.13759, 28.7535], [-99.13829, 28.75106], [-99.13855, 28.75018], [-99.13926, 28.74771], [-99.13973, 28.74621], [-99.14033, 28.74479], [-99.14106, 28.74345], [-99.1421, 28.74184], [-99.14262, 28.74105], [-99.14269, 28.74094], [-99.14334, 28.73991], [-99.14438, 28.73835], [-99.14512, 28.7372], [-99.14518, 28.73711], [-99.14521, 28.73705], [-99.14544, 28.7367], [-99.14558, 28.73644], [-99.14638, 28.7352], [-99.14732, 28.73377], [-99.14834, 28.73229], [-99.14941, 28.73069], [-99.1524, 28.72624], [-99.15279, 28.72559], [-99.15328, 28.72467], [-99.15363, 28.72388], [-99.15392, 28.72309], [-99.15445, 28.72139], [-99.15523, 28.71879], [-99.15577, 28.71703], [-99.15677, 28.71371], [-99.15726, 28.71207], [-99.15775, 28.71047], [-99.15892, 28.70654], [-99.15899, 28.70632], [-99.15915, 28.70574], [-99.15927, 28.70546], [-99.15952, 28.70462], [-99.15973, 28.70384], [-99.16001, 28.70303], [-99.16038, 28.70213], [-99.16082, 28.70123], [-99.16131, 28.70038], [-99.16166, 28.69985], [-99.1624, 28.69879], [-99.1631, 28.69799], [-99.16371, 28.69733], [-99.16458, 28.69651], [-99.16491, 28.69621], [-99.16506, 28.6961], [-99.17053, 28.69119], [-99.1754, 28.68675], [-99.17545, 28.68674], [-99.17706, 28.68504], [-99.17841, 28.68342], [-99.18021, 28.68117], [-99.18046, 28.68082], [-99.18106, 28.68005], [-99.18148, 28.67941], [-99.18161, 28.67921], [-99.18196, 28.67859], [-99.18243, 28.67776], [-99.18259, 28.67733], [-99.18263, 28.67721], [-99.18272, 28.67695], [-99.18308, 28.67601], [-99.18344, 28.67478], [-99.18367, 28.67338], [-99.18371, 28.6728], [-99.18372, 28.67264], [-99.18373, 28.67218], [-99.18374, 28.6716], [-99.1837, 28.67081], [-99.18363, 28.67], [-99.18352, 28.66934], [-99.18339, 28.66865], [-99.18328, 28.66818], [-99.18289, 28.66645], [-99.18168, 28.66114], [-99.18165, 28.66101], [-99.18083, 28.65735], [-99.18024, 28.65487], [-99.17969, 28.65243], [-99.17909, 28.64987], [-99.1788, 28.64871], [-99.17835, 28.64651], [-99.17822, 28.64571], [-99.17815, 28.64491], [-99.17815, 28.64459], [-99.17816, 28.64455], [-99.17816, 28.64412]]}}, {"type": "Feature", "properties": {"name": "I- 35"}, "geometry": {"type": "LineString", "coordinates": [[-99.17845, 28.64412], [-99.17844, 28.6445], [-99.17845, 28.64461], [-99.17848, 28.64499], [-99.17849, 28.64521], [-99.17858, 28.646], [-99.17878, 28.64709], [-99.17888, 28.64756], [-99.17904, 28.64826], [-99.17907, 28.6484], [-99.17909, 28.64848], [-99.17915, 28.6487], [-99.17917, 28.64877], [-99.17922, 28.64897], [-99.17925, 28.64915], [-99.17972, 28.65122], [-99.18062, 28.65509], [-99.18141, 28.65856], [-99.18192, 28.66081], [-99.18197, 28.66101], [-99.18209, 28.6615], [-99.18246, 28.66295], [-99.18258, 28.66344], [-99.18265, 28.6639], [-99.18268, 28.66402], [-99.18307, 28.66576], [-99.1832, 28.66634], [-99.18327, 28.66669], [-99.1835, 28.66774], [-99.18358, 28.66808], [-99.1838, 28.669], [-99.18387, 28.66927], [-99.184, 28.67024], [-99.18406, 28.67089], [-99.18406, 28.6718], [-99.18406, 28.67274], [-99.18406, 28.67276], [-99.18405, 28.67282], [-99.18405, 28.67285], [-99.18398, 28.67348], [-99.18394, 28.67376], [-99.18384, 28.67429], [-99.18359, 28.67542], [-99.18327, 28.67644], [-99.18324, 28.67653], [-99.183, 28.67732], [-99.18293, 28.67745], [-99.18283, 28.67765], [-99.18276, 28.67779], [-99.18231, 28.67863], [-99.18199, 28.67918], [-99.18187, 28.67938], [-99.18171, 28.67962], [-99.18152, 28.67991], [-99.18139, 28.6801], [-99.1809, 28.68075], [-99.18069, 28.68103], [-99.18012, 28.68175], [-99.17878, 28.68343], [-99.1784, 28.6839], [-99.17782, 28.68461], [-99.17772, 28.68473], [-99.1775, 28.685], [-99.17745, 28.68509], [-99.17737, 28.68522], [-99.17705, 28.68553], [-99.17637, 28.68621], [-99.17536, 28.68722], [-99.17329, 28.68908], [-99.17225, 28.69002], [-99.17152, 28.69067], [-99.17138, 28.6908], [-99.16878, 28.69315], [-99.16792, 28.69393], [-99.1674, 28.69441], [-99.16582, 28.69583], [-99.1653, 28.69631], [-99.16519, 28.69641], [-99.16486, 28.6967], [-99.16476, 28.6968], [-99.16431, 28.69719], [-99.16409, 28.69739], [-99.16402, 28.69746], [-99.16376, 28.69771], [-99.16341, 28.69807], [-99.16267, 28.69896], [-99.16235, 28.69939], [-99.16202, 28.69985], [-99.16184, 28.70013], [-99.16141, 28.70081], [-99.16124, 28.70113], [-99.16076, 28.70207], [-99.16049, 28.70266], [-99.16028, 28.70324], [-99.16007, 28.70386], [-99.1599, 28.70436], [-99.15987, 28.70446], [-99.15961, 28.70549], [-99.15927, 28.70651], [-99.15922, 28.70666], [-99.15874, 28.7083], [-99.15853, 28.70899], [-99.15819, 28.71009], [-99.15738, 28.71281], [-99.15656, 28.71549], [-99.1555, 28.719], [-99.15535, 28.71949], [-99.15472, 28.72158], [-99.15428, 28.72299], [-99.15421, 28.72321], [-99.15385, 28.72418], [-99.15351, 28.72493], [-99.15289, 28.72605], [-99.15288, 28.72608], [-99.15249, 28.72667], [-99.15128, 28.72846], [-99.14884, 28.73209], [-99.14763, 28.73387], [-99.14719, 28.73454], [-99.14586, 28.73657], [-99.14537, 28.73734], [-99.14534, 28.73739], [-99.14531, 28.73744], [-99.1449, 28.7381], [-99.14487, 28.73814], [-99.14377, 28.73983], [-99.14343, 28.74036], [-99.14296, 28.74111], [-99.14289, 28.74122], [-99.14264, 28.74159], [-99.14104, 28.74409], [-99.14092, 28.74434], [-99.14053, 28.7451], [-99.14011, 28.74608], [-99.13966, 28.74745], [-99.13924, 28.74895], [-99.13887, 28.7502], [-99.13829, 28.75224], [-99.13794, 28.75343], [-99.13741, 28.75526], [-99.13724, 28.75588], [-99.13635, 28.75894], [-99.13617, 28.75956], [-99.1358, 28.76084], [-99.13563, 28.76144], [-99.13546, 28.76207], [-99.13527, 28.76266], [-99.13525, 28.76276], [-99.13493, 28.7644], [-99.13482, 28.7649], [-99.13467, 28.76562], [-99.13455, 28.7662], [-99.13446, 28.7666], [-99.13418, 28.76763], [-99.13409, 28.76794], [-99.134, 28.76825], [-99.13392, 28.76852], [-99.13365, 28.76948], [-99.13364, 28.76954], [-99.13335, 28.77048], [-99.13332, 28.7706], [-99.13276, 28.77259], [-99.13248, 28.77361], [-99.13241, 28.77383], [-99.13221, 28.7745], [-99.13215, 28.77473], [-99.13208, 28.77494], [-99.13171, 28.77641], [-99.13165, 28.77667], [-99.13138, 28.77808], [-99.13122, 28.77911], [-99.13109, 28.78028], [-99.13096, 28.78122], [-99.1309, 28.78158], [-99.13084, 28.78193], [-99.13065, 28.78262], [-99.13046, 28.78316], [-99.13042, 28.78325], [-99.13024, 28.78373], [-99.12979, 28.7846], [-99.1292, 28.78561], [-99.1289, 28.78611], [-99.12874, 28.78637], [-99.12806, 28.78766], [-99.12766, 28.78854], [-99.12731, 28.78954], [-99.12707, 28.79038], [-99.12676, 28.79138], [-99.1265, 28.79227], [-99.12622, 28.79324], [-99.12565, 28.79524], [-99.12565, 28.79526], [-99.12535, 28.7963], [-99.12475, 28.79836], [-99.12466, 28.79868], [-99.12419, 28.80029], [-99.12328, 28.8034], [-99.12285, 28.80491], [-99.12252, 28.80608], [-99.12236, 28.80663], [-99.12196, 28.80801], [-99.12102, 28.81119], [-99.12059, 28.81273], [-99.11998, 28.81479], [-99.11978, 28.81549], [-99.11889, 28.81857], [-99.11824, 28.8208], [-99.11767, 28.82263], [-99.11612, 28.82811], [-99.11456, 28.83358], [-99.11413, 28.83514], [-99.11392, 28.83589], [-99.11341, 28.83795], [-99.1131, 28.83896], [-99.1124, 28.84137], [-99.11222, 28.84193], [-99.11214, 28.84221], [-99.1119, 28.84305], [-99.11182, 28.84334], [-99.11145, 28.84464], [-99.11128, 28.84522], [-99.11102, 28.84613], [-99.10965, 28.85089], [-99.1091, 28.85278], [-99.10898, 28.85319], [-99.10877, 28.85394], [-99.10801, 28.85656], [-99.1074, 28.85878], [-99.1071, 28.85985], [-99.10694, 28.86068], [-99.10686, 28.86159], [-99.10686, 28.86235], [-99.10693, 28.86321], [-99.10715, 28.8643], [-99.10743, 28.86513], [-99.10763, 28.8656], [-99.1078, 28.86598], [-99.10789, 28.86616], [-99.10808, 28.86654], [-99.10855, 28.86745], [-99.10913, 28.86855], [-99.11018, 28.8706], [-99.11069, 28.87156], [-99.1111, 28.87233], [-99.11115, 28.87243], [-99.11231, 28.87467], [-99.11261, 28.87527], [-99.11271, 28.87545], [-99.1128, 28.87562], [-99.11308, 28.87614], [-99.11317, 28.87631], [-99.11361, 28.87718], [-99.11451, 28.87894], [-99.11457, 28.87905], [-99.11497, 28.87978], [-99.11504, 28.87992], [-99.1154, 28.88066], [-99.11586, 28.88155], [-99.11641, 28.88261], [-99.11677, 28.88347], [-99.11694, 28.88403], [-99.11702, 28.88431], [-99.11728, 28.88528], [-99.11728, 28.88532], [-99.1173, 28.88544], [-99.1173, 28.88548], [-99.11734, 28.88583], [-99.11739, 28.88621], [-99.11741, 28.88686], [-99.11743, 28.88721], [-99.11744, 28.8874], [-99.11741, 28.88827], [-99.11731, 28.88898], [-99.11722, 28.88966], [-99.11666, 28.89302], [-99.11639, 28.89423], [-99.11629, 28.89467], [-99.11592, 28.89594], [-99.1159, 28.896], [-99.11583, 28.89617], [-99.11581, 28.89623], [-99.11557, 28.89688], [-99.11506, 28.89822], [-99.11486, 28.8987], [-99.11481, 28.89881], [-99.11456, 28.89946], [-99.11423, 28.90033], [-99.11374, 28.90165], [-99.11365, 28.90187], [-99.11329, 28.90283], [-99.11324, 28.90296], [-99.11292, 28.90384], [-99.11291, 28.90387], [-99.11288, 28.90395], [-99.11287, 28.90398], [-99.11285, 28.90401], [-99.11281, 28.90411], [-99.1128, 28.90414], [-99.11262, 28.90459], [-99.11261, 28.90462], [-99.11238, 28.90522], [-99.11194, 28.90638], [-99.11172, 28.90695], [-99.11058, 28.90997], [-99.10986, 28.91183], [-99.1092, 28.91322], [-99.10844, 28.91452], [-99.10837, 28.91464], [-99.10805, 28.91514], [-99.10651, 28.91731], [-99.10631, 28.91759], [-99.10601, 28.91799], [-99.10561, 28.91853], [-99.10514, 28.91919], [-99.10485, 28.91959], [-99.10327, 28.9218], [-99.10259, 28.92275], [-99.10228, 28.92318], [-99.10107, 28.92481], [-99.0996, 28.92688], [-99.09848, 28.92842], [-99.09808, 28.92897], [-99.09727, 28.93007], [-99.09685, 28.9306], [-99.09655, 28.93097], [-99.09585, 28.93174], [-99.09552, 28.93211], [-99.09471, 28.93305], [-99.09443, 28.93336], [-99.09154, 28.93666], [-99.09131, 28.93692], [-99.09085, 28.93741], [-99.09016, 28.93813], [-99.08952, 28.93878], [-99.08868, 28.93963], [-99.08795, 28.94033], [-99.08759, 28.94069], [-99.08695, 28.94134], [-99.08667, 28.94162], [-99.08652, 28.94178], [-99.08583, 28.94246], [-99.08555, 28.94273], [-99.08544, 28.94284], [-99.08482, 28.94347], [-99.08481, 28.9435], [-99.08405, 28.94432], [-99.08315, 28.94546], [-99.08287, 28.94588], [-99.08273, 28.94609], [-99.08236, 28.94677], [-99.08231, 28.94685], [-99.08219, 28.94708], [-99.08214, 28.94716], [-99.08183, 28.94775], [-99.08142, 28.94868], [-99.08085, 28.9505], [-99.08056, 28.95154], [-99.08046, 28.9519], [-99.07987, 28.95382], [-99.07967, 28.95456], [-99.07949, 28.95512], [-99.0789, 28.95728], [-99.07858, 28.95835], [-99.07798, 28.96033], [-99.07771, 28.9612], [-99.07678, 28.96452], [-99.07652, 28.96537], [-99.07621, 28.96643], [-99.07621, 28.96644], [-99.07574, 28.96765], [-99.07477, 28.96987], [-99.07463, 28.97018], [-99.07424, 28.97109], [-99.07261, 28.97491], [-99.07242, 28.97535], [-99.07225, 28.97573], [-99.07097, 28.97871], [-99.06991, 28.98116], [-99.06898, 28.98328], [-99.06812, 28.98524], [-99.06765, 28.98635], [-99.06638, 28.98934], [-99.06601, 28.99016], [-99.06596, 28.99026], [-99.06471, 28.9932], [-99.06455, 28.99358], [-99.06446, 28.99379], [-99.06386, 28.99515], [-99.06315, 28.99679], [-99.06314, 28.99682], [-99.06275, 28.99771], [-99.06172, 29.00016], [-99.06084, 29.00221], [-99.06051, 29.003], [-99.05967, 29.0049], [-99.0589, 29.00671], [-99.05814, 29.00848], [-99.05789, 29.00903], [-99.05725, 29.01047], [-99.05662, 29.01192], [-99.0558, 29.0139], [-99.05455, 29.01679], [-99.05417, 29.01768], [-99.05321, 29.01987], [-99.05236, 29.02194], [-99.05179, 29.02349], [-99.05162, 29.02394], [-99.05132, 29.0247], [-99.05112, 29.02528], [-99.05096, 29.02574], [-99.05079, 29.02623], [-99.05057, 29.02686], [-99.05053, 29.02694], [-99.05022, 29.02764], [-99.0502, 29.02768], [-99.04996, 29.02814], [-99.04971, 29.02855], [-99.04959, 29.0287], [-99.04903, 29.02943], [-99.04847, 29.03007], [-99.04828, 29.03024], [-99.04808, 29.03042], [-99.04776, 29.03067], [-99.04742, 29.03093], [-99.04734, 29.031], [-99.04637, 29.03169], [-99.04602, 29.03194], [-99.04563, 29.03221], [-99.04344, 29.03379], [-99.04151, 29.03531], [-99.04064, 29.036], [-99.03859, 29.03762], [-99.03584, 29.03984], [-99.03533, 29.04024], [-99.0342, 29.04114], [-99.03344, 29.04174], [-99.03261, 29.04243], [-99.03172, 29.04311], [-99.0312, 29.0435], [-99.03064, 29.04385], [-99.02842, 29.04517], [-99.02724, 29.04585], [-99.02617, 29.04648], [-99.02568, 29.04676], [-99.02493, 29.0472], [-99.02416, 29.04765], [-99.02209, 29.04887], [-99.02097, 29.04953], [-99.01941, 29.05054], [-99.01842, 29.0512], [-99.01839, 29.05122], [-99.01828, 29.05129], [-99.01825, 29.05132], [-99.0164, 29.05243], [-99.01577, 29.05281], [-99.01563, 29.05289], [-99.01319, 29.05418], [-99.01277, 29.05439], [-99.01246, 29.05456], [-99.01161, 29.05503], [-99.01073, 29.05553], [-99.00905, 29.0565], [-99.00886, 29.05661], [-99.00809, 29.05708], [-99.00778, 29.05725], [-99.00621, 29.05815], [-99.00452, 29.05916], [-99.00418, 29.05937], [-99.00344, 29.05982], [-99.00294, 29.06013], [-99.00253, 29.06038], [-99.00168, 29.0609], [-99.0014, 29.06105], [-99.00087, 29.06132], [-99.00048, 29.06152], [-99.00042, 29.06154], [-98.99904, 29.06212], [-98.99858, 29.06231], [-98.99834, 29.06239], [-98.99787, 29.06255], [-98.99713, 29.06282], [-98.99646, 29.06305], [-98.99614, 29.06318], [-98.99556, 29.06342], [-98.99096, 29.06548], [-98.99027, 29.06581], [-98.98955, 29.06619], [-98.9891, 29.06645], [-98.98687, 29.06772], [-98.98686, 29.06773], [-98.98425, 29.06927], [-98.98422, 29.06929], [-98.98345, 29.06974], [-98.98258, 29.07026], [-98.98193, 29.07068], [-98.98185, 29.07074], [-98.98115, 29.07126], [-98.98008, 29.07208], [-98.97892, 29.07295], [-98.9778, 29.07382], [-98.97673, 29.07463], [-98.9756, 29.07549], [-98.97429, 29.07649], [-98.97113, 29.07895], [-98.96895, 29.08055], [-98.96671, 29.08228], [-98.96439, 29.08403], [-98.96005, 29.08739], [-98.95848, 29.08856], [-98.95672, 29.08993], [-98.95541, 29.09088]]}}, {"type": "Feature", "properties": {"name": "US Hwy 67"}, "geometry": {"type": "LineString", "coordinates": [[-100.50647, 31.43089], [-100.50649, 31.43111], [-100.50653, 31.43153], [-100.50655, 31.43193], [-100.50655, 31.43228], [-100.50652, 31.4326], [-100.50648, 31.43289], [-100.50635, 31.43341], [-100.50626, 31.43367], [-100.50617, 31.43388], [-100.50606, 31.4341], [-100.50587, 31.43444], [-100.50576, 31.43461], [-100.50555, 31.43489], [-100.50516, 31.43534], [-100.50454, 31.43599], [-100.50422, 31.43633], [-100.50263, 31.438], [-100.50133, 31.43934], [-100.50047, 31.44021], [-100.49883, 31.44193], [-100.49856, 31.4422], [-100.49814, 31.44262], [-100.49722, 31.44359], [-100.49536, 31.44548], [-100.49517, 31.44569], [-100.49496, 31.44594], [-100.49486, 31.44605], [-100.49367, 31.44733], [-100.4929, 31.44809], [-100.49279, 31.4482], [-100.49259, 31.4484], [-100.49216, 31.44882], [-100.49145, 31.44954], [-100.49098, 31.44999], [-100.49062, 31.4503], [-100.49, 31.45075], [-100.4896, 31.45099], [-100.48892, 31.45136], [-100.4883, 31.45165], [-100.48791, 31.4518], [-100.48738, 31.45197], [-100.48672, 31.45216], [-100.48615, 31.45227], [-100.48536, 31.45239], [-100.48471, 31.45248], [-100.48453, 31.4525], [-100.4832, 31.45266], [-100.48281, 31.45271], [-100.48279, 31.45271], [-100.48147, 31.45288], [-100.48052, 31.45294], [-100.4795, 31.45314], [-100.47943, 31.45314], [-100.47846, 31.4533], [-100.47845, 31.45331], [-100.47766, 31.45344], [-100.47722, 31.45352], [-100.47705, 31.45356], [-100.47687, 31.45363], [-100.47576, 31.45401], [-100.47549, 31.4541], [-100.47513, 31.45426], [-100.47409, 31.45474], [-100.47373, 31.4549], [-100.47093, 31.45626], [-100.47039, 31.45657], [-100.46764, 31.45787], [-100.46753, 31.45793], [-100.46722, 31.45807], [-100.46578, 31.45876], [-100.46524, 31.45899], [-100.46516, 31.45904], [-100.46394, 31.45963], [-100.46354, 31.45982], [-100.46319, 31.45998], [-100.46295, 31.4601], [-100.46236, 31.46038], [-100.46137, 31.4608], [-100.46098, 31.46096], [-100.46054, 31.46112], [-100.45892, 31.46176], [-100.45844, 31.46195], [-100.45765, 31.46229], [-100.45654, 31.46281], [-100.45586, 31.46312], [-100.45486, 31.46363], [-100.454, 31.46405], [-100.45385, 31.46412], [-100.45315, 31.46446], [-100.45222, 31.4649], [-100.45137, 31.46532], [-100.45135, 31.46533], [-100.45115, 31.46542], [-100.45003, 31.46594], [-100.44882, 31.46647], [-100.44865, 31.46655], [-100.44853, 31.46659], [-100.44844, 31.46664], [-100.44732, 31.46714], [-100.44717, 31.46721], [-100.44697, 31.4673], [-100.44678, 31.46739], [-100.44596, 31.46773], [-100.4457, 31.46784], [-100.44486, 31.46823], [-100.44479, 31.46826], [-100.44257, 31.46934], [-100.44221, 31.46953], [-100.44168, 31.46977], [-100.44154, 31.46984], [-100.44136, 31.46993], [-100.44029, 31.47046], [-100.43969, 31.47076], [-100.43908, 31.47107], [-100.43872, 31.47124], [-100.4386, 31.4713], [-100.43845, 31.47137], [-100.43821, 31.47148], [-100.43768, 31.47173], [-100.43695, 31.47202], [-100.43309, 31.47394], [-100.43223, 31.47436], [-100.43216, 31.47439], [-100.43041, 31.4752], [-100.42956, 31.47547], [-100.42855, 31.47567], [-100.42832, 31.4757], [-100.42751, 31.47575], [-100.42712, 31.47574], [-100.4271, 31.47574], [-100.42669, 31.47576], [-100.42571, 31.47581], [-100.42507, 31.47578], [-100.42463, 31.47578], [-100.42424, 31.47579], [-100.42127, 31.4758], [-100.41948, 31.47581], [-100.41909, 31.47582], [-100.41893, 31.47582], [-100.41891, 31.47582], [-100.41874, 31.47582], [-100.41843, 31.47581], [-100.4178, 31.47581], [-100.41742, 31.47581], [-100.41605, 31.47578], [-100.41466, 31.4758], [-100.41332, 31.47578], [-100.41145, 31.4758], [-100.41143, 31.4758], [-100.40964, 31.4758], [-100.40959, 31.4758], [-100.40774, 31.47579], [-100.40734, 31.47579], [-100.40612, 31.47581], [-100.40595, 31.4758], [-100.40591, 31.4758], [-100.40462, 31.4758], [-100.40412, 31.47583], [-100.40324, 31.47593], [-100.40278, 31.47599], [-100.40172, 31.47615], [-100.39901, 31.47674], [-100.39835, 31.47687], [-100.39817, 31.47691], [-100.39793, 31.47696], [-100.39726, 31.4771], [-100.39496, 31.4776], [-100.39326, 31.47797], [-100.39004, 31.4788], [-100.38814, 31.47975], [-100.38798, 31.47985], [-100.38773, 31.48003], [-100.38725, 31.48036], [-100.38694, 31.4806], [-100.38671, 31.48079], [-100.38595, 31.48147], [-100.3853, 31.48218], [-100.38512, 31.4824], [-100.38502, 31.48252], [-100.38464, 31.48302], [-100.38389, 31.48398], [-100.38355, 31.4845]]}}, {"type": "Feature", "properties": {"name": "US Hwy 67"}, "geometry": {"type": "LineString", "coordinates": [[-100.38483, 31.48241], [-100.38515, 31.48199], [-100.38544, 31.48164], [-100.38574, 31.48132], [-100.38598, 31.4811], [-100.38623, 31.48084], [-100.38658, 31.48053], [-100.38715, 31.4801], [-100.38784, 31.47962], [-100.38813, 31.47946], [-100.38847, 31.47927], [-100.38902, 31.47898], [-100.3894, 31.47879], [-100.38952, 31.47872], [-100.38959, 31.47868], [-100.3898, 31.47859], [-100.38988, 31.47857], [-100.38996, 31.47854], [-100.39066, 31.47829], [-100.39083, 31.47824], [-100.3913, 31.4781], [-100.39243, 31.47782], [-100.39309, 31.47769], [-100.39329, 31.47764], [-100.39391, 31.47753], [-100.39412, 31.47749], [-100.39432, 31.47745], [-100.39472, 31.47736], [-100.39493, 31.47731], [-100.39556, 31.47717], [-100.39557, 31.47717], [-100.39745, 31.47677], [-100.39789, 31.47668], [-100.39798, 31.47666], [-100.39808, 31.47663], [-100.39817, 31.47662], [-100.39826, 31.4766], [-100.39964, 31.47632], [-100.39996, 31.47625], [-100.40145, 31.47594], [-100.40263, 31.47572], [-100.40296, 31.47567], [-100.40373, 31.47558], [-100.40433, 31.47553], [-100.40441, 31.47552], [-100.40592, 31.47549], [-100.40598, 31.47549], [-100.40617, 31.47549], [-100.40623, 31.47549], [-100.40638, 31.47549], [-100.40677, 31.47549], [-100.40682, 31.47549], [-100.40697, 31.4755], [-100.40702, 31.4755], [-100.40714, 31.4755], [-100.40719, 31.4755], [-100.40767, 31.47551], [-100.40811, 31.47552], [-100.40911, 31.47551], [-100.4096, 31.47551], [-100.40964, 31.47551], [-100.40998, 31.47551], [-100.41112, 31.47551], [-100.41143, 31.47551], [-100.4115, 31.47551], [-100.41187, 31.47551], [-100.41297, 31.4755], [-100.41334, 31.4755], [-100.41434, 31.47548], [-100.41466, 31.47547], [-100.41604, 31.4755], [-100.41733, 31.47549], [-100.4174, 31.47549], [-100.41748, 31.47549], [-100.4179, 31.4755], [-100.41832, 31.4755], [-100.41842, 31.4755], [-100.4187, 31.4755], [-100.41879, 31.47551], [-100.41883, 31.47551], [-100.41888, 31.47551], [-100.41894, 31.47551], [-100.41898, 31.47552], [-100.41904, 31.47552], [-100.41925, 31.47553], [-100.41932, 31.47553], [-100.41971, 31.47553], [-100.41997, 31.47553], [-100.42088, 31.47553], [-100.42127, 31.47553], [-100.42201, 31.47554], [-100.42316, 31.47554], [-100.42422, 31.47552], [-100.42426, 31.47552], [-100.42496, 31.47552], [-100.42506, 31.47552], [-100.42533, 31.47552], [-100.42542, 31.47552], [-100.42548, 31.47551], [-100.42564, 31.47551], [-100.4257, 31.47551], [-100.42636, 31.47556], [-100.42705, 31.47556], [-100.42709, 31.47556], [-100.42733, 31.47556], [-100.42776, 31.47554], [-100.42852, 31.47544], [-100.42904, 31.47532], [-100.42955, 31.47519], [-100.4304, 31.47493], [-100.43097, 31.47467], [-100.43185, 31.47428], [-100.43214, 31.47415], [-100.4322, 31.47412], [-100.43236, 31.47404], [-100.43237, 31.47403], [-100.4329, 31.47375], [-100.43308, 31.47365], [-100.43415, 31.47313], [-100.43737, 31.47157], [-100.4375, 31.47151], [-100.43819, 31.47115], [-100.43828, 31.47111], [-100.43836, 31.47107], [-100.43843, 31.47104], [-100.43849, 31.47101], [-100.43855, 31.47098], [-100.43866, 31.47092], [-100.43903, 31.47075], [-100.44028, 31.47014], [-100.4408, 31.46989], [-100.44102, 31.46978], [-100.44118, 31.4697], [-100.44129, 31.46965], [-100.44139, 31.4696], [-100.44146, 31.46957], [-100.44152, 31.46954], [-100.44205, 31.46928], [-100.44291, 31.46887], [-100.44402, 31.46832], [-100.44449, 31.46809], [-100.44468, 31.46801], [-100.44499, 31.46786], [-100.4459, 31.46743], [-100.44619, 31.4673], [-100.4462, 31.46729], [-100.44632, 31.46724], [-100.44644, 31.46718], [-100.44653, 31.46714], [-100.44661, 31.46711], [-100.44668, 31.46708], [-100.4467, 31.46707], [-100.4468, 31.46703], [-100.44689, 31.46699], [-100.44699, 31.46695], [-100.44707, 31.46691], [-100.44709, 31.4669], [-100.44715, 31.46688], [-100.44765, 31.46667], [-100.44799, 31.46652], [-100.44814, 31.46645], [-100.44824, 31.46641], [-100.44828, 31.46639], [-100.44834, 31.46637], [-100.44839, 31.46635], [-100.44848, 31.46631], [-100.44851, 31.4663], [-100.44857, 31.46627], [-100.44918, 31.466], [-100.44966, 31.46579], [-100.451, 31.46515], [-100.4516, 31.46487], [-100.45202, 31.46467], [-100.45258, 31.46441], [-100.45327, 31.46408], [-100.45369, 31.46387], [-100.45469, 31.46338], [-100.45567, 31.4629], [-100.45713, 31.46222], [-100.45773, 31.46196], [-100.45875, 31.46151], [-100.45911, 31.46136], [-100.45917, 31.46134], [-100.45979, 31.46111], [-100.46043, 31.46087], [-100.46085, 31.46071], [-100.46124, 31.46054], [-100.46191, 31.46026], [-100.4624, 31.46004], [-100.46278, 31.45987], [-100.46364, 31.45946], [-100.46401, 31.45929], [-100.46511, 31.45875], [-100.46576, 31.45842], [-100.46618, 31.45822], [-100.46704, 31.45782], [-100.4672, 31.45774], [-100.46736, 31.45766], [-100.46748, 31.4576], [-100.46755, 31.45757], [-100.46759, 31.45754], [-100.46764, 31.45752], [-100.4679, 31.4574], [-100.46839, 31.45716], [-100.46931, 31.45671], [-100.47245, 31.45521], [-100.47264, 31.45512], [-100.4738, 31.45455], [-100.47441, 31.45427], [-100.47493, 31.45403], [-100.47555, 31.45377], [-100.47577, 31.45368], [-100.47626, 31.45352], [-100.47672, 31.45338], [-100.4768, 31.45335], [-100.47689, 31.45332], [-100.47693, 31.45331], [-100.47703, 31.45328], [-100.47707, 31.45328], [-100.47735, 31.45321], [-100.47772, 31.45313], [-100.47821, 31.45303], [-100.47831, 31.45301], [-100.4785, 31.45298], [-100.47877, 31.45294], [-100.47898, 31.45291], [-100.47959, 31.45283], [-100.47987, 31.45279], [-100.48016, 31.45276], [-100.48103, 31.45265], [-100.48133, 31.45261], [-100.48163, 31.45257], [-100.48253, 31.45246], [-100.48284, 31.45242], [-100.48316, 31.45238], [-100.48413, 31.45226], [-100.48445, 31.45222], [-100.48486, 31.45217], [-100.48524, 31.45212], [-100.48596, 31.45203], [-100.4865, 31.45193], [-100.48686, 31.45184], [-100.48753, 31.45162], [-100.48756, 31.45161], [-100.48777, 31.45154], [-100.48807, 31.45143], [-100.48829, 31.45131], [-100.48921, 31.45083], [-100.48975, 31.45055], [-100.49021, 31.45022], [-100.49041, 31.45009], [-100.49056, 31.44997], [-100.49117, 31.44941], [-100.4914, 31.44915], [-100.49164, 31.44892], [-100.4922, 31.44838], [-100.49229, 31.44829], [-100.49239, 31.4482], [-100.49245, 31.44814], [-100.49251, 31.44807], [-100.49275, 31.44781], [-100.49287, 31.44768], [-100.493, 31.44756], [-100.49338, 31.44715], [-100.49422, 31.44626], [-100.49451, 31.44595], [-100.49488, 31.44554], [-100.49515, 31.44525], [-100.49556, 31.44483], [-100.49603, 31.44437], [-100.49763, 31.44271], [-100.4983, 31.44202], [-100.49832, 31.442], [-100.49941, 31.44088], [-100.50001, 31.44026], [-100.50047, 31.43979], [-100.50125, 31.43897], [-100.50193, 31.43828], [-100.50267, 31.43751], [-100.50268, 31.4375], [-100.50376, 31.4364], [-100.50463, 31.4355], [-100.50504, 31.43508], [-100.50535, 31.43471], [-100.50548, 31.43456], [-100.5057, 31.43421], [-100.50593, 31.4338], [-100.50605, 31.43351], [-100.50619, 31.43307], [-100.50628, 31.43267], [-100.50632, 31.43234], [-100.50633, 31.43225], [-100.50634, 31.43203], [-100.50632, 31.43145], [-100.50628, 31.43122], [-100.50625, 31.43101]]}}, {"type": "Feature", "properties": {"name": "US Hwy 67"}, "geometry": {"type": "LineString", "coordinates": [[-103.0505, 30.90052], [-103.04791, 30.90039], [-103.03566, 30.89974], [-103.03107, 30.8995], [-103.02557, 30.8992], [-103.02248, 30.89904], [-103.0144, 30.89861], [-103.01399, 30.89859], [-103.00783, 30.89827], [-103.00217, 30.89798], [-103.00035, 30.89788], [-102.99844, 30.89778], [-102.9962, 30.89766], [-102.99606, 30.89765], [-102.99314, 30.89748], [-102.98886, 30.89725], [-102.98465, 30.89703], [-102.98406, 30.897], [-102.97719, 30.89667], [-102.97662, 30.89661], [-102.97392, 30.89647], [-102.96536, 30.89599], [-102.96474, 30.89598], [-102.96428, 30.89595], [-102.96089, 30.89578], [-102.96067, 30.89576], [-102.96036, 30.89575], [-102.9538, 30.89539], [-102.95029, 30.89521], [-102.94328, 30.89483], [-102.94205, 30.89477], [-102.93973, 30.89464], [-102.93597, 30.89443], [-102.93461, 30.8944], [-102.9331, 30.89437], [-102.92819, 30.89419], [-102.92781, 30.89418], [-102.92686, 30.89424], [-102.92668, 30.89423], [-102.92507, 30.89434], [-102.92408, 30.89447], [-102.92328, 30.89464], [-102.92264, 30.89482], [-102.92163, 30.89519], [-102.92025, 30.89582], [-102.91971, 30.8961], [-102.9187, 30.89664], [-102.91864, 30.89667], [-102.91841, 30.89679], [-102.91296, 30.89951], [-102.91257, 30.89974], [-102.91126, 30.90038], [-102.90967, 30.90121], [-102.90461, 30.90372], [-102.90236, 30.90485], [-102.90095, 30.90556], [-102.90002, 30.906], [-102.89963, 30.90618], [-102.89911, 30.90637], [-102.89871, 30.9065], [-102.89823, 30.90666], [-102.89765, 30.90681], [-102.89758, 30.90683], [-102.8971, 30.90693], [-102.89645, 30.90704], [-102.89575, 30.90713], [-102.89511, 30.90719], [-102.89457, 30.9072], [-102.89449, 30.9072], [-102.89373, 30.90721], [-102.8922, 30.9072], [-102.89051, 30.90721], [-102.88956, 30.90721], [-102.88421, 30.90722], [-102.87934, 30.90724], [-102.87816, 30.90724], [-102.87723, 30.90724], [-102.8769, 30.90722], [-102.87658, 30.9072], [-102.87596, 30.90714], [-102.8753, 30.90705], [-102.87492, 30.90698], [-102.87418, 30.90681], [-102.87352, 30.90663], [-102.87264, 30.90631], [-102.87213, 30.90611], [-102.87165, 30.90589], [-102.87052, 30.90532], [-102.87001, 30.90506], [-102.86867, 30.90438], [-102.86854, 30.90431], [-102.86817, 30.90412], [-102.86789, 30.90397], [-102.86754, 30.90379], [-102.86732, 30.90368], [-102.86604, 30.90301], [-102.86029, 30.90004], [-102.85836, 30.89905], [-102.85795, 30.89883], [-102.85626, 30.89796], [-102.85609, 30.89788], [-102.85483, 30.89724], [-102.85474, 30.89719], [-102.85442, 30.89702], [-102.85345, 30.89654], [-102.85311, 30.89638], [-102.85288, 30.89622], [-102.85029, 30.89489], [-102.84872, 30.89408], [-102.8484, 30.89391], [-102.84783, 30.89363], [-102.84723, 30.89335], [-102.84672, 30.89314], [-102.84588, 30.89286], [-102.84505, 30.89263], [-102.84419, 30.89246], [-102.84378, 30.89238], [-102.84332, 30.89232], [-102.84273, 30.89228], [-102.84256, 30.8923], [-102.84163, 30.89225], [-102.83943, 30.8922], [-102.83765, 30.89218], [-102.83624, 30.89214], [-102.83051, 30.89202], [-102.83022, 30.89201], [-102.81904, 30.89175], [-102.80598, 30.89147], [-102.80441, 30.89144], [-102.79876, 30.8913], [-102.79245, 30.89115], [-102.79224, 30.89116], [-102.78939, 30.8911], [-102.7874, 30.89106], [-102.78418, 30.89097], [-102.78124, 30.89091], [-102.77536, 30.89078], [-102.77275, 30.89073], [-102.76986, 30.89066], [-102.76672, 30.8906], [-102.75773, 30.89039], [-102.75502, 30.89033], [-102.74969, 30.8902], [-102.747, 30.89016], [-102.74519, 30.8901], [-102.74286, 30.89004], [-102.73864, 30.88994], [-102.73626, 30.88989], [-102.73333, 30.88983], [-102.73203, 30.88979], [-102.73056, 30.88975], [-102.72349, 30.88959], [-102.72097, 30.88954], [-102.71959, 30.8895], [-102.71822, 30.88946], [-102.71599, 30.88941], [-102.71516, 30.8894], [-102.71387, 30.88938], [-102.71292, 30.88934], [-102.71226, 30.8893], [-102.71135, 30.88922], [-102.71103, 30.88918], [-102.71031, 30.88907], [-102.70956, 30.88892], [-102.70952, 30.88891], [-102.70738, 30.88841], [-102.7049, 30.88781], [-102.70003, 30.88667], [-102.69748, 30.88608], [-102.6953, 30.88556], [-102.69372, 30.88518], [-102.69115, 30.88458], [-102.68856, 30.88397], [-102.68646, 30.88348], [-102.68143, 30.88227], [-102.68055, 30.88207], [-102.67857, 30.88168], [-102.67793, 30.88159], [-102.67727, 30.88148], [-102.6743, 30.88112], [-102.67342, 30.88102], [-102.67091, 30.8807], [-102.66715, 30.88021], [-102.66656, 30.88014], [-102.653, 30.87844]]}}, {"type": "Feature", "properties": {"name": "US Hwy 67"}, "geometry": {"type": "LineString", "coordinates": [[-102.65755, 30.87875], [-102.66092, 30.87917], [-102.66628, 30.87983], [-102.66716, 30.87996], [-102.6675, 30.88], [-102.66946, 30.88023], [-102.67063, 30.88038], [-102.67094, 30.88042], [-102.67103, 30.88043], [-102.67195, 30.88055], [-102.67441, 30.88085], [-102.67466, 30.88088], [-102.67543, 30.88097], [-102.67569, 30.881], [-102.67605, 30.88104], [-102.67669, 30.88109], [-102.67859, 30.88136], [-102.68014, 30.88162], [-102.68127, 30.88185], [-102.6823, 30.88209], [-102.68253, 30.88215], [-102.685, 30.88276], [-102.68589, 30.88297], [-102.68772, 30.88341], [-102.69374, 30.88484], [-102.69582, 30.88531], [-102.69735, 30.88569], [-102.69812, 30.88585], [-102.70055, 30.88643], [-102.70275, 30.88695], [-102.70279, 30.88695], [-102.70463, 30.8874], [-102.7055, 30.88759], [-102.70717, 30.88799], [-102.70818, 30.88821], [-102.70922, 30.88847], [-102.70955, 30.88855], [-102.70977, 30.88859], [-102.71013, 30.88867], [-102.71044, 30.88873], [-102.71052, 30.88875], [-102.71067, 30.88876], [-102.71082, 30.88879], [-102.71135, 30.88886], [-102.71177, 30.88891], [-102.71272, 30.88898], [-102.71326, 30.889], [-102.71465, 30.88905], [-102.71733, 30.88912], [-102.71755, 30.88913], [-102.71961, 30.88917], [-102.71985, 30.88918], [-102.72285, 30.88923], [-102.72884, 30.88938], [-102.73209, 30.88947], [-102.73307, 30.8895], [-102.73564, 30.88956], [-102.73822, 30.8896], [-102.73829, 30.8896], [-102.74077, 30.88966], [-102.74316, 30.8897], [-102.74512, 30.88976], [-102.75141, 30.88988], [-102.75419, 30.88994], [-102.75484, 30.88995], [-102.76203, 30.89014], [-102.77228, 30.89036], [-102.7831, 30.89059], [-102.78399, 30.89062], [-102.78415, 30.89062], [-102.78941, 30.89077], [-102.79097, 30.89081], [-102.79371, 30.89083], [-102.79472, 30.89086], [-102.79776, 30.89092], [-102.79877, 30.89095], [-102.79978, 30.89098], [-102.7999, 30.89098], [-102.80331, 30.89106], [-102.80445, 30.89109], [-102.80734, 30.89114], [-102.81106, 30.89123], [-102.81201, 30.89125], [-102.81412, 30.89129], [-102.82253, 30.89149], [-102.82407, 30.89153], [-102.83027, 30.89166], [-102.8305, 30.89167], [-102.83467, 30.89177], [-102.83539, 30.89178], [-102.83833, 30.89183], [-102.83979, 30.89187], [-102.84101, 30.89189], [-102.84158, 30.8919], [-102.84167, 30.8919], [-102.84179, 30.8919], [-102.84282, 30.89195], [-102.84388, 30.89207], [-102.84462, 30.89219], [-102.8454, 30.89239], [-102.84617, 30.89259], [-102.84703, 30.89293], [-102.84797, 30.89333], [-102.84824, 30.89347], [-102.84888, 30.89384], [-102.84978, 30.89431], [-102.85248, 30.89571], [-102.85307, 30.89601], [-102.85339, 30.89616], [-102.85349, 30.89621], [-102.85381, 30.89638], [-102.85392, 30.89643], [-102.85413, 30.89654], [-102.85459, 30.89677], [-102.85475, 30.89686], [-102.85496, 30.89697], [-102.85626, 30.89765], [-102.85677, 30.89791], [-102.85746, 30.89826], [-102.85759, 30.89833], [-102.85841, 30.89876], [-102.85942, 30.89927], [-102.86042, 30.89979], [-102.86099, 30.90008], [-102.86337, 30.90131], [-102.86497, 30.90213], [-102.86501, 30.90215], [-102.86561, 30.90246], [-102.8674, 30.90339], [-102.86747, 30.90343], [-102.86751, 30.90345], [-102.86763, 30.90351], [-102.86767, 30.90353], [-102.86775, 30.90357], [-102.868, 30.9037], [-102.86808, 30.90374], [-102.86815, 30.90377], [-102.86833, 30.90387], [-102.86834, 30.90387], [-102.8684, 30.9039], [-102.86847, 30.90393], [-102.8687, 30.90404], [-102.86878, 30.90408], [-102.8691, 30.90425], [-102.86931, 30.90436], [-102.87008, 30.90475], [-102.87041, 30.90491], [-102.87054, 30.90498], [-102.87095, 30.90518], [-102.87109, 30.90525], [-102.87126, 30.90537], [-102.87161, 30.90556], [-102.87178, 30.90565], [-102.87229, 30.90587], [-102.8729, 30.90611], [-102.87328, 30.90625], [-102.87356, 30.90635], [-102.87386, 30.90644], [-102.8741, 30.90651], [-102.87414, 30.90652], [-102.87466, 30.90664], [-102.87484, 30.90667], [-102.87509, 30.90672], [-102.87526, 30.90675], [-102.87562, 30.90681], [-102.87576, 30.90682], [-102.87593, 30.90685], [-102.87599, 30.90686], [-102.87696, 30.90693], [-102.87759, 30.90694], [-102.8779, 30.90695], [-102.87874, 30.90693], [-102.87887, 30.90692], [-102.87934, 30.90695], [-102.88255, 30.90696], [-102.88324, 30.90696], [-102.88421, 30.90694], [-102.88909, 30.90693], [-102.89057, 30.90694], [-102.89298, 30.90693], [-102.89411, 30.90694], [-102.89449, 30.90693], [-102.89507, 30.90691], [-102.89539, 30.90689], [-102.89598, 30.90683], [-102.89637, 30.90677], [-102.89718, 30.90663], [-102.89773, 30.90649], [-102.89778, 30.90648], [-102.89839, 30.90631], [-102.89881, 30.90617], [-102.8992, 30.90603], [-102.89997, 30.90571], [-102.90064, 30.90538], [-102.903, 30.90417], [-102.90352, 30.90391], [-102.90449, 30.90342], [-102.90741, 30.90196], [-102.90838, 30.90147], [-102.90857, 30.90138], [-102.90913, 30.9011], [-102.90932, 30.901], [-102.90946, 30.90093], [-102.90989, 30.90072], [-102.91003, 30.90066], [-102.91075, 30.9003], [-102.91293, 30.89923], [-102.91344, 30.89898], [-102.91365, 30.89886], [-102.91819, 30.89658], [-102.9185, 30.89642], [-102.9195, 30.89594], [-102.9203, 30.89553], [-102.9208, 30.89529], [-102.92142, 30.895], [-102.92169, 30.89489], [-102.92194, 30.89478], [-102.92203, 30.89475], [-102.92257, 30.89455], [-102.92268, 30.89452], [-102.92294, 30.89446], [-102.92308, 30.89442], [-102.9233, 30.89436], [-102.92388, 30.89422], [-102.92441, 30.8941], [-102.92453, 30.89408], [-102.92478, 30.89401], [-102.92513, 30.89396], [-102.92538, 30.89392], [-102.92548, 30.8939], [-102.92586, 30.89388], [-102.9264, 30.89387], [-102.9272, 30.89387], [-102.92781, 30.89387], [-102.92786, 30.89387], [-102.93131, 30.89396], [-102.93479, 30.89403], [-102.93502, 30.89404], [-102.9353, 30.89405], [-102.93819, 30.89416], [-102.9418, 30.89438], [-102.9451, 30.89455], [-102.94829, 30.89472], [-102.94924, 30.89477], [-102.95204, 30.89491], [-102.9534, 30.89499], [-102.95549, 30.89511], [-102.95772, 30.89522], [-102.95785, 30.89523], [-102.96061, 30.89538], [-102.96083, 30.89539], [-102.96105, 30.8954], [-102.96132, 30.89542], [-102.96323, 30.89552], [-102.96331, 30.89552], [-102.96447, 30.89557], [-102.96483, 30.89559], [-102.9652, 30.8956], [-102.96533, 30.89561], [-102.96572, 30.89562], [-102.96585, 30.89562], [-102.96726, 30.89572], [-102.96799, 30.89576], [-102.9715, 30.89596], [-102.97292, 30.89603], [-102.97313, 30.89605], [-102.97375, 30.89608], [-102.97396, 30.89608], [-102.97421, 30.8961], [-102.97495, 30.89614], [-102.9752, 30.89615], [-102.9757, 30.89618], [-102.97721, 30.89626], [-102.97772, 30.89629], [-102.98018, 30.89642], [-102.98148, 30.89649], [-102.98524, 30.89669], [-102.98726, 30.8968], [-102.98759, 30.89681], [-102.98928, 30.89691], [-102.98967, 30.89693], [-102.99006, 30.89695], [-102.99134, 30.89701], [-102.99519, 30.89722], [-102.99648, 30.89729], [-102.99836, 30.89739], [-102.99856, 30.8974], [-102.99999, 30.89747], [-103.00034, 30.89749], [-103.0024, 30.8976], [-103.01051, 30.89802], [-103.01402, 30.89821], [-103.01587, 30.8983], [-103.02113, 30.89858], [-103.02258, 30.89866], [-103.02407, 30.89874], [-103.02556, 30.89882], [-103.02754, 30.89893], [-103.0311, 30.89912], [-103.03339, 30.89924], [-103.03568, 30.89936], [-103.04246, 30.89971], [-103.04778, 30.89999], [-103.04957, 30.90008], [-103.04967, 30.90008], [-103.04997, 30.90009], [-103.05008, 30.9001]]}}, {"type": "Feature", "properties": {"name": "State Hwy 158 Bus"}, "geometry": {"type": "LineString", "coordinates": [[-102.15337, 31.99799], [-102.15334, 31.998], [-102.14854, 31.99912], [-102.14917, 31.99901], [-102.14986, 31.99889], [-102.1508, 31.99871], [-102.1534, 31.9981]]}}, {"type": "Feature", "properties": {"name": "State Loop 322"}, "geometry": {"type": "LineString", "coordinates": [[-99.7389, 32.38718], [-99.73832, 32.38716], [-99.73599, 32.38732], [-99.73535, 32.38734], [-99.73433, 32.38747], [-99.73387, 32.38755], [-99.73334, 32.38768], [-99.73181, 32.38818], [-99.73069, 32.3886], [-99.72991, 32.3889], [-99.72781, 32.38967], [-99.72705, 32.38995], [-99.72639, 32.3902], [-99.72532, 32.39058], [-99.72387, 32.3911], [-99.72299, 32.39149], [-99.72262, 32.39168], [-99.72219, 32.39192], [-99.72177, 32.39218], [-99.72108, 32.39267], [-99.72066, 32.39296], [-99.72001, 32.39367], [-99.71996, 32.39372], [-99.71966, 32.39408], [-99.71939, 32.39446], [-99.71915, 32.39484], [-99.71905, 32.39502], [-99.71761, 32.39798], [-99.71704, 32.39916], [-99.71681, 32.3995], [-99.71581, 32.40151], [-99.7153, 32.40255], [-99.71397, 32.40524], [-99.71363, 32.40577], [-99.71271, 32.40762], [-99.71236, 32.40809], [-99.71138, 32.40922], [-99.711, 32.40954], [-99.71064, 32.40983], [-99.71026, 32.41009], [-99.70942, 32.41056], [-99.70807, 32.41122], [-99.70613, 32.41216], [-99.70471, 32.41298], [-99.70427, 32.4133], [-99.70357, 32.41372], [-99.70271, 32.41438], [-99.7021, 32.41488], [-99.70196, 32.415], [-99.70164, 32.41525], [-99.70139, 32.41546], [-99.70093, 32.41596], [-99.70045, 32.41647], [-99.6997, 32.41741], [-99.69935, 32.4179], [-99.699, 32.41844], [-99.69839, 32.4195], [-99.69819, 32.41992], [-99.69814, 32.42006], [-99.69553, 32.42587], [-99.6947, 32.42702], [-99.69393, 32.42758], [-99.6919, 32.4289], [-99.69134, 32.42932], [-99.69081, 32.42982], [-99.69061, 32.43006], [-99.69044, 32.43027], [-99.69029, 32.43046], [-99.69012, 32.4307], [-99.69002, 32.43088], [-99.6893, 32.43186], [-99.68841, 32.43308], [-99.68828, 32.43327], [-99.68799, 32.43365], [-99.68784, 32.43386], [-99.68722, 32.43479], [-99.68711, 32.43495], [-99.68563, 32.43691], [-99.68499, 32.43776], [-99.68467, 32.43818], [-99.68462, 32.43825], [-99.68424, 32.43881], [-99.68418, 32.43894], [-99.68409, 32.43904], [-99.68394, 32.43924], [-99.68361, 32.43991], [-99.68348, 32.44025], [-99.68328, 32.44096], [-99.68323, 32.4414], [-99.68324, 32.44169], [-99.68322, 32.44246], [-99.68322, 32.44293], [-99.68319, 32.44592], [-99.68319, 32.4461], [-99.68319, 32.44754], [-99.68318, 32.44927]]}}, {"type": "Feature", "properties": {"name": "State Loop 322"}, "geometry": {"type": "LineString", "coordinates": [[-99.68336, 32.44945], [-99.68338, 32.44886], [-99.68338, 32.44873], [-99.68339, 32.44755], [-99.68339, 32.44721], [-99.68341, 32.44684], [-99.68341, 32.44614], [-99.68341, 32.44596], [-99.68342, 32.44301], [-99.6834, 32.44292], [-99.68344, 32.44238], [-99.68344, 32.44175], [-99.68343, 32.44169], [-99.68343, 32.44141], [-99.68347, 32.44099], [-99.68366, 32.4403], [-99.68379, 32.43996], [-99.68411, 32.43931], [-99.68425, 32.43914], [-99.68435, 32.43902], [-99.68441, 32.43891], [-99.68484, 32.43826], [-99.68563, 32.43721], [-99.6873, 32.43501], [-99.68741, 32.43484], [-99.68801, 32.43394], [-99.68816, 32.43374], [-99.68844, 32.43336], [-99.68952, 32.43194], [-99.69029, 32.43077], [-99.69045, 32.43055], [-99.69053, 32.43046], [-99.69076, 32.43017], [-99.69097, 32.42992], [-99.69148, 32.42943], [-99.69203, 32.42903], [-99.69366, 32.42799], [-99.69383, 32.42787], [-99.69485, 32.42713], [-99.69578, 32.42593], [-99.69693, 32.42335], [-99.69754, 32.42201], [-99.69839, 32.42012], [-99.69844, 32.41998], [-99.69863, 32.41957], [-99.69924, 32.41851], [-99.69959, 32.41798], [-99.69993, 32.4175], [-99.70067, 32.41657], [-99.70125, 32.41595], [-99.7016, 32.41557], [-99.70188, 32.41532], [-99.70223, 32.415], [-99.70284, 32.4145], [-99.70326, 32.41419], [-99.7037, 32.41385], [-99.70416, 32.41353], [-99.70623, 32.4123], [-99.70807, 32.41141], [-99.70953, 32.41071], [-99.71037, 32.41022], [-99.71077, 32.40995], [-99.71114, 32.40966], [-99.71153, 32.40933], [-99.71252, 32.40818], [-99.71289, 32.4077], [-99.71335, 32.40676], [-99.71381, 32.40583], [-99.71414, 32.40532], [-99.71603, 32.40151], [-99.71616, 32.40125], [-99.71698, 32.39957], [-99.71721, 32.39924], [-99.71723, 32.39915], [-99.71767, 32.39819], [-99.71813, 32.39723], [-99.71922, 32.39509], [-99.71932, 32.39491], [-99.71956, 32.39455], [-99.71982, 32.39417], [-99.72011, 32.39382], [-99.72016, 32.39377], [-99.7208, 32.39308], [-99.7219, 32.39231], [-99.7223, 32.39205], [-99.72272, 32.39182], [-99.72309, 32.39164], [-99.72463, 32.39106], [-99.72532, 32.3908], [-99.72686, 32.39023], [-99.72698, 32.39017], [-99.7272, 32.39007], [-99.73052, 32.38887], [-99.73251, 32.38811], [-99.73268, 32.38805], [-99.73389, 32.38771], [-99.73436, 32.3876], [-99.73513, 32.38747], [-99.73846, 32.38739]]}}, {"type": "Feature", "properties": {"name": "Winters Fwy"}, "geometry": {"type": "LineString", "coordinates": [[-99.75408, 32.50686], [-99.75476, 32.50474], [-99.75519, 32.50357], [-99.75538, 32.50321], [-99.75618, 32.50162], [-99.7569, 32.5002], [-99.75729, 32.49959], [-99.75773, 32.49896], [-99.75829, 32.49821], [-99.7587, 32.4975], [-99.7595, 32.49637], [-99.75957, 32.49627], [-99.75981, 32.49594], [-99.76036, 32.4952], [-99.76113, 32.49421], [-99.76221, 32.4928], [-99.76283, 32.49197], [-99.76341, 32.49117], [-99.76371, 32.49075], [-99.76429, 32.49006], [-99.76577, 32.48807], [-99.76782, 32.48537], [-99.76814, 32.48494], [-99.76858, 32.48434], [-99.76906, 32.48367], [-99.76965, 32.48288], [-99.77028, 32.48203], [-99.771, 32.48108], [-99.77171, 32.48014], [-99.77173, 32.4801], [-99.77263, 32.47885], [-99.77344, 32.47782], [-99.77418, 32.47693], [-99.77449, 32.47652], [-99.77541, 32.47533], [-99.7765, 32.47394], [-99.77727, 32.47272], [-99.77803, 32.47168], [-99.77853, 32.47101], [-99.7786, 32.47092], [-99.77947, 32.46977], [-99.78187, 32.46654], [-99.78254, 32.46565], [-99.78292, 32.46514], [-99.7833, 32.46456], [-99.78355, 32.46413], [-99.78451, 32.46204], [-99.78459, 32.46187], [-99.78494, 32.46104], [-99.78517, 32.46035], [-99.7853, 32.45985], [-99.78556, 32.45805], [-99.78558, 32.4579], [-99.78575, 32.45632], [-99.78585, 32.45511], [-99.78606, 32.45299], [-99.78608, 32.45285], [-99.78612, 32.4524], [-99.78614, 32.45223], [-99.78632, 32.45042], [-99.78645, 32.44919], [-99.78662, 32.44759], [-99.78668, 32.44704], [-99.7867, 32.44673], [-99.78678, 32.44577], [-99.78691, 32.44452], [-99.78695, 32.44387], [-99.78698, 32.44308], [-99.787, 32.44235], [-99.787, 32.44214], [-99.787, 32.44172], [-99.787, 32.44108], [-99.78701, 32.44069], [-99.78703, 32.43966], [-99.78705, 32.43875], [-99.7871, 32.43715], [-99.78711, 32.43697], [-99.78709, 32.4357], [-99.78711, 32.43503], [-99.78712, 32.43487], [-99.78712, 32.43442], [-99.78714, 32.43333], [-99.78716, 32.43208], [-99.78717, 32.43162], [-99.78717, 32.43102], [-99.78712, 32.43036], [-99.787, 32.42968], [-99.7867, 32.42847], [-99.78592, 32.42683], [-99.78586, 32.42669], [-99.78545, 32.42581], [-99.78488, 32.42457], [-99.78432, 32.4234], [-99.78392, 32.42254], [-99.78342, 32.42154], [-99.78336, 32.4214], [-99.78306, 32.42075], [-99.78281, 32.4203], [-99.78276, 32.42021], [-99.78234, 32.41949], [-99.78185, 32.41883], [-99.78122, 32.41811], [-99.78076, 32.41762], [-99.78067, 32.41755], [-99.77989, 32.41688], [-99.77882, 32.41601], [-99.77836, 32.41562], [-99.77815, 32.41545], [-99.77768, 32.41507], [-99.77744, 32.41487], [-99.77677, 32.41431], [-99.77638, 32.414], [-99.7757, 32.41343], [-99.77477, 32.41266], [-99.77357, 32.41166], [-99.77117, 32.40968], [-99.76995, 32.40865], [-99.76929, 32.40811], [-99.76911, 32.40799], [-99.76858, 32.40765], [-99.76796, 32.40727], [-99.76721, 32.40686], [-99.76623, 32.40639], [-99.76462, 32.4056], [-99.76367, 32.40509], [-99.76278, 32.40453], [-99.76219, 32.40414], [-99.76188, 32.40394], [-99.76048, 32.40295], [-99.75819, 32.40134], [-99.75572, 32.39961], [-99.75522, 32.39926], [-99.75424, 32.39857], [-99.75262, 32.3973], [-99.75214, 32.39688], [-99.75149, 32.39628], [-99.75086, 32.39568], [-99.74797, 32.39283], [-99.74678, 32.39164], [-99.7466, 32.39147]]}}, {"type": "Feature", "properties": {"name": "Winters Fwy"}, "geometry": {"type": "LineString", "coordinates": [[-99.74635, 32.39147], [-99.74672, 32.39186], [-99.74711, 32.39225], [-99.74779, 32.39293], [-99.74877, 32.39386], [-99.75031, 32.3954], [-99.75113, 32.39621], [-99.75171, 32.39676], [-99.7528, 32.3977], [-99.75377, 32.39847], [-99.75435, 32.39888], [-99.75811, 32.40152], [-99.75943, 32.40244], [-99.76061, 32.40327], [-99.76367, 32.4053], [-99.76419, 32.40559], [-99.76429, 32.40564], [-99.76569, 32.40633], [-99.76664, 32.4068], [-99.76794, 32.40745], [-99.76865, 32.40793], [-99.76867, 32.40794], [-99.76918, 32.4083], [-99.76985, 32.40884], [-99.77084, 32.40968], [-99.772, 32.41061], [-99.7735, 32.41186], [-99.77461, 32.41277], [-99.77553, 32.41352], [-99.77595, 32.41387], [-99.77625, 32.4141], [-99.777, 32.41468], [-99.77823, 32.41576], [-99.77848, 32.41597], [-99.78039, 32.4176], [-99.78061, 32.41779], [-99.78118, 32.41833], [-99.78222, 32.4197], [-99.78271, 32.42055], [-99.78282, 32.42073], [-99.78286, 32.42081], [-99.78325, 32.42163], [-99.78394, 32.42307], [-99.78441, 32.42404], [-99.78486, 32.42498], [-99.78569, 32.42686], [-99.78574, 32.42698], [-99.78575, 32.427], [-99.78598, 32.42749], [-99.78647, 32.42852], [-99.7868, 32.42975], [-99.78691, 32.43045], [-99.78695, 32.43097], [-99.78696, 32.43103], [-99.78697, 32.43154], [-99.78697, 32.43175], [-99.78694, 32.43288], [-99.78692, 32.43333], [-99.78688, 32.43442], [-99.78688, 32.43642], [-99.78686, 32.43851], [-99.78684, 32.43961], [-99.78684, 32.43985], [-99.78684, 32.44], [-99.78683, 32.44046], [-99.78679, 32.44212], [-99.78679, 32.44214], [-99.78676, 32.44357], [-99.78674, 32.44387], [-99.78671, 32.44442], [-99.78656, 32.44686], [-99.78652, 32.44734], [-99.78649, 32.44761], [-99.78638, 32.44895], [-99.7862, 32.45067], [-99.78609, 32.4516], [-99.78606, 32.45187], [-99.78603, 32.45222], [-99.78601, 32.45239], [-99.78598, 32.45266], [-99.78597, 32.45283], [-99.78595, 32.45298], [-99.78577, 32.45497], [-99.78549, 32.45771], [-99.78547, 32.45789], [-99.78533, 32.45901], [-99.78521, 32.45961], [-99.78515, 32.45979], [-99.78514, 32.45982], [-99.78499, 32.4604], [-99.78469, 32.46113], [-99.78429, 32.46204], [-99.78365, 32.46349], [-99.78332, 32.46416], [-99.78305, 32.46459], [-99.78282, 32.46495], [-99.78259, 32.46524], [-99.7815, 32.46672], [-99.77928, 32.46969], [-99.77833, 32.47096], [-99.77774, 32.47174], [-99.77747, 32.47212], [-99.77523, 32.47522], [-99.77422, 32.47662], [-99.77344, 32.47756], [-99.77248, 32.47879], [-99.77224, 32.4791], [-99.77091, 32.48088], [-99.77023, 32.48178], [-99.77, 32.48208], [-99.76877, 32.48374], [-99.76831, 32.48435], [-99.76789, 32.48489], [-99.76728, 32.48572], [-99.76592, 32.48754], [-99.76588, 32.48755], [-99.76423, 32.48974], [-99.76323, 32.49106], [-99.76286, 32.49156], [-99.75956, 32.49599], [-99.75806, 32.498], [-99.75763, 32.49858], [-99.75675, 32.49976], [-99.75586, 32.50153], [-99.75513, 32.50299], [-99.75482, 32.50375], [-99.7543, 32.50519], [-99.75391, 32.50669]]}}, {"type": "Feature", "properties": {"name": "Hwy 191"}, "geometry": {"type": "LineString", "coordinates": [[-102.22065, 31.98173], [-102.21143, 31.98396], [-102.19496, 31.98788], [-102.19064, 31.98891], [-102.17825, 31.9919], [-102.17039, 31.99381], [-102.17028, 31.99384]]}}, {"type": "Feature", "properties": {"name": "Hwy 191"}, "geometry": {"type": "LineString", "coordinates": [[-102.1704, 31.9941], [-102.17824, 31.99225], [-102.19028, 31.98932], [-102.19506, 31.98817], [-102.22026, 31.98214]]}}, {"type": "Feature", "properties": {"name": "Loop 250"}, "geometry": {"type": "LineString", "coordinates": [[-102.06879, 32.04843], [-102.06906, 32.04834], [-102.06928, 32.04827], [-102.06948, 32.04821], [-102.06965, 32.04816], [-102.07076, 32.0479], [-102.07254, 32.04749], [-102.07312, 32.04736], [-102.07334, 32.04731], [-102.07441, 32.04704], [-102.07533, 32.04677], [-102.07573, 32.04663], [-102.07627, 32.04644], [-102.07697, 32.04617], [-102.0771, 32.0461], [-102.07733, 32.04601], [-102.07761, 32.0459], [-102.07765, 32.04588], [-102.0786, 32.04551], [-102.07904, 32.04533], [-102.07956, 32.04513], [-102.08028, 32.04485], [-102.08073, 32.04467], [-102.08121, 32.04449], [-102.08164, 32.04434], [-102.08203, 32.04423], [-102.08245, 32.04412], [-102.08298, 32.044], [-102.0834, 32.04393], [-102.08392, 32.04385], [-102.08414, 32.04382], [-102.08449, 32.04378], [-102.0849, 32.04373], [-102.08517, 32.0437]]}}, {"type": "Feature", "properties": {"name": "Loop 250"}, "geometry": {"type": "LineString", "coordinates": [[-102.08523, 32.04349], [-102.08497, 32.04352], [-102.08479, 32.04354], [-102.08404, 32.04363], [-102.08347, 32.04371], [-102.08305, 32.04378], [-102.0828, 32.04383], [-102.08247, 32.04391], [-102.08186, 32.04407], [-102.08139, 32.04421], [-102.07851, 32.04529], [-102.07795, 32.04553], [-102.07762, 32.04566], [-102.07735, 32.04577], [-102.07709, 32.04588], [-102.07664, 32.04606], [-102.07606, 32.0463], [-102.07554, 32.04648], [-102.07504, 32.04664], [-102.0746, 32.04677], [-102.07416, 32.0469], [-102.07356, 32.04704], [-102.07347, 32.04706], [-102.07227, 32.04733], [-102.07152, 32.04749]]}}, {"type": "Feature", "properties": {"name": "Jake Roberts Fwy"}, "geometry": {"type": "LineString", "coordinates": [[-99.7389, 32.38718], [-99.73832, 32.38716], [-99.73599, 32.38732], [-99.73535, 32.38734], [-99.73433, 32.38747], [-99.73387, 32.38755], [-99.73334, 32.38768], [-99.73181, 32.38818], [-99.73069, 32.3886], [-99.72991, 32.3889], [-99.72781, 32.38967], [-99.72705, 32.38995], [-99.72639, 32.3902], [-99.72532, 32.39058], [-99.72387, 32.3911], [-99.72299, 32.39149], [-99.72262, 32.39168], [-99.72219, 32.39192], [-99.72177, 32.39218], [-99.72108, 32.39267], [-99.72066, 32.39296], [-99.72001, 32.39367], [-99.71996, 32.39372], [-99.71966, 32.39408], [-99.71939, 32.39446], [-99.71915, 32.39484], [-99.71905, 32.39502], [-99.71761, 32.39798], [-99.71704, 32.39916], [-99.71681, 32.3995], [-99.71581, 32.40151], [-99.7153, 32.40255], [-99.71397, 32.40524], [-99.71363, 32.40577], [-99.71271, 32.40762], [-99.71236, 32.40809], [-99.71138, 32.40922], [-99.711, 32.40954], [-99.71064, 32.40983], [-99.71026, 32.41009], [-99.70942, 32.41056], [-99.70807, 32.41122], [-99.70613, 32.41216], [-99.70471, 32.41298], [-99.70427, 32.4133], [-99.70357, 32.41372], [-99.70271, 32.41438], [-99.7021, 32.41488], [-99.70196, 32.415], [-99.70164, 32.41525], [-99.70139, 32.41546], [-99.70093, 32.41596], [-99.70045, 32.41647], [-99.6997, 32.41741], [-99.69935, 32.4179], [-99.699, 32.41844], [-99.69839, 32.4195], [-99.69819, 32.41992], [-99.69814, 32.42006], [-99.69553, 32.42587], [-99.6947, 32.42702], [-99.69393, 32.42758], [-99.6919, 32.4289], [-99.69134, 32.42932], [-99.69081, 32.42982], [-99.69061, 32.43006], [-99.69044, 32.43027], [-99.69029, 32.43046], [-99.69012, 32.4307], [-99.69002, 32.43088], [-99.6893, 32.43186], [-99.68841, 32.43308], [-99.68828, 32.43327], [-99.68799, 32.43365], [-99.68784, 32.43386], [-99.68722, 32.43479], [-99.68711, 32.43495], [-99.68563, 32.43691], [-99.68499, 32.43776], [-99.68467, 32.43818], [-99.68462, 32.43825], [-99.68424, 32.43881], [-99.68418, 32.43894], [-99.68409, 32.43904], [-99.68394, 32.43924], [-99.68361, 32.43991], [-99.68348, 32.44025], [-99.68328, 32.44096], [-99.68323, 32.4414], [-99.68324, 32.44169], [-99.68322, 32.44246], [-99.68322, 32.44293], [-99.68319, 32.44592], [-99.68319, 32.4461], [-99.68319, 32.44754], [-99.68318, 32.44927]]}}, {"type": "Feature", "properties": {"name": "Jake Roberts Fwy"}, "geometry": {"type": "LineString", "coordinates": [[-99.68336, 32.44945], [-99.68338, 32.44886], [-99.68338, 32.44873], [-99.68339, 32.44755], [-99.68339, 32.44721], [-99.68341, 32.44684], [-99.68341, 32.44614], [-99.68341, 32.44596], [-99.68342, 32.44301], [-99.6834, 32.44292], [-99.68344, 32.44238], [-99.68344, 32.44175], [-99.68343, 32.44169], [-99.68343, 32.44141], [-99.68347, 32.44099], [-99.68366, 32.4403], [-99.68379, 32.43996], [-99.68411, 32.43931], [-99.68425, 32.43914], [-99.68435, 32.43902], [-99.68441, 32.43891], [-99.68484, 32.43826], [-99.68563, 32.43721], [-99.6873, 32.43501], [-99.68741, 32.43484], [-99.68801, 32.43394], [-99.68816, 32.43374], [-99.68844, 32.43336], [-99.68952, 32.43194], [-99.69029, 32.43077], [-99.69045, 32.43055], [-99.69053, 32.43046], [-99.69076, 32.43017], [-99.69097, 32.42992], [-99.69148, 32.42943], [-99.69203, 32.42903], [-99.69366, 32.42799], [-99.69383, 32.42787], [-99.69485, 32.42713], [-99.69578, 32.42593], [-99.69693, 32.42335], [-99.69754, 32.42201], [-99.69839, 32.42012], [-99.69844, 32.41998], [-99.69863, 32.41957], [-99.69924, 32.41851], [-99.69959, 32.41798], [-99.69993, 32.4175], [-99.70067, 32.41657], [-99.70125, 32.41595], [-99.7016, 32.41557], [-99.70188, 32.41532], [-99.70223, 32.415], [-99.70284, 32.4145], [-99.70326, 32.41419], [-99.7037, 32.41385], [-99.70416, 32.41353], [-99.70623, 32.4123], [-99.70807, 32.41141], [-99.70953, 32.41071], [-99.71037, 32.41022], [-99.71077, 32.40995], [-99.71114, 32.40966], [-99.71153, 32.40933], [-99.71252, 32.40818], [-99.71289, 32.4077], [-99.71335, 32.40676], [-99.71381, 32.40583], [-99.71414, 32.40532], [-99.71603, 32.40151], [-99.71616, 32.40125], [-99.71698, 32.39957], [-99.71721, 32.39924], [-99.71723, 32.39915], [-99.71767, 32.39819], [-99.71813, 32.39723], [-99.71922, 32.39509], [-99.71932, 32.39491], [-99.71956, 32.39455], [-99.71982, 32.39417], [-99.72011, 32.39382], [-99.72016, 32.39377], [-99.7208, 32.39308], [-99.7219, 32.39231], [-99.7223, 32.39205], [-99.72272, 32.39182], [-99.72309, 32.39164], [-99.72463, 32.39106], [-99.72532, 32.3908], [-99.72686, 32.39023], [-99.72698, 32.39017], [-99.7272, 32.39007], [-99.73052, 32.38887], [-99.73251, 32.38811], [-99.73268, 32.38805], [-99.73389, 32.38771], [-99.73436, 32.3876], [-99.73513, 32.38747], [-99.73846, 32.38739]]}}, {"type": "Feature", "properties": {"name": "US Hwy 60"}, "geometry": {"type": "LineString", "coordinates": [[-101.93356, 34.98517], [-101.93318, 34.98517], [-101.93152, 34.98516], [-101.92994, 34.98514], [-101.92874, 34.98513], [-101.92841, 34.98513], [-101.92754, 34.98515], [-101.9272, 34.98517], [-101.92693, 34.98519], [-101.92655, 34.98523], [-101.9262, 34.98528], [-101.92583, 34.98535], [-101.92539, 34.98544], [-101.92447, 34.9857], [-101.92317, 34.98602], [-101.92305, 34.98606], [-101.92217, 34.9863], [-101.92121, 34.98654], [-101.92093, 34.98665], [-101.92045, 34.98685], [-101.9202, 34.98699], [-101.91983, 34.98725], [-101.91958, 34.98745], [-101.91933, 34.98771], [-101.9193, 34.98774], [-101.91928, 34.98776], [-101.91918, 34.98789], [-101.91909, 34.98801], [-101.91894, 34.98827], [-101.91883, 34.98854], [-101.91869, 34.98894], [-101.91865, 34.98918], [-101.91864, 34.98938], [-101.91863, 34.98953], [-101.91865, 34.98983], [-101.91869, 34.99013], [-101.91876, 34.99038], [-101.9189, 34.9908], [-101.91898, 34.99106], [-101.91913, 34.99211], [-101.91911, 34.9937], [-101.9191, 34.99483], [-101.91909, 34.99653], [-101.91907, 34.99792], [-101.91906, 34.99837], [-101.91905, 34.99951], [-101.91904, 34.99987], [-101.91904, 35.00018], [-101.91899, 35.00567], [-101.91895, 35.00855], [-101.91894, 35.00869], [-101.91895, 35.00969], [-101.91888, 35.01336], [-101.91887, 35.014], [-101.91889, 35.01468], [-101.91893, 35.01507], [-101.91899, 35.01577], [-101.91906, 35.01672], [-101.91908, 35.01783], [-101.91905, 35.01834], [-101.91894, 35.01885], [-101.91879, 35.01935], [-101.91857, 35.01982], [-101.91839, 35.02012], [-101.91828, 35.02031], [-101.91794, 35.02087], [-101.9178, 35.02115], [-101.91765, 35.02146], [-101.91751, 35.02176], [-101.91739, 35.02208], [-101.91728, 35.0227], [-101.91725, 35.02329], [-101.9173, 35.02387], [-101.91739, 35.02432], [-101.91752, 35.02481], [-101.91773, 35.02526], [-101.918, 35.02572], [-101.9184, 35.02635], [-101.91865, 35.02685], [-101.91883, 35.02738], [-101.91894, 35.02794], [-101.91902, 35.02851], [-101.91909, 35.0301]]}}, {"type": "Feature", "properties": {"name": "US Hwy 60"}, "geometry": {"type": "LineString", "coordinates": [[-101.83846, 35.18286], [-101.83861, 35.18245], [-101.83875, 35.18215], [-101.83908, 35.18162], [-101.83934, 35.18127], [-101.83938, 35.18121], [-101.83948, 35.18108], [-101.84053, 35.17959], [-101.84139, 35.1784], [-101.8415, 35.17824], [-101.8417, 35.17806], [-101.84187, 35.17792], [-101.84222, 35.17765], [-101.84242, 35.1775], [-101.84304, 35.17717], [-101.84336, 35.17705], [-101.8435, 35.17701], [-101.84417, 35.17681], [-101.84457, 35.17677], [-101.84466, 35.17676], [-101.84535, 35.17672], [-101.84628, 35.17674], [-101.84725, 35.17674], [-101.84833, 35.17674], [-101.84846, 35.17674], [-101.84863, 35.17674], [-101.85128, 35.17671], [-101.85161, 35.17672], [-101.85179, 35.17672], [-101.85252, 35.17664], [-101.85302, 35.17654], [-101.85328, 35.17648], [-101.85347, 35.17643], [-101.85397, 35.17626], [-101.85442, 35.17608], [-101.85494, 35.17583], [-101.85512, 35.17574], [-101.85528, 35.17567], [-101.85658, 35.17505], [-101.85735, 35.17469], [-101.85862, 35.1741], [-101.86021, 35.17338], [-101.86048, 35.17325], [-101.86059, 35.1732], [-101.86101, 35.173], [-101.86122, 35.17291], [-101.86156, 35.17275], [-101.86164, 35.17271], [-101.86308, 35.17204], [-101.86319, 35.17199], [-101.86369, 35.17172], [-101.86475, 35.1711], [-101.86556, 35.17056], [-101.86595, 35.17027], [-101.86606, 35.17019], [-101.86611, 35.17016], [-101.86614, 35.17013], [-101.86625, 35.17004], [-101.86636, 35.16996], [-101.8664, 35.16993], [-101.86707, 35.16936], [-101.86757, 35.16888], [-101.86809, 35.16833], [-101.86848, 35.16788], [-101.86958, 35.16661], [-101.87131, 35.16465], [-101.87195, 35.1639], [-101.87202, 35.16381], [-101.87209, 35.16374], [-101.87397, 35.16154], [-101.87449, 35.16094], [-101.87533, 35.16001], [-101.87622, 35.15897], [-101.87633, 35.15883], [-101.87691, 35.15816], [-101.87736, 35.15763], [-101.87886, 35.15588], [-101.88007, 35.15449], [-101.88035, 35.15416], [-101.88088, 35.15354], [-101.88199, 35.15225], [-101.88228, 35.1519], [-101.88364, 35.15028], [-101.88383, 35.15005], [-101.88387, 35.15], [-101.88391, 35.14996], [-101.88406, 35.14979], [-101.88684, 35.1466], [-101.88687, 35.14656], [-101.88694, 35.14648], [-101.88708, 35.14632], [-101.88744, 35.14588], [-101.88891, 35.14417], [-101.88951, 35.14348], [-101.89363, 35.13876], [-101.89456, 35.13768], [-101.89589, 35.13612], [-101.89701, 35.13483], [-101.89742, 35.13436], [-101.89818, 35.13348], [-101.89854, 35.13306], [-101.89941, 35.13204], [-101.89951, 35.13192], [-101.90023, 35.13109], [-101.90148, 35.12961], [-101.90183, 35.12921], [-101.90208, 35.12892], [-101.90264, 35.12825], [-101.90317, 35.12759], [-101.90401, 35.12628], [-101.90471, 35.12517], [-101.9053, 35.12418], [-101.90646, 35.12235], [-101.90732, 35.12096], [-101.90767, 35.1204], [-101.90831, 35.11941], [-101.9086, 35.1189], [-101.90905, 35.11804], [-101.90951, 35.11704], [-101.90961, 35.11678], [-101.90971, 35.11651], [-101.91006, 35.11551], [-101.91021, 35.115], [-101.91029, 35.11476], [-101.9104, 35.11436], [-101.91067, 35.113], [-101.91092, 35.11184], [-101.9112, 35.11053], [-101.91175, 35.10793], [-101.91229, 35.10533], [-101.9125, 35.10435], [-101.91255, 35.10411], [-101.91299, 35.10203], [-101.91395, 35.09751], [-101.91442, 35.09525], [-101.91496, 35.09276], [-101.91544, 35.09038], [-101.91585, 35.08852], [-101.9175, 35.08067], [-101.91764, 35.08], [-101.91796, 35.07849], [-101.91808, 35.07793], [-101.91846, 35.07607], [-101.91848, 35.07599], [-101.91884, 35.0743], [-101.91897, 35.0737], [-101.91918, 35.07268], [-101.9192, 35.07248], [-101.91921, 35.07237], [-101.91922, 35.07229], [-101.91922, 35.07225], [-101.91922, 35.07222], [-101.91924, 35.07131], [-101.91924, 35.07087], [-101.91924, 35.07075], [-101.91925, 35.06878], [-101.91925, 35.06585], [-101.91926, 35.06517], [-101.91926, 35.06149], [-101.91926, 35.05846], [-101.91927, 35.05781], [-101.91929, 35.05582], [-101.91929, 35.05476], [-101.91929, 35.05414], [-101.9193, 35.04963], [-101.91931, 35.04677], [-101.91931, 35.04326], [-101.91932, 35.04173], [-101.91932, 35.04023], [-101.91931, 35.03761], [-101.91934, 35.03117], [-101.91937, 35.02895], [-101.91937, 35.02826], [-101.91929, 35.02722], [-101.91923, 35.02668], [-101.91926, 35.02506], [-101.91931, 35.02359], [-101.91931, 35.02334], [-101.91935, 35.0221], [-101.91935, 35.02122], [-101.91935, 35.02071], [-101.91934, 35.01921], [-101.91932, 35.01873], [-101.9193, 35.01808], [-101.91914, 35.01591], [-101.91912, 35.01559], [-101.91907, 35.01507], [-101.91904, 35.01472], [-101.91901, 35.01418], [-101.91902, 35.01336], [-101.91907, 35.01037], [-101.91909, 35.00855], [-101.91911, 35.00584], [-101.91912, 35.00434], [-101.91917, 35.00145], [-101.91918, 35.00018], [-101.91917, 34.99987], [-101.91917, 34.99975], [-101.91917, 34.99951], [-101.91918, 34.99851], [-101.9192, 34.99789], [-101.91921, 34.99746], [-101.91921, 34.99643], [-101.91922, 34.99588], [-101.91923, 34.99441], [-101.91924, 34.99369], [-101.91928, 34.99163], [-101.91933, 34.99143], [-101.91938, 34.99094], [-101.91946, 34.99062], [-101.91959, 34.99022], [-101.91992, 34.98956], [-101.92024, 34.98904], [-101.92035, 34.98886], [-101.9208, 34.98826], [-101.92111, 34.98789], [-101.92137, 34.9876], [-101.92189, 34.98717], [-101.92224, 34.98689], [-101.92258, 34.98667], [-101.92292, 34.98649], [-101.92328, 34.98632], [-101.9234, 34.98627], [-101.92363, 34.98617], [-101.92448, 34.9859], [-101.9258, 34.98557], [-101.9265, 34.98543], [-101.92696, 34.98537], [-101.92751, 34.98533], [-101.92831, 34.98532], [-101.92874, 34.98532], [-101.92994, 34.98534], [-101.93049, 34.98535], [-101.93213, 34.98536], [-101.93291, 34.98537]]}}, {"type": "Feature", "properties": {"name": "US Hwy 183"}, "geometry": {"type": "LineString", "coordinates": [[-99.24193, 33.5869], [-99.24229, 33.58624], [-99.2427, 33.58563], [-99.24317, 33.585], [-99.24358, 33.58453], [-99.24389, 33.58418], [-99.24429, 33.58377], [-99.24459, 33.58346], [-99.24496, 33.58312], [-99.24532, 33.58282], [-99.24566, 33.58255], [-99.24624, 33.58213], [-99.24678, 33.58179], [-99.24765, 33.58129], [-99.24873, 33.58075], [-99.24954, 33.58042], [-99.25048, 33.58009], [-99.25068, 33.58004], [-99.25134, 33.57986], [-99.25191, 33.57974], [-99.2522, 33.57968], [-99.25288, 33.57953], [-99.25356, 33.57942], [-99.25459, 33.57933], [-99.25581, 33.57928], [-99.25848, 33.57925], [-99.26013, 33.57924]]}}, {"type": "Feature", "properties": {"name": "US Hwy 183"}, "geometry": {"type": "LineString", "coordinates": [[-99.23962, 33.61932], [-99.24009, 33.61902], [-99.24062, 33.61854], [-99.24123, 33.61798], [-99.24191, 33.6172], [-99.24234, 33.61655], [-99.24287, 33.61547], [-99.2432, 33.61442], [-99.2434, 33.61312], [-99.24336, 33.61218], [-99.24306, 33.61002], [-99.24283, 33.60808], [-99.24247, 33.60501], [-99.24227, 33.60334], [-99.24213, 33.60225], [-99.24127, 33.5958], [-99.24103, 33.59347], [-99.24093, 33.59262], [-99.24093, 33.59185], [-99.24099, 33.59107], [-99.24113, 33.59021], [-99.24132, 33.58929], [-99.24152, 33.58862], [-99.24176, 33.58798], [-99.24224, 33.58689], [-99.2426, 33.58625], [-99.24298, 33.58573], [-99.24341, 33.58512], [-99.24391, 33.58455], [-99.24433, 33.58406], [-99.24473, 33.58364], [-99.24522, 33.58318], [-99.24575, 33.58278], [-99.24617, 33.58247], [-99.24653, 33.58223], [-99.24718, 33.58184], [-99.24785, 33.58146], [-99.24863, 33.58107], [-99.24927, 33.58078], [-99.25021, 33.58043], [-99.25075, 33.58026], [-99.25092, 33.58021], [-99.25119, 33.58012], [-99.2518, 33.57997], [-99.25191, 33.57995], [-99.25272, 33.57979], [-99.25315, 33.57972], [-99.25448, 33.57956], [-99.25591, 33.57949], [-99.26014, 33.57946], [-99.26637, 33.57941]]}}, {"type": "Feature", "properties": {"name": "US Hwy 183"}, "geometry": {"type": "LineString", "coordinates": [[-99.24787, 34.15296], [-99.2494, 34.15329], [-99.25392, 34.15435], [-99.25639, 34.15495], [-99.25785, 34.15531], [-99.26031, 34.1559], [-99.2625, 34.15641], [-99.26547, 34.15708], [-99.2673, 34.15748], [-99.27123, 34.1584], [-99.27478, 34.1593], [-99.27552, 34.15946], [-99.27638, 34.15962], [-99.27683, 34.15969], [-99.27719, 34.15973], [-99.27803, 34.15974], [-99.27889, 34.15974], [-99.2823, 34.1597], [-99.28435, 34.15968], [-99.28455, 34.15968]]}}, {"type": "Feature", "properties": {"name": "US Hwy 183"}, "geometry": {"type": "LineString", "coordinates": [[-99.28455, 34.15985], [-99.28435, 34.15985], [-99.28241, 34.1599], [-99.27858, 34.15995], [-99.27737, 34.15996], [-99.27668, 34.1599], [-99.27583, 34.15976], [-99.27514, 34.15961], [-99.27115, 34.15859], [-99.26722, 34.15768], [-99.26608, 34.15742], [-99.26025, 34.15609], [-99.25644, 34.1552], [-99.25383, 34.15458], [-99.2487, 34.15337], [-99.24775, 34.15314]]}}, {"type": "Feature", "properties": {"name": "State Hwy 191"}, "geometry": {"type": "LineString", "coordinates": [[-102.28731, 31.92512], [-102.27732, 31.93788], [-102.27692, 31.9384], [-102.27615, 31.93938], [-102.27331, 31.943], [-102.27141, 31.94543], [-102.26939, 31.948], [-102.26919, 31.94825], [-102.26678, 31.95134], [-102.26619, 31.95208], [-102.26478, 31.95387], [-102.2646, 31.9541], [-102.26222, 31.95713], [-102.26035, 31.95952], [-102.25792, 31.96263], [-102.25748, 31.96318], [-102.25545, 31.9658], [-102.25504, 31.96635], [-102.25468, 31.96682], [-102.25423, 31.96731], [-102.25378, 31.96789], [-102.25277, 31.96917], [-102.25253, 31.96948], [-102.25236, 31.96969], [-102.2522, 31.9699], [-102.25204, 31.97009], [-102.2519, 31.97029], [-102.25167, 31.97057], [-102.25158, 31.97068], [-102.2504, 31.97218], [-102.24959, 31.97324], [-102.24916, 31.97369], [-102.24875, 31.974], [-102.24849, 31.97424], [-102.24805, 31.97456], [-102.24736, 31.97499], [-102.24641, 31.9755], [-102.24545, 31.97579], [-102.24428, 31.97607], [-102.24217, 31.97658], [-102.23856, 31.97745], [-102.23483, 31.97835], [-102.23457, 31.97841], [-102.23237, 31.97893], [-102.229, 31.97974], [-102.22826, 31.97992], [-102.22594, 31.9805], [-102.22065, 31.98173], [-102.21143, 31.98396], [-102.19496, 31.98788], [-102.19064, 31.98891], [-102.17825, 31.9919], [-102.17039, 31.99381], [-102.17028, 31.99384], [-102.17022, 31.99385], [-102.16997, 31.99391], [-102.16987, 31.99394], [-102.16974, 31.99397], [-102.16934, 31.99406], [-102.16731, 31.99452], [-102.16299, 31.99556], [-102.16142, 31.99595], [-102.1591, 31.99653], [-102.15848, 31.99668], [-102.15829, 31.99673], [-102.15805, 31.9968], [-102.15437, 31.99776], [-102.154, 31.99784], [-102.15376, 31.9979], [-102.15337, 31.99799]]}}, {"type": "Feature", "properties": {"name": "State Hwy 191"}, "geometry": {"type": "LineString", "coordinates": [[-102.1534, 31.9981], [-102.15379, 31.99802], [-102.15391, 31.99799], [-102.15404, 31.99796], [-102.15441, 31.99788], [-102.15616, 31.99746], [-102.15911, 31.99679], [-102.1614, 31.99628], [-102.1623, 31.99607], [-102.16322, 31.99584], [-102.16792, 31.99466], [-102.1699, 31.99422], [-102.17002, 31.9942], [-102.17004, 31.99419], [-102.17014, 31.99417], [-102.1704, 31.9941], [-102.17824, 31.99225], [-102.19028, 31.98932], [-102.19506, 31.98817], [-102.22026, 31.98214], [-102.22835, 31.98021], [-102.2364, 31.97829], [-102.23985, 31.97746], [-102.24172, 31.977], [-102.24427, 31.97639], [-102.24514, 31.97617], [-102.24617, 31.97587], [-102.24744, 31.97531], [-102.24851, 31.97466], [-102.24872, 31.97447], [-102.24934, 31.97391], [-102.24981, 31.97344], [-102.25011, 31.97307], [-102.25144, 31.97136], [-102.25168, 31.97107], [-102.25201, 31.97065], [-102.25217, 31.97044], [-102.25231, 31.97025], [-102.25248, 31.97004], [-102.25258, 31.96991], [-102.25287, 31.96954], [-102.25367, 31.96853], [-102.25445, 31.96754], [-102.25529, 31.96655], [-102.25584, 31.96582], [-102.25735, 31.96396], [-102.25803, 31.96312], [-102.25905, 31.96175], [-102.26068, 31.95966], [-102.26255, 31.95728], [-102.26491, 31.95427], [-102.26493, 31.95424], [-102.26642, 31.95235], [-102.2671, 31.95148], [-102.26952, 31.9484], [-102.26965, 31.94822], [-102.27647, 31.93953], [-102.27708, 31.93876], [-102.27744, 31.93828], [-102.28523, 31.92828], [-102.28719, 31.92577], [-102.28731, 31.92561]]}}, {"type": "Feature", "properties": {"name": "State Hwy 191"}, "geometry": {"type": "LineString", "coordinates": [[-102.28731, 31.92512], [-102.28791, 31.92435], [-102.28858, 31.92348], [-102.29052, 31.92101], [-102.2909, 31.92053], [-102.29168, 31.91957], [-102.29199, 31.91922], [-102.29213, 31.91905], [-102.29328, 31.9177], [-102.29477, 31.91593], [-102.29622, 31.91421], [-102.29832, 31.9117], [-102.29971, 31.91008], [-102.30109, 31.90844], [-102.30265, 31.90659], [-102.30285, 31.90635], [-102.30307, 31.90609], [-102.30685, 31.90161], [-102.30781, 31.90047], [-102.30821, 31.90003], [-102.30937, 31.89903], [-102.30977, 31.89875], [-102.31107, 31.89804], [-102.31205, 31.89756], [-102.31269, 31.89733], [-102.31328, 31.89718], [-102.31731, 31.89632], [-102.31747, 31.89629], [-102.31775, 31.89624], [-102.31792, 31.8962], [-102.31991, 31.89584], [-102.32147, 31.89558], [-102.32417, 31.89518], [-102.3239, 31.89524], [-102.32138, 31.89571], [-102.31896, 31.89613], [-102.31796, 31.89632], [-102.31779, 31.89635], [-102.3175, 31.89641], [-102.31735, 31.89644], [-102.31718, 31.89647], [-102.31404, 31.89714], [-102.3131, 31.89737], [-102.31232, 31.89761], [-102.31174, 31.89785], [-102.31101, 31.89826], [-102.3104, 31.8986], [-102.30965, 31.89912], [-102.30917, 31.89953], [-102.30864, 31.90001], [-102.30824, 31.90043], [-102.30717, 31.90169], [-102.30709, 31.90178], [-102.30318, 31.90643], [-102.30296, 31.90669], [-102.30276, 31.90693], [-102.30095, 31.90908], [-102.29891, 31.9115], [-102.29748, 31.91318], [-102.29493, 31.91621], [-102.2924, 31.91921], [-102.29225, 31.91938], [-102.29051, 31.92151], [-102.28963, 31.92265], [-102.28941, 31.92293], [-102.28758, 31.92518], [-102.28731, 31.92561]]}}, {"type": "Feature", "properties": {"name": "State Loop 289"}, "geometry": {"type": "LineString", "coordinates": [[-101.85509, 33.62135], [-101.85529, 33.62135], [-101.85537, 33.62135], [-101.85557, 33.62135], [-101.85572, 33.62135], [-101.85674, 33.62135], [-101.85755, 33.62136], [-101.85989, 33.62136], [-101.86144, 33.62137], [-101.86333, 33.62138], [-101.86503, 33.62138], [-101.86826, 33.62139], [-101.87046, 33.6214], [-101.8709, 33.62141], [-101.87264, 33.6214], [-101.87272, 33.6214], [-101.87326, 33.62138], [-101.87377, 33.62134], [-101.8741, 33.62132], [-101.87438, 33.62129], [-101.87486, 33.62123], [-101.87615, 33.62105], [-101.87724, 33.62088], [-101.87835, 33.62072], [-101.87964, 33.62053], [-101.87968, 33.62053], [-101.88094, 33.62034], [-101.88109, 33.62032], [-101.88215, 33.62016], [-101.88331, 33.61998], [-101.8842, 33.61985], [-101.88459, 33.61978], [-101.88489, 33.61972], [-101.88525, 33.61963], [-101.88544, 33.61959], [-101.88575, 33.6195], [-101.88612, 33.61939], [-101.88652, 33.61926], [-101.88689, 33.61913], [-101.88727, 33.61899], [-101.88771, 33.6188], [-101.88778, 33.61876], [-101.88824, 33.61854], [-101.88854, 33.61839], [-101.88884, 33.61823], [-101.88932, 33.61794], [-101.88956, 33.61779], [-101.88997, 33.61752], [-101.89094, 33.61692], [-101.89109, 33.61682], [-101.89141, 33.61662], [-101.89157, 33.61652], [-101.89174, 33.61641], [-101.89266, 33.61583], [-101.8943, 33.6148], [-101.89705, 33.61306], [-101.89799, 33.61247], [-101.89901, 33.61182], [-101.90008, 33.61114], [-101.90104, 33.61055], [-101.9013, 33.61038], [-101.90157, 33.61021], [-101.90261, 33.60957], [-101.90347, 33.60901], [-101.90512, 33.60797], [-101.90522, 33.60791], [-101.90537, 33.60782], [-101.90698, 33.60681], [-101.90706, 33.60676], [-101.90712, 33.60672], [-101.90771, 33.60635], [-101.90898, 33.60555], [-101.90972, 33.60509], [-101.91019, 33.6048], [-101.91103, 33.60426], [-101.91207, 33.6036], [-101.91307, 33.60298], [-101.91368, 33.60259], [-101.9145, 33.60207], [-101.91588, 33.6012], [-101.91723, 33.60034], [-101.91944, 33.59895], [-101.9224, 33.59709], [-101.92251, 33.59702], [-101.92272, 33.59689], [-101.92334, 33.5965], [-101.92344, 33.59643], [-101.92463, 33.59568], [-101.92703, 33.59417], [-101.92708, 33.59414], [-101.92754, 33.59385], [-101.9277, 33.59374], [-101.92916, 33.59282], [-101.92948, 33.59262], [-101.93002, 33.59228], [-101.93113, 33.59158], [-101.93253, 33.5907], [-101.93344, 33.59012], [-101.93468, 33.58934], [-101.93556, 33.58878], [-101.93644, 33.58823], [-101.93728, 33.58769], [-101.93741, 33.5876], [-101.93777, 33.58734], [-101.93811, 33.58709], [-101.93846, 33.5868], [-101.93882, 33.58652], [-101.93935, 33.58604], [-101.93946, 33.58593], [-101.93961, 33.58579], [-101.93977, 33.58563], [-101.94003, 33.58537], [-101.94058, 33.58476], [-101.94095, 33.58433], [-101.94125, 33.58395], [-101.94146, 33.58366], [-101.94165, 33.58338], [-101.94203, 33.58283], [-101.94211, 33.5827], [-101.94229, 33.58243], [-101.94237, 33.58228], [-101.94289, 33.58127], [-101.94307, 33.58087], [-101.9432, 33.58055], [-101.94327, 33.58037], [-101.94341, 33.58001], [-101.9436, 33.57945], [-101.94364, 33.57933], [-101.9437, 33.57912], [-101.94384, 33.57856], [-101.94397, 33.57806], [-101.94398, 33.578], [-101.94402, 33.57777], [-101.94405, 33.57762], [-101.94411, 33.57724], [-101.94413, 33.57708], [-101.94414, 33.57685], [-101.94418, 33.57644], [-101.9442, 33.57607], [-101.94421, 33.57558], [-101.94422, 33.57518], [-101.94421, 33.57432], [-101.94421, 33.57371], [-101.94421, 33.57321], [-101.94421, 33.57317], [-101.94421, 33.57254], [-101.94423, 33.57197], [-101.94423, 33.57132], [-101.94423, 33.57054], [-101.94423, 33.56963], [-101.94423, 33.56871], [-101.94421, 33.56834], [-101.9442, 33.56785], [-101.9442, 33.56711], [-101.9442, 33.56655], [-101.9442, 33.56623], [-101.94419, 33.56584], [-101.94416, 33.5653], [-101.94412, 33.56488], [-101.94409, 33.56463], [-101.94404, 33.5643], [-101.94396, 33.56382], [-101.94389, 33.56352], [-101.94383, 33.56327], [-101.94381, 33.56318], [-101.94379, 33.56311], [-101.94369, 33.56272], [-101.94353, 33.56219], [-101.94341, 33.56182], [-101.94323, 33.56136], [-101.943, 33.56082], [-101.9426, 33.55991], [-101.94252, 33.55973], [-101.9424, 33.55943], [-101.94231, 33.55918], [-101.94189, 33.55828], [-101.94178, 33.55803], [-101.94166, 33.55777], [-101.94147, 33.55734], [-101.94112, 33.55652], [-101.94093, 33.55609], [-101.94081, 33.55582], [-101.94058, 33.55527], [-101.94003, 33.55405], [-101.93999, 33.55396], [-101.93995, 33.55388], [-101.93988, 33.55371], [-101.93979, 33.5535], [-101.93974, 33.55339], [-101.93964, 33.55315], [-101.93962, 33.55312], [-101.93957, 33.55299], [-101.93954, 33.55294], [-101.93945, 33.55273], [-101.93938, 33.55255], [-101.93929, 33.55234], [-101.93924, 33.55222], [-101.93894, 33.55152], [-101.9389, 33.55142], [-101.9388, 33.55124], [-101.93875, 33.55112], [-101.93846, 33.55045], [-101.93808, 33.54959], [-101.93772, 33.54877], [-101.9377, 33.54873], [-101.93729, 33.54778], [-101.93721, 33.54758], [-101.93658, 33.54617], [-101.93624, 33.54542], [-101.93592, 33.54465], [-101.93563, 33.544], [-101.93556, 33.54382], [-101.93509, 33.54277], [-101.93504, 33.54266], [-101.93496, 33.54247], [-101.93474, 33.54204], [-101.93456, 33.54173], [-101.93443, 33.54151], [-101.93437, 33.54144], [-101.93424, 33.54124], [-101.93398, 33.5409], [-101.9338, 33.54068], [-101.93357, 33.54042], [-101.93332, 33.54018], [-101.93313, 33.53999], [-101.9329, 33.53979], [-101.93207, 33.53912], [-101.93193, 33.539], [-101.93112, 33.53838], [-101.93094, 33.53806], [-101.93027, 33.53771], [-101.92947, 33.53733], [-101.92827, 33.53678], [-101.92778, 33.53659], [-101.92604, 33.53604], [-101.9251, 33.53579], [-101.92399, 33.53549], [-101.92277, 33.53515], [-101.92264, 33.53512], [-101.92238, 33.53505], [-101.92215, 33.53499], [-101.91943, 33.53425], [-101.91938, 33.53424], [-101.91782, 33.53381], [-101.91578, 33.53326], [-101.91374, 33.5327], [-101.91369, 33.53269], [-101.91134, 33.53205], [-101.90975, 33.53162], [-101.90903, 33.53143], [-101.9074, 33.53099], [-101.90704, 33.53089], [-101.90509, 33.53036], [-101.90381, 33.53001], [-101.90337, 33.5299], [-101.90273, 33.52974], [-101.90209, 33.5296], [-101.90176, 33.52954], [-101.90143, 33.52948], [-101.90108, 33.52943], [-101.90025, 33.52932], [-101.89918, 33.52922], [-101.89862, 33.5292], [-101.89847, 33.5292], [-101.89777, 33.52919], [-101.89639, 33.52919], [-101.8942, 33.52919], [-101.89243, 33.52919], [-101.89154, 33.52918], [-101.89127, 33.52919], [-101.88944, 33.52919], [-101.88774, 33.52919], [-101.88758, 33.52919], [-101.88492, 33.5292], [-101.88374, 33.5292], [-101.88216, 33.5292], [-101.88135, 33.5292], [-101.87907, 33.5292], [-101.87766, 33.5292], [-101.87608, 33.5292], [-101.87313, 33.5292], [-101.87066, 33.52921], [-101.8704, 33.52921], [-101.87029, 33.52921], [-101.87014, 33.52921], [-101.86959, 33.52921], [-101.8663, 33.52922], [-101.8651, 33.52922], [-101.8631, 33.52921], [-101.86173, 33.52918], [-101.8614, 33.52918], [-101.86114, 33.52918], [-101.85975, 33.52918], [-101.85752, 33.52918], [-101.85661, 33.52918], [-101.8556, 33.52919], [-101.85467, 33.5292], [-101.85357, 33.52918], [-101.85307, 33.52916], [-101.85123, 33.5291], [-101.85102, 33.52909], [-101.8508, 33.52907], [-101.84878, 33.52899], [-101.8486, 33.52899], [-101.84782, 33.52897], [-101.84711, 33.52896], [-101.84588, 33.52896], [-101.84472, 33.52895], [-101.84462, 33.52895], [-101.84432, 33.52895], [-101.84407, 33.52895], [-101.84376, 33.52895], [-101.84345, 33.52895], [-101.84221, 33.52895], [-101.84188, 33.52895], [-101.84052, 33.52897], [-101.83998, 33.52899], [-101.83868, 33.52903], [-101.83839, 33.52904], [-101.83607, 33.52915], [-101.83592, 33.52915], [-101.83577, 33.52916], [-101.83381, 33.5292], [-101.83245, 33.5292], [-101.83147, 33.5292], [-101.83066, 33.52919], [-101.82928, 33.52919], [-101.82698, 33.52919], [-101.82655, 33.52919], [-101.82586, 33.5292], [-101.82482, 33.5292], [-101.82353, 33.52921], [-101.82274, 33.52921], [-101.82223, 33.52923], [-101.82182, 33.52926], [-101.82129, 33.52931], [-101.82054, 33.52942], [-101.81989, 33.52953], [-101.81945, 33.52963], [-101.81904, 33.52973], [-101.81868, 33.52981], [-101.81839, 33.5299], [-101.81799, 33.53002], [-101.81756, 33.53016], [-101.8173, 33.53026], [-101.81717, 33.5303], [-101.81656, 33.53053], [-101.81589, 33.53075], [-101.81523, 33.53094], [-101.81452, 33.5311], [-101.81404, 33.53118], [-101.81359, 33.53125], [-101.81313, 33.5313], [-101.81276, 33.53133], [-101.81191, 33.53137], [-101.81052, 33.53139], [-101.80913, 33.5314], [-101.80776, 33.53141], [-101.80637, 33.53142], [-101.80499, 33.53143], [-101.80361, 33.53145], [-101.80224, 33.53146], [-101.80183, 33.53147], [-101.80125, 33.53149], [-101.80085, 33.53153], [-101.80023, 33.5316], [-101.7998, 33.53167], [-101.79948, 33.53173], [-101.79917, 33.53179], [-101.79866, 33.53191], [-101.79834, 33.532], [-101.79771, 33.53219], [-101.79757, 33.53223], [-101.79719, 33.53236], [-101.79662, 33.53259], [-101.79601, 33.53287], [-101.79564, 33.53304], [-101.79537, 33.53319], [-101.79512, 33.53332], [-101.79493, 33.53344], [-101.79481, 33.53351], [-101.79457, 33.53367], [-101.79432, 33.53383], [-101.79368, 33.53429], [-101.7933, 33.53459], [-101.79284, 33.53499], [-101.79244, 33.53538], [-101.79207, 33.5358], [-101.79162, 33.53633], [-101.79154, 33.53643], [-101.79146, 33.53652], [-101.79128, 33.53672], [-101.79118, 33.53684], [-101.79051, 33.53762], [-101.79024, 33.53795], [-101.79003, 33.53821], [-101.7898, 33.53851], [-101.78957, 33.53886], [-101.78945, 33.53905], [-101.78938, 33.53916], [-101.78918, 33.5395], [-101.789, 33.53984], [-101.78886, 33.54016], [-101.78876, 33.54041], [-101.78848, 33.54115], [-101.78838, 33.54153], [-101.7883, 33.54181], [-101.78828, 33.54192], [-101.78816, 33.54259], [-101.78815, 33.5427], [-101.78811, 33.54298], [-101.78809, 33.54331], [-101.78808, 33.54348], [-101.78807, 33.54377], [-101.78806, 33.54425], [-101.78806, 33.54457], [-101.78807, 33.54503], [-101.78806, 33.5458], [-101.78806, 33.54644], [-101.78806, 33.54657], [-101.78806, 33.54735], [-101.78807, 33.54787], [-101.78806, 33.54813], [-101.78806, 33.54886], [-101.78806, 33.54888], [-101.78805, 33.54957], [-101.78806, 33.55049], [-101.78806, 33.55169], [-101.78806, 33.55187], [-101.78805, 33.55237], [-101.78803, 33.55259], [-101.788, 33.55318], [-101.78797, 33.55362], [-101.78789, 33.55426], [-101.78783, 33.55472], [-101.78773, 33.55552], [-101.78763, 33.55636], [-101.7876, 33.55674], [-101.78757, 33.55717], [-101.78756, 33.55752], [-101.78755, 33.55798], [-101.78755, 33.5593], [-101.78755, 33.56047], [-101.78755, 33.56165], [-101.78755, 33.56286], [-101.78755, 33.56415], [-101.78755, 33.5654], [-101.78755, 33.56654], [-101.78755, 33.56715], [-101.78755, 33.5679], [-101.78755, 33.56912], [-101.78756, 33.57029], [-101.78755, 33.57113], [-101.78756, 33.5715], [-101.78755, 33.57276], [-101.78755, 33.57399], [-101.78755, 33.57441], [-101.78756, 33.57527], [-101.78756, 33.57553], [-101.78756, 33.57615], [-101.78756, 33.57683], [-101.78756, 33.57702], [-101.78756, 33.57749], [-101.78756, 33.57799], [-101.78756, 33.57819], [-101.78756, 33.57833], [-101.78756, 33.57948], [-101.78756, 33.58045], [-101.78756, 33.58139], [-101.78756, 33.5822], [-101.78756, 33.58275], [-101.78754, 33.58325], [-101.78754, 33.58427], [-101.78754, 33.58535], [-101.78755, 33.58632], [-101.78755, 33.58726], [-101.78756, 33.58829], [-101.78756, 33.5893], [-101.78756, 33.59034], [-101.78756, 33.59134], [-101.78756, 33.59242], [-101.78756, 33.59255], [-101.78755, 33.59359], [-101.78755, 33.59386], [-101.78759, 33.59439], [-101.7876, 33.59451], [-101.78762, 33.59479], [-101.78768, 33.59516], [-101.78778, 33.5956], [-101.78789, 33.59596], [-101.78799, 33.59625], [-101.78802, 33.59635], [-101.78814, 33.59665], [-101.78829, 33.59696], [-101.78844, 33.59727], [-101.78864, 33.59759], [-101.78876, 33.59779], [-101.78893, 33.59803], [-101.78958, 33.59882], [-101.78963, 33.59889], [-101.78987, 33.59914], [-101.79015, 33.5994], [-101.79107, 33.60017], [-101.79114, 33.60024], [-101.79148, 33.60052], [-101.79165, 33.60068], [-101.79195, 33.60093], [-101.7927, 33.60158], [-101.79435, 33.60299], [-101.79472, 33.60331], [-101.79597, 33.60442], [-101.79653, 33.60489], [-101.79737, 33.6056], [-101.79763, 33.60583], [-101.79896, 33.60697], [-101.7994, 33.60735], [-101.80103, 33.60875], [-101.8012, 33.60889], [-101.80159, 33.60923], [-101.80226, 33.60979], [-101.80271, 33.61016], [-101.80283, 33.61026], [-101.8032, 33.61055], [-101.80359, 33.61084], [-101.80393, 33.61107], [-101.80427, 33.61129], [-101.80451, 33.61145], [-101.80493, 33.6117], [-101.8052, 33.61185], [-101.80578, 33.61217], [-101.80652, 33.61254], [-101.807, 33.61275], [-101.80727, 33.61286], [-101.80773, 33.61306], [-101.80835, 33.61328], [-101.80876, 33.61342], [-101.8089, 33.61347], [-101.80939, 33.61362], [-101.80984, 33.61376], [-101.81035, 33.61391], [-101.8132, 33.61476], [-101.81392, 33.61498], [-101.81405, 33.61502], [-101.81443, 33.61513], [-101.81484, 33.61525], [-101.81507, 33.61532], [-101.81561, 33.61548], [-101.81675, 33.61581], [-101.817, 33.61588], [-101.81744, 33.61599], [-101.81782, 33.61608], [-101.81818, 33.61615], [-101.81845, 33.61621], [-101.81903, 33.61632], [-101.8196, 33.6164], [-101.82019, 33.61648], [-101.8206, 33.61652], [-101.82064, 33.61653], [-101.82076, 33.61654], [-101.82114, 33.61657], [-101.82179, 33.6166], [-101.8224, 33.61662], [-101.82412, 33.61662], [-101.82572, 33.61662], [-101.82771, 33.61662], [-101.82853, 33.61661], [-101.82975, 33.61659], [-101.83094, 33.61659], [-101.83216, 33.61658], [-101.83337, 33.61657], [-101.83455, 33.61657], [-101.83491, 33.61656], [-101.83576, 33.61657], [-101.83592, 33.61658], [-101.83637, 33.61661], [-101.83705, 33.61666], [-101.83769, 33.61672], [-101.83796, 33.61675], [-101.83823, 33.61679], [-101.83864, 33.61685], [-101.8393, 33.61698], [-101.83944, 33.617], [-101.83961, 33.61704], [-101.8405, 33.61725], [-101.84092, 33.61736], [-101.84159, 33.61755], [-101.84182, 33.61763], [-101.84215, 33.61775], [-101.84232, 33.6178], [-101.84266, 33.61792], [-101.84289, 33.61801], [-101.84351, 33.61826], [-101.84402, 33.61849], [-101.84446, 33.61869], [-101.84504, 33.61899], [-101.84547, 33.61922], [-101.84594, 33.61949], [-101.84624, 33.61968], [-101.84663, 33.61989], [-101.84703, 33.6201], [-101.84734, 33.62026], [-101.84766, 33.6204], [-101.84776, 33.62044], [-101.84799, 33.62054], [-101.84853, 33.62074], [-101.8488, 33.62083], [-101.8489, 33.62086], [-101.84935, 33.62099], [-101.84976, 33.62109], [-101.84982, 33.6211], [-101.8503, 33.62119], [-101.85079, 33.62125], [-101.85093, 33.62127], [-101.85097, 33.62127], [-101.8512, 33.6213], [-101.8515, 33.62132], [-101.85191, 33.62135], [-101.85225, 33.62135], [-101.85304, 33.62135], [-101.85509, 33.62135]]}}, {"type": "Feature", "properties": {"name": "State Loop 289"}, "geometry": {"type": "LineString", "coordinates": [[-101.79219, 33.536], [-101.79253, 33.53562], [-101.79279, 33.53535], [-101.793, 33.53514], [-101.79341, 33.53478], [-101.79367, 33.53456], [-101.79388, 33.5344], [-101.79397, 33.53433], [-101.79424, 33.53413], [-101.79457, 33.5339], [-101.79467, 33.53384], [-101.7949, 33.53369], [-101.7951, 33.53357], [-101.79539, 33.5334], [-101.79577, 33.53319], [-101.79623, 33.53297], [-101.79684, 33.5327], [-101.79719, 33.53257], [-101.79748, 33.53246], [-101.79781, 33.53235], [-101.79822, 33.53222], [-101.79867, 33.5321], [-101.79903, 33.53202], [-101.79961, 33.5319], [-101.80023, 33.5318], [-101.80066, 33.53174], [-101.80107, 33.53169], [-101.80143, 33.53167], [-101.80182, 33.53165], [-101.80295, 33.53164], [-101.8041, 33.53163], [-101.80587, 33.53161], [-101.80759, 33.5316], [-101.80844, 33.53159], [-101.80915, 33.53159], [-101.8101, 33.53158], [-101.81115, 33.53157], [-101.8117, 33.53156], [-101.81202, 33.53155], [-101.81234, 33.53155], [-101.81301, 33.53151], [-101.81326, 33.53148], [-101.81357, 33.53144], [-101.81412, 33.53136], [-101.81476, 33.53124], [-101.81515, 33.53116], [-101.81551, 33.53106], [-101.81594, 33.53094], [-101.81651, 33.53075], [-101.81753, 33.53038], [-101.81795, 33.53024], [-101.81839, 33.5301], [-101.81872, 33.53], [-101.8191, 33.52991], [-101.81943, 33.52984], [-101.81985, 33.52974], [-101.82009, 33.52969], [-101.82036, 33.52964], [-101.82078, 33.52958], [-101.82155, 33.52948], [-101.82225, 33.52942], [-101.82249, 33.52941], [-101.82273, 33.5294], [-101.82327, 33.52939], [-101.82428, 33.52939], [-101.82525, 33.52939], [-101.8273, 33.52941], [-101.82929, 33.5294], [-101.83068, 33.5294], [-101.83186, 33.52939], [-101.83247, 33.52939], [-101.83323, 33.52939], [-101.83412, 33.52938], [-101.83489, 33.52937], [-101.83577, 33.52934], [-101.83592, 33.52934], [-101.83654, 33.52932], [-101.83793, 33.52925], [-101.83914, 33.5292], [-101.84005, 33.52917], [-101.84199, 33.52914], [-101.84223, 33.52914], [-101.84376, 33.52914], [-101.84407, 33.52914], [-101.84418, 33.52914], [-101.84433, 33.52914], [-101.84462, 33.52914], [-101.84552, 33.52915], [-101.84624, 33.52915], [-101.84801, 33.52916], [-101.84865, 33.52917], [-101.84883, 33.52918], [-101.84995, 33.52922], [-101.85101, 33.52927], [-101.85239, 33.52933], [-101.85307, 33.52935], [-101.85338, 33.52936], [-101.85532, 33.52938], [-101.85652, 33.5294], [-101.85785, 33.52941], [-101.85955, 33.52941], [-101.86124, 33.5294], [-101.86174, 33.5294], [-101.86284, 33.5294], [-101.86467, 33.5294], [-101.86693, 33.52938], [-101.86801, 33.52938], [-101.87015, 33.52937], [-101.8704, 33.52936], [-101.87065, 33.52936], [-101.87085, 33.52936], [-101.87203, 33.52936], [-101.87337, 33.52936], [-101.87463, 33.52936], [-101.87582, 33.52936], [-101.87905, 33.52935], [-101.88159, 33.52934], [-101.88265, 33.52935], [-101.8834, 33.52935], [-101.88449, 33.52935], [-101.88558, 33.52935], [-101.88774, 33.52935], [-101.88804, 33.52935], [-101.88995, 33.52935], [-101.89208, 33.52935], [-101.89386, 33.52935], [-101.89639, 33.52934], [-101.89737, 33.52934], [-101.8979, 33.52933], [-101.89838, 33.52935], [-101.8987, 33.52936], [-101.89969, 33.52941], [-101.90033, 33.52949], [-101.90126, 33.52961], [-101.90134, 33.52962], [-101.90207, 33.52976], [-101.90236, 33.52982], [-101.9031, 33.52998], [-101.90671, 33.53096], [-101.90704, 33.53105], [-101.90982, 33.5318], [-101.91154, 33.53227], [-101.9137, 33.53286], [-101.91375, 33.53287], [-101.91582, 33.53343], [-101.91796, 33.534], [-101.91887, 33.53426], [-101.92075, 33.53477], [-101.92169, 33.53502], [-101.92215, 33.53515], [-101.92238, 33.53521], [-101.92264, 33.53528], [-101.92273, 33.53531], [-101.92363, 33.53554], [-101.92494, 33.53589], [-101.92627, 33.53627], [-101.92742, 33.53661], [-101.92815, 33.53684], [-101.92838, 33.53694], [-101.92865, 33.53705], [-101.92928, 33.53735], [-101.92946, 33.53746], [-101.92978, 33.53764], [-101.93017, 33.53788], [-101.93046, 33.53809], [-101.9307, 33.53827], [-101.93137, 33.5388], [-101.93144, 33.53886], [-101.93151, 33.53892], [-101.9323, 33.53955], [-101.93281, 33.53998], [-101.93313, 33.54027], [-101.93347, 33.54063], [-101.93364, 33.54083], [-101.93381, 33.54102], [-101.93399, 33.54125], [-101.93413, 33.54146], [-101.93427, 33.54167], [-101.9344, 33.54189], [-101.93446, 33.542], [-101.93457, 33.54219], [-101.93478, 33.54261], [-101.9349, 33.54291], [-101.9352, 33.54362], [-101.93534, 33.54395], [-101.93581, 33.54497], [-101.93604, 33.54548], [-101.93635, 33.54619], [-101.93707, 33.54783], [-101.93715, 33.54802], [-101.93747, 33.54876], [-101.93769, 33.54924], [-101.93817, 33.55034], [-101.9384, 33.55086], [-101.93862, 33.5514], [-101.9389, 33.55207], [-101.93894, 33.55215], [-101.93908, 33.55245], [-101.93924, 33.5528], [-101.93935, 33.55303], [-101.93937, 33.55309], [-101.93943, 33.55322], [-101.93945, 33.55326], [-101.93959, 33.5536], [-101.9397, 33.55383], [-101.93976, 33.55396], [-101.93978, 33.55402], [-101.93981, 33.55408], [-101.93984, 33.55416], [-101.94009, 33.55474], [-101.94026, 33.55515], [-101.94038, 33.55545], [-101.94044, 33.55557], [-101.94076, 33.55626], [-101.94095, 33.55669], [-101.9412, 33.55725], [-101.94142, 33.55777], [-101.94166, 33.5583], [-101.9419, 33.55885], [-101.94252, 33.56027], [-101.94274, 33.56078], [-101.94305, 33.56149], [-101.94318, 33.56185], [-101.94334, 33.56232], [-101.94353, 33.56296], [-101.94357, 33.5631], [-101.94359, 33.56316], [-101.94361, 33.56327], [-101.94366, 33.56347], [-101.94367, 33.56352], [-101.94379, 33.56408], [-101.94384, 33.56448], [-101.94386, 33.56466], [-101.9439, 33.56492], [-101.94393, 33.56524], [-101.94396, 33.56553], [-101.94397, 33.56572], [-101.94391, 33.56618], [-101.94394, 33.56679], [-101.94398, 33.5674], [-101.94398, 33.56938], [-101.94397, 33.56977], [-101.94397, 33.56999], [-101.94397, 33.5701], [-101.94397, 33.57073], [-101.94397, 33.57115], [-101.94398, 33.57161], [-101.94399, 33.57235], [-101.94399, 33.57312], [-101.94399, 33.57339], [-101.944, 33.57387], [-101.944, 33.57535], [-101.944, 33.57585], [-101.94398, 33.57629], [-101.94397, 33.57644], [-101.94397, 33.57649], [-101.94393, 33.57682], [-101.94389, 33.57713], [-101.94388, 33.57717], [-101.94383, 33.57743], [-101.9438, 33.57761], [-101.94377, 33.57778], [-101.94373, 33.57797], [-101.94371, 33.57806], [-101.94369, 33.57821], [-101.94359, 33.57865], [-101.94352, 33.57891], [-101.94335, 33.5795], [-101.94318, 33.58], [-101.94306, 33.58031], [-101.94293, 33.58063], [-101.94273, 33.58108], [-101.9425, 33.58157], [-101.94242, 33.58173], [-101.94205, 33.5824], [-101.94148, 33.58328], [-101.94125, 33.58359], [-101.94087, 33.58407], [-101.94051, 33.58453], [-101.93978, 33.58532], [-101.93964, 33.58548], [-101.9393, 33.58579], [-101.93921, 33.58588], [-101.93894, 33.58614], [-101.93845, 33.58655], [-101.93801, 33.58691], [-101.93771, 33.58713], [-101.93722, 33.58749], [-101.93645, 33.58799], [-101.93608, 33.58823], [-101.93442, 33.58928], [-101.9334, 33.58992], [-101.93273, 33.59031], [-101.93211, 33.59072], [-101.93136, 33.59119], [-101.9298, 33.59219], [-101.92965, 33.59228], [-101.92809, 33.59327], [-101.9274, 33.5937], [-101.92668, 33.59416], [-101.92596, 33.59461], [-101.92385, 33.59593], [-101.92336, 33.59625], [-101.92328, 33.59629], [-101.92272, 33.59665], [-101.9224, 33.59685], [-101.92034, 33.59815], [-101.91969, 33.59855], [-101.91853, 33.59928], [-101.91667, 33.60047], [-101.91636, 33.60067], [-101.9149, 33.60158], [-101.91286, 33.60286], [-101.91191, 33.60346], [-101.91117, 33.60394], [-101.90978, 33.60485], [-101.9089, 33.60541], [-101.90889, 33.60542], [-101.90768, 33.60621], [-101.90675, 33.60681], [-101.90672, 33.60683], [-101.90529, 33.60765], [-101.90515, 33.60773], [-101.90503, 33.6078], [-101.90434, 33.60824], [-101.90281, 33.60919], [-101.9013, 33.61015], [-101.89975, 33.61113], [-101.89824, 33.61208], [-101.89683, 33.61297], [-101.89667, 33.61306], [-101.89514, 33.61403], [-101.89393, 33.61479], [-101.89252, 33.61568], [-101.8916, 33.61626], [-101.89137, 33.61641], [-101.89121, 33.61651], [-101.89089, 33.61671], [-101.89074, 33.61681], [-101.89, 33.61728], [-101.88958, 33.61754], [-101.88896, 33.61792], [-101.8886, 33.61813], [-101.88834, 33.61828], [-101.88801, 33.61844], [-101.88751, 33.61867], [-101.88688, 33.61893], [-101.88655, 33.61905], [-101.88607, 33.61921], [-101.88553, 33.61937], [-101.8853, 33.61943], [-101.88499, 33.6195], [-101.88457, 33.61959], [-101.88395, 33.6197], [-101.88332, 33.61979], [-101.88092, 33.62015], [-101.87956, 33.62035], [-101.8789, 33.62045], [-101.87735, 33.62067], [-101.8761, 33.62087], [-101.87525, 33.621], [-101.87444, 33.62109], [-101.8739, 33.62115], [-101.87338, 33.62118], [-101.87285, 33.62121], [-101.87272, 33.62121], [-101.87248, 33.62122], [-101.87093, 33.62122], [-101.87046, 33.62121], [-101.86826, 33.6212], [-101.8662, 33.6212], [-101.86473, 33.6212], [-101.86267, 33.62119], [-101.86061, 33.62118], [-101.85965, 33.62118], [-101.85855, 33.62117], [-101.85806, 33.62117], [-101.85679, 33.62117], [-101.85572, 33.62116], [-101.85558, 33.62116], [-101.85537, 33.62116], [-101.85529, 33.62116], [-101.85509, 33.62116], [-101.85371, 33.62116], [-101.8525, 33.62115], [-101.85217, 33.62116], [-101.85167, 33.62114], [-101.85133, 33.62112], [-101.85095, 33.62108], [-101.85057, 33.62103], [-101.85038, 33.62101], [-101.84994, 33.62093], [-101.84943, 33.62081], [-101.84894, 33.62067], [-101.84861, 33.62057], [-101.84815, 33.6204], [-101.84775, 33.62022], [-101.84768, 33.6202], [-101.84729, 33.62001], [-101.84661, 33.61964], [-101.84614, 33.61938], [-101.84578, 33.61916], [-101.84521, 33.61886], [-101.84503, 33.61877], [-101.84451, 33.6185], [-101.84403, 33.61828], [-101.84364, 33.61811], [-101.84295, 33.61783], [-101.84279, 33.61777], [-101.84245, 33.61765], [-101.84229, 33.61759], [-101.84196, 33.61747], [-101.8418, 33.61742], [-101.84038, 33.61702], [-101.83975, 33.61688], [-101.83972, 33.61687], [-101.83955, 33.61684], [-101.83879, 33.61669], [-101.83778, 33.61655], [-101.83686, 33.61644], [-101.83614, 33.61641], [-101.83592, 33.6164], [-101.83483, 33.61639], [-101.83348, 33.61638], [-101.83216, 33.61639], [-101.83084, 33.6164], [-101.82952, 33.6164], [-101.82819, 33.6164], [-101.82689, 33.61642], [-101.82544, 33.61643], [-101.82469, 33.61643], [-101.82412, 33.61643], [-101.82299, 33.61644], [-101.82202, 33.61643], [-101.82179, 33.61642], [-101.82137, 33.6164], [-101.82078, 33.61635], [-101.82011, 33.61628], [-101.8195, 33.6162], [-101.81887, 33.6161], [-101.81845, 33.61602], [-101.8182, 33.61597], [-101.81807, 33.61594], [-101.817, 33.61568], [-101.81622, 33.61546], [-101.81537, 33.6152], [-101.81513, 33.61513], [-101.81472, 33.61501], [-101.81434, 33.6149], [-101.81422, 33.61487], [-101.81342, 33.61463], [-101.8128, 33.61444], [-101.81205, 33.61422], [-101.8114, 33.61402], [-101.81064, 33.61379], [-101.80988, 33.61357], [-101.8094, 33.61343], [-101.80922, 33.61337], [-101.80854, 33.61315], [-101.8077, 33.61283], [-101.80708, 33.61257], [-101.80647, 33.61229], [-101.80573, 33.61193], [-101.80514, 33.6116], [-101.80439, 33.61114], [-101.80433, 33.6111], [-101.8039, 33.61081], [-101.80339, 33.61046], [-101.80308, 33.61022], [-101.80266, 33.60988], [-101.80229, 33.60958], [-101.8019, 33.60924], [-101.80126, 33.60869], [-101.8008, 33.60829], [-101.7996, 33.60725], [-101.79924, 33.60695], [-101.79832, 33.60616], [-101.79722, 33.6052], [-101.7946, 33.60294], [-101.79251, 33.60115], [-101.79212, 33.60081], [-101.79182, 33.60055], [-101.79165, 33.6004], [-101.79129, 33.60009], [-101.79122, 33.60003], [-101.79039, 33.59933], [-101.78987, 33.59883], [-101.78924, 33.59807], [-101.78902, 33.59779], [-101.78893, 33.59765], [-101.78871, 33.5973], [-101.78853, 33.59696], [-101.78834, 33.59658], [-101.7882, 33.59622], [-101.78813, 33.59604], [-101.78804, 33.59571], [-101.78795, 33.59537], [-101.78788, 33.59504], [-101.78782, 33.59462], [-101.78779, 33.59413], [-101.78778, 33.59281], [-101.78778, 33.59255], [-101.78778, 33.59244], [-101.78778, 33.59154], [-101.78778, 33.59065], [-101.78778, 33.58975], [-101.78778, 33.58884], [-101.78778, 33.58792], [-101.78778, 33.58755], [-101.78778, 33.58704], [-101.78779, 33.58621], [-101.7878, 33.58555], [-101.7878, 33.58532], [-101.7878, 33.58427], [-101.78778, 33.58351], [-101.78778, 33.58313], [-101.78778, 33.58205], [-101.78778, 33.58105], [-101.78778, 33.58002], [-101.78778, 33.57898], [-101.78778, 33.57833], [-101.78778, 33.57819], [-101.78777, 33.57799], [-101.78778, 33.5776], [-101.78778, 33.57735], [-101.78778, 33.5769], [-101.78778, 33.57663], [-101.78778, 33.57586], [-101.78778, 33.57534], [-101.78778, 33.57509], [-101.78778, 33.57406], [-101.78779, 33.573], [-101.78778, 33.57198], [-101.78778, 33.57094], [-101.78779, 33.5699], [-101.78779, 33.56909], [-101.78779, 33.56873], [-101.78778, 33.56756], [-101.78778, 33.5664], [-101.78777, 33.56524], [-101.78777, 33.56407], [-101.78777, 33.56293], [-101.78778, 33.56177], [-101.78778, 33.5606], [-101.78777, 33.55945], [-101.78778, 33.55858], [-101.78777, 33.5583], [-101.78777, 33.55814], [-101.78781, 33.55713], [-101.78784, 33.5567], [-101.78786, 33.55649], [-101.78791, 33.55593], [-101.78795, 33.55555], [-101.78798, 33.55525], [-101.78804, 33.55476], [-101.78806, 33.5546], [-101.78817, 33.5538], [-101.78822, 33.55335], [-101.78826, 33.55294], [-101.78828, 33.55243], [-101.78828, 33.55186], [-101.78828, 33.55085], [-101.78828, 33.54993], [-101.78828, 33.54888], [-101.78828, 33.54886], [-101.78828, 33.54809], [-101.78829, 33.54725], [-101.78829, 33.54641], [-101.78829, 33.54609], [-101.78829, 33.54556], [-101.78829, 33.54478], [-101.78829, 33.54392], [-101.7883, 33.5434], [-101.78833, 33.54306], [-101.78837, 33.54267], [-101.78845, 33.54221], [-101.78853, 33.5418], [-101.78865, 33.54138], [-101.78876, 33.54102], [-101.78895, 33.54055], [-101.78927, 33.53983], [-101.78943, 33.53951], [-101.78946, 33.53946], [-101.78957, 33.53925], [-101.7898, 33.53889], [-101.78996, 33.53865], [-101.79013, 33.53841], [-101.79037, 33.5381], [-101.79074, 33.53766], [-101.79094, 33.53743], [-101.79133, 33.53699], [-101.79143, 33.53687], [-101.79162, 33.53666], [-101.79168, 33.53658], [-101.79178, 33.53648], [-101.79219, 33.536]]}}, {"type": "Feature", "properties": {"name": "State Loop 250"}, "geometry": {"type": "LineString", "coordinates": [[-102.15215, 31.99211], [-102.15208, 31.99186], [-102.15074, 31.98771], [-102.15032, 31.98643], [-102.14881, 31.98178], [-102.14874, 31.98157], [-102.14868, 31.98137], [-102.14863, 31.98122], [-102.14861, 31.98118], [-102.14736, 31.97726], [-102.14726, 31.97697], [-102.14721, 31.9768], [-102.14719, 31.97676], [-102.14717, 31.9767], [-102.147, 31.97614], [-102.14543, 31.97125], [-102.14513, 31.97033], [-102.14504, 31.97005], [-102.14489, 31.96963], [-102.14485, 31.96953], [-102.14472, 31.96914], [-102.14421, 31.96789], [-102.14407, 31.96755], [-102.14352, 31.96629], [-102.14308, 31.96545], [-102.14303, 31.96527], [-102.14293, 31.96497], [-102.14252, 31.96377], [-102.14194, 31.9619], [-102.14193, 31.96188], [-102.14181, 31.96148], [-102.14176, 31.96133], [-102.1417, 31.96115], [-102.14159, 31.9608], [-102.14154, 31.96066], [-102.14152, 31.96059], [-102.14152, 31.96057], [-102.14117, 31.95946], [-102.14104, 31.95907], [-102.14098, 31.95864], [-102.14105, 31.95828], [-102.14111, 31.95802], [-102.1412, 31.95774], [-102.14135, 31.95748], [-102.14158, 31.95715], [-102.14213, 31.95653], [-102.14241, 31.95618], [-102.1427, 31.95584], [-102.14321, 31.95521], [-102.14467, 31.95343]]}}, {"type": "Feature", "properties": {"name": "State Loop 250"}, "geometry": {"type": "LineString", "coordinates": [[-102.14477, 31.9509], [-102.14491, 31.95116], [-102.14498, 31.95135], [-102.145, 31.95155], [-102.14501, 31.95177], [-102.145, 31.95204], [-102.14493, 31.95252], [-102.14489, 31.95263], [-102.14487, 31.9527], [-102.1448, 31.95283], [-102.14479, 31.95286], [-102.14477, 31.9529], [-102.14463, 31.95312], [-102.1446, 31.95315], [-102.14455, 31.95322], [-102.14451, 31.95325], [-102.14279, 31.95538], [-102.14169, 31.95674], [-102.14137, 31.95715], [-102.14112, 31.95753], [-102.14099, 31.95782], [-102.14089, 31.95817], [-102.14084, 31.95852], [-102.14082, 31.9588], [-102.14089, 31.95916], [-102.141, 31.95954], [-102.14117, 31.96001], [-102.1413, 31.96035], [-102.14141, 31.96063], [-102.14144, 31.96071], [-102.14148, 31.96085], [-102.14149, 31.9609], [-102.14159, 31.9612], [-102.14165, 31.96139], [-102.14169, 31.96154], [-102.14205, 31.9627], [-102.1424, 31.96381], [-102.14262, 31.96444], [-102.14275, 31.96488], [-102.1428, 31.96506], [-102.14291, 31.96541], [-102.14293, 31.96547], [-102.14303, 31.96576], [-102.14313, 31.96602], [-102.14348, 31.96683], [-102.14395, 31.96793], [-102.14418, 31.96842], [-102.14429, 31.96867], [-102.14439, 31.96892], [-102.14449, 31.96917], [-102.14458, 31.96942], [-102.14472, 31.96985], [-102.14488, 31.97032], [-102.14506, 31.97084], [-102.14526, 31.97144], [-102.14621, 31.97442], [-102.14668, 31.97592], [-102.14674, 31.97609], [-102.147, 31.97689], [-102.14845, 31.98142], [-102.14852, 31.98163], [-102.14858, 31.98184], [-102.15002, 31.98626], [-102.15039, 31.98743], [-102.15066, 31.98828], [-102.15069, 31.98839], [-102.15163, 31.99127]]}}, {"type": "Feature", "properties": {"name": "W Houston Harte Expy"}, "geometry": {"type": "LineString", "coordinates": [[-100.44139, 31.4696], [-100.44146, 31.46957], [-100.44152, 31.46954], [-100.44205, 31.46928], [-100.44291, 31.46887], [-100.44402, 31.46832], [-100.44449, 31.46809], [-100.44468, 31.46801], [-100.44499, 31.46786], [-100.4459, 31.46743], [-100.44619, 31.4673], [-100.4462, 31.46729], [-100.44632, 31.46724], [-100.44644, 31.46718], [-100.44653, 31.46714], [-100.44661, 31.46711], [-100.44668, 31.46708], [-100.4467, 31.46707], [-100.4468, 31.46703], [-100.44689, 31.46699], [-100.44699, 31.46695], [-100.44707, 31.46691], [-100.44709, 31.4669], [-100.44715, 31.46688], [-100.44765, 31.46667], [-100.44799, 31.46652], [-100.44814, 31.46645], [-100.44824, 31.46641], [-100.44828, 31.46639], [-100.44834, 31.46637], [-100.44839, 31.46635], [-100.44848, 31.46631], [-100.44851, 31.4663], [-100.44857, 31.46627], [-100.44918, 31.466], [-100.44966, 31.46579], [-100.451, 31.46515], [-100.4516, 31.46487], [-100.45202, 31.46467], [-100.45258, 31.46441], [-100.45327, 31.46408], [-100.45369, 31.46387], [-100.45469, 31.46338], [-100.45567, 31.4629], [-100.45713, 31.46222], [-100.45773, 31.46196], [-100.45875, 31.46151], [-100.45911, 31.46136], [-100.45917, 31.46134], [-100.45979, 31.46111], [-100.46043, 31.46087], [-100.46085, 31.46071], [-100.46124, 31.46054], [-100.46191, 31.46026], [-100.4624, 31.46004], [-100.46278, 31.45987], [-100.46364, 31.45946], [-100.46401, 31.45929], [-100.46511, 31.45875], [-100.46576, 31.45842], [-100.46618, 31.45822], [-100.46704, 31.45782], [-100.4672, 31.45774], [-100.46736, 31.45766], [-100.46748, 31.4576], [-100.46755, 31.45757], [-100.46759, 31.45754], [-100.46764, 31.45752], [-100.4679, 31.4574], [-100.46839, 31.45716], [-100.46931, 31.45671], [-100.47245, 31.45521], [-100.47264, 31.45512], [-100.4738, 31.45455], [-100.47441, 31.45427], [-100.47493, 31.45403], [-100.47555, 31.45377], [-100.47577, 31.45368], [-100.47626, 31.45352], [-100.47672, 31.45338], [-100.4768, 31.45335], [-100.47689, 31.45332], [-100.47693, 31.45331], [-100.47703, 31.45328], [-100.47707, 31.45328], [-100.47735, 31.45321], [-100.47772, 31.45313], [-100.47821, 31.45303], [-100.47831, 31.45301], [-100.4785, 31.45298], [-100.47877, 31.45294], [-100.47898, 31.45291], [-100.47959, 31.45283], [-100.47987, 31.45279], [-100.48016, 31.45276], [-100.48103, 31.45265], [-100.48133, 31.45261], [-100.48163, 31.45257], [-100.48253, 31.45246], [-100.48284, 31.45242], [-100.48316, 31.45238], [-100.48413, 31.45226], [-100.48445, 31.45222], [-100.48486, 31.45217], [-100.48524, 31.45212], [-100.48596, 31.45203], [-100.4865, 31.45193], [-100.48686, 31.45184], [-100.48753, 31.45162], [-100.48756, 31.45161], [-100.48777, 31.45154], [-100.48807, 31.45143], [-100.48829, 31.45131], [-100.48921, 31.45083], [-100.48975, 31.45055], [-100.49021, 31.45022], [-100.49041, 31.45009], [-100.49056, 31.44997], [-100.49117, 31.44941], [-100.4914, 31.44915], [-100.49164, 31.44892], [-100.4922, 31.44838], [-100.49229, 31.44829], [-100.49239, 31.4482], [-100.49245, 31.44814], [-100.49251, 31.44807], [-100.49275, 31.44781], [-100.49287, 31.44768], [-100.493, 31.44756], [-100.49338, 31.44715], [-100.49422, 31.44626], [-100.49451, 31.44595], [-100.49488, 31.44554], [-100.49515, 31.44525], [-100.49556, 31.44483], [-100.49603, 31.44437], [-100.49763, 31.44271], [-100.4983, 31.44202], [-100.49832, 31.442], [-100.49941, 31.44088], [-100.50001, 31.44026], [-100.50047, 31.43979], [-100.50125, 31.43897], [-100.50193, 31.43828], [-100.50267, 31.43751], [-100.50268, 31.4375], [-100.50376, 31.4364], [-100.50463, 31.4355], [-100.50504, 31.43508], [-100.50535, 31.43471], [-100.50548, 31.43456], [-100.5057, 31.43421], [-100.50593, 31.4338], [-100.50605, 31.43351], [-100.50619, 31.43307], [-100.50628, 31.43267], [-100.50632, 31.43234], [-100.50633, 31.43225], [-100.50634, 31.43203], [-100.50632, 31.43145], [-100.50628, 31.43122], [-100.50625, 31.43101]]}}, {"type": "Feature", "properties": {"name": "W Houston Harte Expy"}, "geometry": {"type": "LineString", "coordinates": [[-100.44154, 31.46984], [-100.44168, 31.46977], [-100.44221, 31.46953], [-100.44257, 31.46934], [-100.44479, 31.46826], [-100.44486, 31.46823], [-100.4457, 31.46784], [-100.44596, 31.46773], [-100.44678, 31.46739], [-100.44697, 31.4673], [-100.44717, 31.46721], [-100.44732, 31.46714], [-100.44844, 31.46664], [-100.44853, 31.46659], [-100.44865, 31.46655], [-100.44882, 31.46647], [-100.45003, 31.46594], [-100.45115, 31.46542], [-100.45135, 31.46533], [-100.45137, 31.46532], [-100.45222, 31.4649], [-100.45315, 31.46446], [-100.45385, 31.46412], [-100.454, 31.46405], [-100.45486, 31.46363], [-100.45586, 31.46312], [-100.45654, 31.46281], [-100.45765, 31.46229], [-100.45844, 31.46195], [-100.45892, 31.46176], [-100.46054, 31.46112], [-100.46098, 31.46096], [-100.46137, 31.4608], [-100.46236, 31.46038], [-100.46295, 31.4601], [-100.46319, 31.45998], [-100.46354, 31.45982], [-100.46394, 31.45963], [-100.46516, 31.45904], [-100.46524, 31.45899], [-100.46578, 31.45876], [-100.46722, 31.45807], [-100.46753, 31.45793], [-100.46764, 31.45787], [-100.47039, 31.45657], [-100.47093, 31.45626], [-100.47373, 31.4549], [-100.47409, 31.45474], [-100.47513, 31.45426], [-100.47549, 31.4541], [-100.47576, 31.45401], [-100.47687, 31.45363], [-100.47705, 31.45356], [-100.47722, 31.45352], [-100.47766, 31.45344], [-100.47845, 31.45331], [-100.47846, 31.4533], [-100.47943, 31.45314], [-100.4795, 31.45314], [-100.48052, 31.45294], [-100.48147, 31.45288], [-100.48279, 31.45271], [-100.48281, 31.45271], [-100.4832, 31.45266], [-100.48453, 31.4525], [-100.48471, 31.45248], [-100.48536, 31.45239], [-100.48615, 31.45227], [-100.48672, 31.45216], [-100.48738, 31.45197], [-100.48791, 31.4518], [-100.4883, 31.45165], [-100.48892, 31.45136], [-100.4896, 31.45099], [-100.49, 31.45075], [-100.49062, 31.4503], [-100.49098, 31.44999], [-100.49145, 31.44954], [-100.49216, 31.44882], [-100.49259, 31.4484], [-100.49279, 31.4482], [-100.4929, 31.44809], [-100.49367, 31.44733], [-100.49486, 31.44605], [-100.49496, 31.44594], [-100.49517, 31.44569], [-100.49536, 31.44548], [-100.49722, 31.44359], [-100.49814, 31.44262], [-100.49856, 31.4422], [-100.49883, 31.44193], [-100.50047, 31.44021], [-100.50133, 31.43934], [-100.50263, 31.438], [-100.50422, 31.43633], [-100.50454, 31.43599], [-100.50516, 31.43534], [-100.50555, 31.43489], [-100.50576, 31.43461], [-100.50587, 31.43444], [-100.50606, 31.4341], [-100.50617, 31.43388], [-100.50626, 31.43367], [-100.50635, 31.43341], [-100.50648, 31.43289], [-100.50652, 31.4326], [-100.50655, 31.43228], [-100.50655, 31.43193], [-100.50653, 31.43153], [-100.50649, 31.43111], [-100.50647, 31.43089]]}}, {"type": "Feature", "properties": {"name": "Andrews Hwy"}, "geometry": {"type": "LineString", "coordinates": [[-102.15337, 31.99799], [-102.15334, 31.998], [-102.14854, 31.99912], [-102.14917, 31.99901], [-102.14986, 31.99889], [-102.1508, 31.99871], [-102.1534, 31.9981]]}}, {"type": "Feature", "properties": {"name": "I- 20"}, "geometry": {"type": "LineString", "coordinates": [[-100.14694, 32.49451], [-100.14554, 32.49474], [-100.1449, 32.49484], [-100.14401, 32.49498], [-100.14381, 32.49501], [-100.14318, 32.49507], [-100.14229, 32.49517], [-100.14156, 32.49521], [-100.14033, 32.49528], [-100.13784, 32.49539], [-100.13681, 32.49543], [-100.13271, 32.49558], [-100.12981, 32.4957], [-100.12942, 32.49572], [-100.12759, 32.49578], [-100.12673, 32.49578], [-100.12633, 32.49578], [-100.12591, 32.49575], [-100.12553, 32.49571], [-100.1249, 32.49561], [-100.12436, 32.49549], [-100.12395, 32.49538], [-100.12331, 32.49518], [-100.12309, 32.4951], [-100.1228, 32.49499], [-100.12231, 32.49475], [-100.12177, 32.49449], [-100.12116, 32.49411], [-100.12078, 32.49383], [-100.12, 32.49328], [-100.11991, 32.49322], [-100.11936, 32.49283], [-100.11929, 32.49279], [-100.11776, 32.49169], [-100.1171, 32.49123], [-100.11421, 32.48918], [-100.11372, 32.48883], [-100.11319, 32.48848], [-100.11223, 32.48796], [-100.11099, 32.48736], [-100.1108, 32.48726], [-100.11072, 32.48722], [-100.10964, 32.48668], [-100.10939, 32.48656], [-100.10859, 32.48622], [-100.10831, 32.48612], [-100.10781, 32.48594], [-100.10706, 32.48572], [-100.10632, 32.48554], [-100.10515, 32.48534], [-100.09927, 32.48435], [-100.09615, 32.48383], [-100.08794, 32.48244], [-100.08742, 32.48236], [-100.08408, 32.48181], [-100.08306, 32.48163], [-100.07919, 32.48098], [-100.07899, 32.48094], [-100.07455, 32.48019], [-100.07276, 32.47989], [-100.0721, 32.47978], [-100.07068, 32.47954], [-100.06678, 32.47889], [-100.06479, 32.47852], [-100.06368, 32.47833], [-100.06068, 32.47781], [-100.05819, 32.47741], [-100.05409, 32.47672], [-100.05076, 32.47615], [-100.04974, 32.47598], [-100.04556, 32.47529], [-100.04363, 32.47496], [-100.03966, 32.47434], [-100.03751, 32.47405], [-100.03714, 32.474], [-100.03622, 32.47386], [-100.03575, 32.47383], [-100.035, 32.47378], [-100.03455, 32.47378], [-100.03432, 32.47377], [-100.03384, 32.47381], [-100.03361, 32.47382], [-100.03299, 32.4739], [-100.03144, 32.47409], [-100.03069, 32.47418], [-100.03015, 32.47423], [-100.02967, 32.47431], [-100.02903, 32.47443], [-100.02828, 32.47463], [-100.02776, 32.4748], [-100.02668, 32.47519], [-100.02322, 32.47645], [-100.02276, 32.47662], [-100.02186, 32.47695], [-100.02119, 32.47714], [-100.02048, 32.4773], [-100.01971, 32.47744], [-100.01881, 32.47754], [-100.01729, 32.47767], [-100.01601, 32.47779], [-100.01533, 32.47783], [-100.01451, 32.47783], [-100.01374, 32.47779], [-100.01298, 32.47771], [-100.01143, 32.4775], [-100.00792, 32.47702], [-100.00621, 32.47679], [-100.00424, 32.47656], [-100.00398, 32.47654], [-100.00358, 32.47649], [-100.00314, 32.47644], [-100.00272, 32.47635], [-100.00192, 32.47615], [-100.0012, 32.4759], [-100.0006, 32.47562], [-100.00029, 32.47548], [-100.00016, 32.47541], [-99.99973, 32.47519], [-99.99754, 32.47379], [-99.99432, 32.47176], [-99.99294, 32.4709], [-99.99101, 32.46969], [-99.99064, 32.46946], [-99.99, 32.46911], [-99.98913, 32.46871], [-99.98702, 32.46796], [-99.98648, 32.46778], [-99.98588, 32.46758], [-99.98457, 32.46717], [-99.98382, 32.46698], [-99.983, 32.46684], [-99.98255, 32.46677], [-99.98212, 32.4667], [-99.98199, 32.46668], [-99.98069, 32.46648], [-99.98058, 32.4665], [-99.9789, 32.46626], [-99.97418, 32.46565], [-99.97068, 32.46516], [-99.96508, 32.4644], [-99.95915, 32.46358], [-99.9585, 32.4635], [-99.95802, 32.46344], [-99.95779, 32.46342], [-99.95537, 32.46308], [-99.95403, 32.46288], [-99.95328, 32.4628], [-99.95309, 32.46278], [-99.95104, 32.46249], [-99.94949, 32.46229], [-99.94761, 32.46204], [-99.94607, 32.46182], [-99.94554, 32.46172], [-99.94456, 32.46155], [-99.94419, 32.46149], [-99.9422, 32.46124], [-99.93872, 32.46082], [-99.93853, 32.4608], [-99.93468, 32.46028], [-99.93277, 32.45999], [-99.92916, 32.4595], [-99.92886, 32.45945], [-99.9277, 32.4593], [-99.92684, 32.45919], [-99.92602, 32.45911], [-99.92542, 32.45907], [-99.92258, 32.45903], [-99.92034, 32.45897], [-99.9163, 32.45887], [-99.91237, 32.45879], [-99.91016, 32.45874], [-99.90593, 32.45864], [-99.90162, 32.45855], [-99.89595, 32.45841], [-99.893, 32.45834], [-99.88957, 32.45828], [-99.88685, 32.4582], [-99.88546, 32.45818], [-99.88444, 32.45823], [-99.8829, 32.45839], [-99.88065, 32.45866], [-99.87903, 32.45887], [-99.87848, 32.45893], [-99.87728, 32.45906], [-99.87295, 32.45955], [-99.87096, 32.45977], [-99.87036, 32.45984], [-99.86983, 32.45989], [-99.86918, 32.45988], [-99.86739, 32.45988], [-99.86558, 32.45983], [-99.8652, 32.45982], [-99.86414, 32.45979], [-99.8635, 32.45978], [-99.86237, 32.45975], [-99.86134, 32.45973], [-99.8608, 32.45973], [-99.86006, 32.45971], [-99.85576, 32.45961], [-99.85517, 32.4596], [-99.85497, 32.4596], [-99.85485, 32.4596], [-99.85399, 32.45958], [-99.85361, 32.45956], [-99.85326, 32.45955], [-99.85265, 32.45954], [-99.85173, 32.45952], [-99.85095, 32.45951], [-99.8498, 32.45947], [-99.84967, 32.45947], [-99.84959, 32.45946], [-99.84936, 32.45943], [-99.84854, 32.45945], [-99.84782, 32.45944], [-99.84774, 32.45945], [-99.84734, 32.45944], [-99.84683, 32.45943], [-99.84627, 32.45946], [-99.84611, 32.45948], [-99.84601, 32.45949], [-99.84544, 32.45957], [-99.84503, 32.45963], [-99.84476, 32.45968], [-99.84469, 32.45969], [-99.84424, 32.45979], [-99.84416, 32.45981], [-99.84378, 32.45991], [-99.84168, 32.46046], [-99.84082, 32.4607], [-99.83959, 32.46102], [-99.83834, 32.46137], [-99.83771, 32.46154], [-99.83708, 32.46171], [-99.83693, 32.46175], [-99.83529, 32.46218], [-99.83471, 32.46234], [-99.83462, 32.46236], [-99.83209, 32.46304], [-99.8315, 32.46319], [-99.83118, 32.46327], [-99.83032, 32.46351], [-99.82846, 32.464], [-99.82784, 32.46416], [-99.8273, 32.46431], [-99.82679, 32.46443], [-99.8259, 32.46467], [-99.82586, 32.46469], [-99.82526, 32.46485], [-99.82142, 32.46589], [-99.81975, 32.46633], [-99.81857, 32.46666], [-99.8182, 32.46675], [-99.81753, 32.46694], [-99.81709, 32.46705], [-99.81642, 32.46723], [-99.81598, 32.46736], [-99.81481, 32.46767], [-99.81406, 32.46789], [-99.81391, 32.46794], [-99.81327, 32.46814], [-99.8112, 32.46887], [-99.81062, 32.46908], [-99.80981, 32.46937], [-99.8094, 32.46952], [-99.80901, 32.46965], [-99.80837, 32.46988], [-99.80743, 32.47021], [-99.80688, 32.4704], [-99.80638, 32.47059], [-99.80602, 32.47071], [-99.80555, 32.47089], [-99.80497, 32.47109], [-99.80267, 32.47192], [-99.80223, 32.47209], [-99.80166, 32.47229], [-99.79965, 32.473], [-99.79904, 32.47321], [-99.7982, 32.47352], [-99.79786, 32.47364], [-99.79741, 32.4738], [-99.79701, 32.47395], [-99.79656, 32.47411], [-99.79607, 32.47429], [-99.79557, 32.47446], [-99.7952, 32.4746], [-99.79509, 32.47464], [-99.79432, 32.4749], [-99.79286, 32.47543], [-99.79183, 32.47583], [-99.79126, 32.47602], [-99.79095, 32.47612], [-99.79065, 32.47622], [-99.7897, 32.47655], [-99.78905, 32.47679], [-99.78738, 32.47738], [-99.78705, 32.4775], [-99.78696, 32.47753], [-99.78564, 32.478], [-99.7837, 32.47869], [-99.78352, 32.47875], [-99.78284, 32.47895], [-99.78253, 32.47906], [-99.78207, 32.47918], [-99.78144, 32.47937], [-99.78091, 32.47953], [-99.78007, 32.47977], [-99.77931, 32.47998], [-99.77882, 32.48012], [-99.77857, 32.48019], [-99.77832, 32.48026], [-99.77795, 32.48038], [-99.77755, 32.48047], [-99.77717, 32.48058], [-99.77682, 32.48069], [-99.77676, 32.48071], [-99.77345, 32.48143], [-99.77249, 32.48164], [-99.77157, 32.48181], [-99.77103, 32.4819], [-99.77028, 32.48203], [-99.77, 32.48208], [-99.76945, 32.48218], [-99.7685, 32.48238], [-99.76744, 32.48261], [-99.76638, 32.48303], [-99.76496, 32.48358], [-99.76486, 32.48364], [-99.76441, 32.48384], [-99.76152, 32.48522], [-99.76081, 32.48555], [-99.76032, 32.48578], [-99.75978, 32.48602], [-99.75922, 32.48632], [-99.75767, 32.48705], [-99.75732, 32.48723], [-99.75675, 32.48748], [-99.75617, 32.48775], [-99.75505, 32.48828], [-99.75431, 32.48862], [-99.75389, 32.48879], [-99.7535, 32.48896], [-99.75322, 32.48906], [-99.75265, 32.48927], [-99.75218, 32.48942], [-99.75174, 32.48954], [-99.7511, 32.48972], [-99.75083, 32.48979], [-99.75041, 32.48989], [-99.74957, 32.49005], [-99.74896, 32.49015], [-99.74851, 32.49021], [-99.74802, 32.49024], [-99.74513, 32.49038], [-99.73941, 32.49038], [-99.73639, 32.49038], [-99.73548, 32.49038], [-99.73397, 32.49037], [-99.73268, 32.49038], [-99.73163, 32.49037], [-99.7312, 32.49037], [-99.73073, 32.49038], [-99.72968, 32.49038], [-99.7295, 32.49038], [-99.7294, 32.49038], [-99.72776, 32.49037], [-99.72646, 32.49038], [-99.72505, 32.49038], [-99.72375, 32.49027], [-99.72305, 32.49019], [-99.72248, 32.4901], [-99.72106, 32.48978], [-99.72041, 32.48961], [-99.71986, 32.48943], [-99.71917, 32.48921], [-99.71844, 32.48893], [-99.71792, 32.48872], [-99.71776, 32.48865], [-99.71745, 32.48852], [-99.71687, 32.48825], [-99.71651, 32.48807], [-99.71591, 32.48774], [-99.71544, 32.48748], [-99.71494, 32.48716], [-99.71457, 32.48692], [-99.7137, 32.48635], [-99.71327, 32.48608], [-99.7114, 32.48486], [-99.70944, 32.4836], [-99.70784, 32.48256], [-99.70561, 32.48112], [-99.70323, 32.47957], [-99.70233, 32.47899], [-99.70079, 32.47798], [-99.69971, 32.47731], [-99.69951, 32.47717], [-99.69919, 32.47697], [-99.69781, 32.47607], [-99.69679, 32.47541], [-99.69515, 32.47434], [-99.69447, 32.47389], [-99.69354, 32.47327], [-99.69342, 32.47319], [-99.69302, 32.47292], [-99.69132, 32.47182], [-99.69065, 32.47137], [-99.68973, 32.47076], [-99.68852, 32.46996], [-99.68798, 32.46957], [-99.68732, 32.4691], [-99.68669, 32.4686], [-99.68668, 32.4686], [-99.68662, 32.46855], [-99.68408, 32.46645], [-99.6828, 32.46542], [-99.68138, 32.46423], [-99.67996, 32.46306], [-99.67963, 32.46279], [-99.67946, 32.46266], [-99.67751, 32.46105], [-99.67746, 32.46101], [-99.67736, 32.46092], [-99.6772, 32.46079], [-99.67655, 32.46026], [-99.67632, 32.4601], [-99.67478, 32.45881], [-99.67247, 32.45693], [-99.67162, 32.45624], [-99.67018, 32.45524], [-99.66905, 32.45452], [-99.66794, 32.45378], [-99.66603, 32.45255], [-99.66424, 32.45136], [-99.6612, 32.44941], [-99.65975, 32.44841], [-99.65852, 32.44757], [-99.65838, 32.44748], [-99.65727, 32.44679], [-99.65652, 32.44629], [-99.6541, 32.44469], [-99.65295, 32.44392], [-99.65259, 32.44369], [-99.65153, 32.443], [-99.65092, 32.4426], [-99.64901, 32.44132], [-99.64824, 32.44085], [-99.64783, 32.44061], [-99.64767, 32.44052], [-99.6471, 32.44027], [-99.64656, 32.44006], [-99.64563, 32.43974], [-99.64517, 32.43963], [-99.64481, 32.43956], [-99.64363, 32.43937], [-99.64334, 32.43931], [-99.64245, 32.43912], [-99.63999, 32.4387], [-99.63954, 32.43856], [-99.63745, 32.43821], [-99.63635, 32.43801], [-99.63552, 32.43782], [-99.63515, 32.43774], [-99.63352, 32.43735], [-99.63303, 32.43724], [-99.63214, 32.43704], [-99.63047, 32.43673], [-99.6298, 32.43659]]}}, {"type": "Feature", "properties": {"name": "I- 20"}, "geometry": {"type": "LineString", "coordinates": [[-100.14694, 32.49451], [-100.14849, 32.49427], [-100.15096, 32.49388], [-100.16029, 32.49222], [-100.16386, 32.49161], [-100.16543, 32.4913], [-100.1674, 32.49096], [-100.16951, 32.49056], [-100.1701, 32.49046], [-100.17386, 32.48974], [-100.17788, 32.48898], [-100.178, 32.48895], [-100.18057, 32.48848], [-100.18069, 32.48847], [-100.18388, 32.48784], [-100.18426, 32.48777], [-100.18678, 32.48731], [-100.19826, 32.48512], [-100.19873, 32.48504], [-100.19916, 32.485], [-100.19966, 32.48496], [-100.20023, 32.48495], [-100.2007, 32.48496], [-100.20164, 32.48503], [-100.20212, 32.48511], [-100.20259, 32.4852], [-100.20709, 32.48631], [-100.21106, 32.4873], [-100.21227, 32.48759], [-100.21403, 32.48801], [-100.21585, 32.48849], [-100.21629, 32.48859], [-100.21911, 32.48931], [-100.2207, 32.4897], [-100.22134, 32.48985], [-100.22195, 32.49], [-100.2227, 32.49018], [-100.2234, 32.49028], [-100.22404, 32.49034], [-100.22472, 32.49037], [-100.2254, 32.49034], [-100.22922, 32.49005], [-100.23047, 32.48996], [-100.23068, 32.48992], [-100.23086, 32.48989], [-100.23247, 32.48973], [-100.23297, 32.48976], [-100.23365, 32.48973], [-100.23457, 32.48974], [-100.23719, 32.48981], [-100.23736, 32.48982], [-100.23873, 32.48984], [-100.23944, 32.48983], [-100.24048, 32.48987], [-100.24096, 32.48994], [-100.24234, 32.49018], [-100.24372, 32.49043], [-100.24396, 32.49047], [-100.2449, 32.49065], [-100.24655, 32.49095], [-100.25033, 32.49165], [-100.25079, 32.49174], [-100.25137, 32.49184], [-100.25235, 32.49205], [-100.25249, 32.49209], [-100.25289, 32.49219], [-100.25313, 32.49224], [-100.25497, 32.49275], [-100.25674, 32.49327], [-100.25762, 32.49352], [-100.25824, 32.4937], [-100.2614, 32.49459], [-100.26624, 32.49597], [-100.26669, 32.49607], [-100.26736, 32.49618], [-100.26793, 32.49625], [-100.26849, 32.49627], [-100.26911, 32.49627], [-100.26966, 32.49624], [-100.26996, 32.49621], [-100.2718, 32.49606], [-100.27366, 32.4959], [-100.27721, 32.49561], [-100.2791, 32.49545], [-100.28105, 32.49529], [-100.28214, 32.49519], [-100.28274, 32.49514], [-100.28425, 32.49501], [-100.28645, 32.49484], [-100.28839, 32.49467], [-100.29111, 32.49446], [-100.29238, 32.49439], [-100.29254, 32.49439], [-100.29668, 32.49426], [-100.29935, 32.49416], [-100.30211, 32.49408], [-100.30328, 32.49404], [-100.30478, 32.49403], [-100.30608, 32.49398], [-100.30738, 32.49382], [-100.30882, 32.49356], [-100.30943, 32.49347], [-100.30946, 32.4934], [-100.31566, 32.49222], [-100.31642, 32.49208], [-100.32447, 32.49052], [-100.33381, 32.48871], [-100.3345, 32.48857], [-100.33543, 32.48841], [-100.3372, 32.48805], [-100.33892, 32.48772], [-100.33987, 32.48753], [-100.34049, 32.48741], [-100.3436, 32.48681], [-100.34848, 32.48587], [-100.34924, 32.48572], [-100.35001, 32.48558], [-100.35048, 32.48548], [-100.35087, 32.48541], [-100.35122, 32.48535], [-100.35149, 32.4853], [-100.35182, 32.48523], [-100.35572, 32.48449], [-100.35663, 32.4843], [-100.35712, 32.48422], [-100.35735, 32.48418], [-100.35795, 32.48402], [-100.35811, 32.48398], [-100.35845, 32.48388], [-100.35869, 32.48379], [-100.35889, 32.48371], [-100.36095, 32.48285], [-100.36146, 32.48264], [-100.36189, 32.48246], [-100.36286, 32.48204], [-100.36434, 32.48141], [-100.36439, 32.48139], [-100.36495, 32.48114], [-100.36529, 32.481], [-100.36577, 32.48074], [-100.36598, 32.48063], [-100.36655, 32.48025], [-100.36666, 32.48017], [-100.36681, 32.48007], [-100.36713, 32.47987], [-100.36812, 32.47888], [-100.37026, 32.47683], [-100.37191, 32.47532], [-100.37288, 32.47436], [-100.37471, 32.47255], [-100.37692, 32.47036], [-100.37971, 32.46771], [-100.38028, 32.46716], [-100.3807, 32.46672], [-100.3811, 32.46628], [-100.38148, 32.46581], [-100.38184, 32.46534], [-100.38223, 32.46481], [-100.38227, 32.46475], [-100.38277, 32.46405], [-100.3836, 32.4629], [-100.38491, 32.46118], [-100.3851, 32.46085], [-100.38639, 32.45905], [-100.38668, 32.45866], [-100.38737, 32.45771], [-100.38939, 32.45493], [-100.38975, 32.45445], [-100.39058, 32.45332], [-100.39083, 32.45303], [-100.39108, 32.45275], [-100.39136, 32.45247], [-100.39168, 32.45221], [-100.39198, 32.45198], [-100.3923, 32.45175], [-100.39263, 32.45154], [-100.39299, 32.45136], [-100.39335, 32.45119], [-100.39406, 32.45091], [-100.39487, 32.45069], [-100.39506, 32.45065], [-100.39546, 32.45057], [-100.39826, 32.45004], [-100.39843, 32.45], [-100.3986, 32.44997], [-100.39897, 32.4499], [-100.40127, 32.44947], [-100.40197, 32.44932], [-100.4023, 32.44925], [-100.40327, 32.44906], [-100.40436, 32.44885], [-100.40501, 32.44872], [-100.40595, 32.44855], [-100.40669, 32.44839], [-100.40754, 32.44824], [-100.40819, 32.44811], [-100.40874, 32.448], [-100.40982, 32.44779], [-100.41037, 32.44767], [-100.41075, 32.44761], [-100.41129, 32.44755], [-100.41217, 32.44749], [-100.41276, 32.44751], [-100.41321, 32.44752], [-100.41326, 32.44752], [-100.41431, 32.4476], [-100.41491, 32.44763], [-100.4154, 32.44768], [-100.41697, 32.44778], [-100.41839, 32.44788], [-100.41897, 32.44794], [-100.42013, 32.44801], [-100.42056, 32.44804], [-100.42364, 32.44826], [-100.42534, 32.44839], [-100.42679, 32.44851], [-100.42749, 32.44855], [-100.42816, 32.44861], [-100.43606, 32.44916], [-100.43658, 32.4492], [-100.43825, 32.44934], [-100.43887, 32.44937], [-100.44085, 32.44951], [-100.4422, 32.44962], [-100.44694, 32.45007], [-100.44827, 32.45039], [-100.44871, 32.45044], [-100.4489, 32.45047], [-100.44945, 32.45058], [-100.45131, 32.45096], [-100.45382, 32.45147], [-100.45615, 32.45194], [-100.45736, 32.45217], [-100.46047, 32.4528], [-100.46271, 32.45325], [-100.46326, 32.45336], [-100.46384, 32.45344], [-100.46424, 32.45349], [-100.4643, 32.4535], [-100.46478, 32.45352], [-100.46521, 32.45352], [-100.46564, 32.45351], [-100.46608, 32.45348], [-100.46646, 32.45343], [-100.46689, 32.45336], [-100.46693, 32.45336], [-100.46772, 32.45321], [-100.46902, 32.45298], [-100.46984, 32.45282], [-100.47019, 32.45276], [-100.47045, 32.45271], [-100.47393, 32.45207], [-100.47678, 32.45154], [-100.48044, 32.45088], [-100.48204, 32.45058], [-100.48239, 32.45052], [-100.4837, 32.45028], [-100.48618, 32.44983], [-100.49036, 32.44906], [-100.49045, 32.44904], [-100.49222, 32.44872], [-100.49351, 32.4485], [-100.49474, 32.44825], [-100.49597, 32.44803], [-100.49759, 32.44772], [-100.49892, 32.44748], [-100.49924, 32.44742], [-100.49935, 32.4474], [-100.50166, 32.44697], [-100.50193, 32.44692], [-100.50236, 32.44683], [-100.50247, 32.44681], [-100.50274, 32.44674], [-100.50296, 32.4467], [-100.50323, 32.44663], [-100.50349, 32.44652], [-100.50387, 32.44637], [-100.50446, 32.44613], [-100.50532, 32.4457], [-100.50601, 32.44535], [-100.5062, 32.44524], [-100.50712, 32.44479], [-100.50793, 32.44434], [-100.50854, 32.44396], [-100.50904, 32.4436], [-100.50956, 32.44321], [-100.51008, 32.44275], [-100.51098, 32.44188], [-100.51263, 32.44029], [-100.51309, 32.43988], [-100.51366, 32.43935], [-100.51417, 32.43897], [-100.51455, 32.43873], [-100.51497, 32.43849], [-100.5153, 32.43833], [-100.51576, 32.43815], [-100.51626, 32.43799], [-100.51666, 32.4379], [-100.51728, 32.4378], [-100.51791, 32.43767], [-100.51813, 32.43762], [-100.51966, 32.43733], [-100.52111, 32.43705], [-100.52197, 32.43686], [-100.52448, 32.43637], [-100.53006, 32.43527], [-100.53067, 32.43516], [-100.53225, 32.43485], [-100.53381, 32.43453], [-100.53408, 32.43448], [-100.53471, 32.43435], [-100.53535, 32.43422], [-100.53625, 32.43403], [-100.5379, 32.43372], [-100.53834, 32.43364], [-100.53858, 32.43359], [-100.54201, 32.43289], [-100.54339, 32.43265], [-100.54643, 32.43216], [-100.54906, 32.43172], [-100.5508, 32.43144], [-100.55104, 32.43141], [-100.55122, 32.43141], [-100.55171, 32.43131], [-100.55276, 32.43109], [-100.5553, 32.4306], [-100.56016, 32.42967], [-100.56031, 32.42957], [-100.56505, 32.42889], [-100.56687, 32.4286], [-100.56815, 32.42837], [-100.57083, 32.42783], [-100.57248, 32.42752], [-100.57466, 32.4271], [-100.57596, 32.42687], [-100.58127, 32.42583], [-100.58502, 32.42512], [-100.58739, 32.42467], [-100.58949, 32.42428], [-100.59124, 32.42395], [-100.59787, 32.4227], [-100.59933, 32.42242], [-100.60199, 32.42193], [-100.60635, 32.42112], [-100.60778, 32.42085], [-100.61055, 32.42034], [-100.61401, 32.41968], [-100.62239, 32.41812], [-100.62534, 32.41756], [-100.6263, 32.41738], [-100.63062, 32.41658], [-100.63074, 32.41662], [-100.63521, 32.41573], [-100.63919, 32.41503], [-100.63993, 32.41493], [-100.64011, 32.41481], [-100.64232, 32.4144], [-100.64375, 32.41413], [-100.65212, 32.41258], [-100.65249, 32.41253], [-100.65274, 32.41246], [-100.65356, 32.4123], [-100.65463, 32.4121], [-100.6559, 32.41181], [-100.65895, 32.4111], [-100.66025, 32.41077], [-100.66179, 32.41044]]}}, {"type": "Feature", "properties": {"name": "I- 20"}, "geometry": {"type": "LineString", "coordinates": [[-99.11626, 32.37751], [-99.11647, 32.37753], [-99.11781, 32.37762], [-99.11954, 32.37777], [-99.12045, 32.37785], [-99.121, 32.3779], [-99.12532, 32.37824], [-99.12554, 32.37826], [-99.12612, 32.37831], [-99.12919, 32.37857], [-99.1307, 32.37868], [-99.1321, 32.3788], [-99.13301, 32.37887], [-99.1336, 32.37891], [-99.13552, 32.37909], [-99.13607, 32.37912], [-99.1366, 32.37917], [-99.1372, 32.37922], [-99.13758, 32.37926], [-99.13795, 32.37929], [-99.13873, 32.37934], [-99.13912, 32.37936], [-99.13976, 32.37943], [-99.14064, 32.37951], [-99.14146, 32.37956], [-99.14172, 32.37958], [-99.14237, 32.37964], [-99.14293, 32.37968], [-99.14346, 32.37971], [-99.14362, 32.37973], [-99.14442, 32.37973], [-99.14512, 32.37972], [-99.1461, 32.37967], [-99.14665, 32.37963], [-99.14672, 32.37962], [-99.14703, 32.37958], [-99.1478, 32.37946], [-99.14815, 32.37941], [-99.14906, 32.37926], [-99.14948, 32.37919], [-99.14994, 32.37912], [-99.15156, 32.37887], [-99.1525, 32.37874], [-99.1533, 32.37862], [-99.15471, 32.37841], [-99.15484, 32.37839], [-99.15599, 32.3782], [-99.15638, 32.37814], [-99.15697, 32.37804], [-99.15755, 32.37795], [-99.15852, 32.37782], [-99.15857, 32.37782], [-99.15892, 32.37776], [-99.15986, 32.37761], [-99.16103, 32.37743], [-99.1621, 32.37727], [-99.16232, 32.37724], [-99.16355, 32.37703], [-99.16388, 32.37698], [-99.16393, 32.37697], [-99.16416, 32.37694], [-99.16457, 32.37687], [-99.16484, 32.37683], [-99.16518, 32.37678], [-99.16522, 32.37678], [-99.16553, 32.37673], [-99.16578, 32.37669], [-99.16648, 32.37658], [-99.1668, 32.37654], [-99.16693, 32.37652], [-99.16705, 32.3765], [-99.16778, 32.37639], [-99.16803, 32.37635], [-99.16842, 32.37629], [-99.16959, 32.37611], [-99.16998, 32.37605], [-99.1712, 32.37586], [-99.17204, 32.37573], [-99.17274, 32.37561], [-99.17322, 32.37552], [-99.17401, 32.37535], [-99.17484, 32.37513], [-99.17604, 32.37482], [-99.17625, 32.37476], [-99.17657, 32.37468], [-99.17816, 32.37424], [-99.17869, 32.37409], [-99.17925, 32.37394], [-99.18085, 32.37353], [-99.18093, 32.37351], [-99.18149, 32.37336], [-99.18256, 32.37307], [-99.18352, 32.37282], [-99.18423, 32.37262], [-99.18498, 32.37245], [-99.18579, 32.3723], [-99.18634, 32.3722], [-99.18689, 32.37215], [-99.18747, 32.37209], [-99.18778, 32.37206], [-99.1892, 32.37195], [-99.18977, 32.3719], [-99.1902, 32.37187], [-99.19057, 32.37184], [-99.19573, 32.37145], [-99.19648, 32.37137], [-99.19875, 32.37114], [-99.19951, 32.37106], [-99.19955, 32.37105], [-99.19966, 32.37104], [-99.1997, 32.37104], [-99.20401, 32.37066], [-99.20424, 32.37064], [-99.20643, 32.37046], [-99.20818, 32.37032], [-99.21051, 32.37013], [-99.21164, 32.37007], [-99.21307, 32.37007], [-99.21412, 32.37011], [-99.21473, 32.37018], [-99.21537, 32.37025], [-99.21649, 32.37045], [-99.21941, 32.37103], [-99.2204, 32.3712], [-99.22381, 32.37188], [-99.22482, 32.37207], [-99.226, 32.37229], [-99.22718, 32.37253], [-99.22836, 32.37275], [-99.23072, 32.3732], [-99.23307, 32.37367], [-99.23674, 32.37437], [-99.23795, 32.37461], [-99.2409, 32.37516], [-99.24219, 32.37542], [-99.24287, 32.37555], [-99.24347, 32.37566], [-99.24418, 32.3758], [-99.24519, 32.37601], [-99.24591, 32.37614], [-99.24636, 32.37622], [-99.24657, 32.37626], [-99.24718, 32.37639], [-99.24738, 32.37643], [-99.2479, 32.37654], [-99.24798, 32.37655], [-99.24818, 32.37659], [-99.24837, 32.37663], [-99.24895, 32.37674], [-99.24915, 32.37678], [-99.24919, 32.37678], [-99.24933, 32.37681], [-99.24937, 32.37682], [-99.24958, 32.37687], [-99.24998, 32.37694], [-99.25024, 32.37698], [-99.25031, 32.377], [-99.25148, 32.37722], [-99.25182, 32.37728], [-99.25243, 32.37739], [-99.25316, 32.37754], [-99.25322, 32.37755], [-99.25336, 32.37758], [-99.25547, 32.37799], [-99.25557, 32.37801], [-99.25636, 32.37817], [-99.25907, 32.3787], [-99.25991, 32.37886], [-99.26257, 32.37936], [-99.26332, 32.37951], [-99.26665, 32.38016], [-99.26723, 32.38027], [-99.26979, 32.38076], [-99.26995, 32.38079], [-99.27473, 32.38172], [-99.27725, 32.38221], [-99.27941, 32.38262], [-99.28336, 32.38338], [-99.2848, 32.38366], [-99.2867, 32.38403], [-99.28906, 32.38448], [-99.28925, 32.38452], [-99.29121, 32.38488], [-99.29274, 32.38509], [-99.29387, 32.38524], [-99.29396, 32.38525], [-99.29422, 32.38528], [-99.29431, 32.38529], [-99.29482, 32.38536], [-99.29515, 32.3854], [-99.29534, 32.38542], [-99.29769, 32.38569], [-99.29785, 32.38571], [-99.29854, 32.3858], [-99.29936, 32.3859], [-99.30183, 32.3862], [-99.30197, 32.38622], [-99.30266, 32.3863], [-99.30367, 32.38645], [-99.30717, 32.38685], [-99.30934, 32.3871], [-99.30982, 32.38715], [-99.31142, 32.38734], [-99.31235, 32.38745], [-99.31783, 32.38811], [-99.31987, 32.38836], [-99.32263, 32.38869], [-99.32405, 32.38887], [-99.3255, 32.38904], [-99.32811, 32.38937], [-99.3294, 32.38952], [-99.33186, 32.38982], [-99.33232, 32.38987], [-99.33415, 32.3901], [-99.33609, 32.39034], [-99.33721, 32.39048], [-99.33853, 32.39064], [-99.34059, 32.39088], [-99.34171, 32.39101], [-99.34298, 32.39119], [-99.34318, 32.39121], [-99.34474, 32.39138], [-99.34507, 32.39142], [-99.34533, 32.39144], [-99.34558, 32.39147], [-99.34654, 32.3916], [-99.34743, 32.39175], [-99.34761, 32.39178], [-99.34885, 32.39201], [-99.34908, 32.39205], [-99.34914, 32.39205], [-99.34934, 32.39209], [-99.34941, 32.3921], [-99.35005, 32.39226], [-99.3503, 32.39232], [-99.35157, 32.3926], [-99.35299, 32.39291], [-99.35389, 32.39311], [-99.35399, 32.39314], [-99.35603, 32.39361], [-99.35613, 32.39363], [-99.35818, 32.39408], [-99.35921, 32.39431], [-99.3595, 32.39437], [-99.36058, 32.39464], [-99.36152, 32.39485], [-99.36252, 32.39507], [-99.36285, 32.39514], [-99.36353, 32.3953], [-99.36472, 32.39555], [-99.36509, 32.39564], [-99.36531, 32.39569], [-99.36595, 32.39584], [-99.36616, 32.39589], [-99.36631, 32.39592], [-99.36655, 32.39598], [-99.36673, 32.39603], [-99.36687, 32.39608], [-99.36783, 32.39638], [-99.36868, 32.39665], [-99.36929, 32.39682], [-99.37069, 32.39726], [-99.37085, 32.39731], [-99.37164, 32.39757], [-99.3719, 32.39765], [-99.37201, 32.39769], [-99.37281, 32.39792], [-99.37309, 32.39802], [-99.37323, 32.39806], [-99.37345, 32.39814], [-99.37411, 32.39834], [-99.37478, 32.39854], [-99.37539, 32.39874], [-99.37607, 32.39894], [-99.37672, 32.39914], [-99.37743, 32.39936], [-99.37877, 32.39979], [-99.37956, 32.40003], [-99.38028, 32.40026], [-99.38114, 32.40053], [-99.38138, 32.4006], [-99.38287, 32.40106], [-99.38373, 32.40128], [-99.38402, 32.40136], [-99.3846, 32.4015], [-99.38483, 32.40156], [-99.38522, 32.40166], [-99.38553, 32.40172], [-99.38576, 32.40177], [-99.38598, 32.40183], [-99.38663, 32.40199], [-99.38685, 32.40204], [-99.3878, 32.40228], [-99.38917, 32.40261], [-99.39068, 32.40297], [-99.39086, 32.40301], [-99.39164, 32.40316], [-99.39171, 32.40317], [-99.39193, 32.40321], [-99.392, 32.40322], [-99.39225, 32.40326], [-99.39264, 32.40333], [-99.39298, 32.40338], [-99.39319, 32.4034], [-99.39323, 32.40341], [-99.39418, 32.4035], [-99.39505, 32.40354], [-99.39568, 32.40355], [-99.39572, 32.40355], [-99.39613, 32.40354], [-99.39757, 32.4035], [-99.40209, 32.40339], [-99.40318, 32.40337], [-99.40567, 32.40331], [-99.40594, 32.4033], [-99.40621, 32.40329], [-99.40674, 32.40326], [-99.40701, 32.40324], [-99.40717, 32.40324], [-99.40764, 32.40324], [-99.40779, 32.40324], [-99.40805, 32.40324], [-99.40815, 32.40324], [-99.40882, 32.40321], [-99.40907, 32.4032], [-99.4092, 32.4032], [-99.40959, 32.4032], [-99.40972, 32.4032], [-99.41011, 32.40319], [-99.41036, 32.40319], [-99.4113, 32.40315], [-99.4116, 32.40315], [-99.4117, 32.40315], [-99.41206, 32.40314], [-99.41289, 32.40313], [-99.41317, 32.40313], [-99.41354, 32.40314], [-99.41359, 32.40314], [-99.41428, 32.40316], [-99.41478, 32.40318], [-99.41489, 32.40318], [-99.41537, 32.40321], [-99.41852, 32.40341], [-99.41916, 32.40346], [-99.41976, 32.40349], [-99.41987, 32.40349], [-99.4202, 32.40351], [-99.42031, 32.40352], [-99.42069, 32.40354], [-99.42185, 32.40361], [-99.42223, 32.40363], [-99.4223, 32.40363], [-99.42249, 32.40365], [-99.42255, 32.40365], [-99.42317, 32.40369], [-99.42496, 32.40381], [-99.42504, 32.40382], [-99.42566, 32.40384], [-99.42579, 32.40384], [-99.42677, 32.40391], [-99.42799, 32.404], [-99.43113, 32.40423], [-99.43324, 32.40453], [-99.43493, 32.40483], [-99.43723, 32.40524], [-99.43763, 32.40531], [-99.43836, 32.40544], [-99.43883, 32.40552], [-99.43923, 32.40559], [-99.43995, 32.4057], [-99.44106, 32.40586], [-99.4419, 32.40598], [-99.44371, 32.4062], [-99.44655, 32.40655], [-99.44725, 32.40663], [-99.44838, 32.40677], [-99.44891, 32.40683], [-99.45049, 32.40703], [-99.45101, 32.40709], [-99.45176, 32.40719], [-99.45362, 32.40742], [-99.45402, 32.40746], [-99.45477, 32.40755], [-99.45563, 32.40766], [-99.45649, 32.40777], [-99.45791, 32.40792], [-99.45821, 32.40796], [-99.45906, 32.40807], [-99.46097, 32.4083], [-99.46165, 32.40838], [-99.46445, 32.40871], [-99.46942, 32.40933], [-99.47017, 32.40942], [-99.47201, 32.40964], [-99.47388, 32.40987], [-99.47456, 32.40995], [-99.48007, 32.41062], [-99.48198, 32.41084], [-99.48221, 32.41087], [-99.48476, 32.41117], [-99.48509, 32.41121], [-99.48608, 32.41134], [-99.48641, 32.41138], [-99.48667, 32.41142], [-99.48745, 32.41152], [-99.48771, 32.41155], [-99.48811, 32.4116], [-99.48828, 32.41163], [-99.48869, 32.41169], [-99.48908, 32.41175], [-99.48929, 32.41179], [-99.48968, 32.41186], [-99.49009, 32.41193], [-99.49131, 32.41215], [-99.49172, 32.41222], [-99.49413, 32.41265], [-99.49423, 32.41266], [-99.49461, 32.41267], [-99.50036, 32.41375], [-99.50239, 32.4141], [-99.50299, 32.41421], [-99.50405, 32.4144], [-99.50515, 32.4146], [-99.50724, 32.41497], [-99.50763, 32.41504], [-99.5083, 32.41516], [-99.50947, 32.41536], [-99.51172, 32.41576], [-99.51295, 32.41598], [-99.51411, 32.41618], [-99.51425, 32.41621], [-99.51466, 32.41628], [-99.5148, 32.41631], [-99.51566, 32.41646], [-99.51612, 32.41654], [-99.51822, 32.41689], [-99.51938, 32.41711], [-99.52009, 32.41723], [-99.52142, 32.41746], [-99.52162, 32.41749], [-99.52225, 32.4176], [-99.52241, 32.41763], [-99.52245, 32.41764], [-99.52277, 32.41769], [-99.52372, 32.41787], [-99.52404, 32.41793], [-99.52415, 32.41795], [-99.52428, 32.41797], [-99.52449, 32.41801], [-99.5246, 32.41803], [-99.52482, 32.41806], [-99.52547, 32.41818], [-99.52566, 32.41821], [-99.52569, 32.41822], [-99.52628, 32.41834], [-99.52684, 32.41844], [-99.53002, 32.41898], [-99.5303, 32.41903], [-99.53146, 32.41923], [-99.53326, 32.41955], [-99.53391, 32.41966], [-99.53542, 32.41992], [-99.5357, 32.41997], [-99.53575, 32.41998], [-99.5358, 32.41999], [-99.53767, 32.42032], [-99.54104, 32.42092], [-99.54128, 32.42096], [-99.54374, 32.42139], [-99.54492, 32.4216], [-99.5462, 32.42182], [-99.54767, 32.42208], [-99.54974, 32.42245], [-99.55046, 32.42258], [-99.55164, 32.42276], [-99.55361, 32.42312], [-99.55476, 32.42333], [-99.55607, 32.42356], [-99.55614, 32.42357], [-99.55633, 32.4236], [-99.55639, 32.42361], [-99.55727, 32.42377], [-99.55837, 32.42396], [-99.55899, 32.42407], [-99.55991, 32.42423], [-99.56011, 32.42427], [-99.56079, 32.42438], [-99.56097, 32.42441], [-99.56151, 32.42451], [-99.56169, 32.42454], [-99.56185, 32.42456], [-99.56233, 32.42464], [-99.56249, 32.42467], [-99.56299, 32.42476], [-99.56314, 32.42478], [-99.56496, 32.42511], [-99.56509, 32.42513], [-99.56574, 32.42525], [-99.56598, 32.4253], [-99.56605, 32.42531], [-99.56701, 32.42548], [-99.56733, 32.42553], [-99.56794, 32.42564], [-99.56805, 32.42566], [-99.56941, 32.4259], [-99.57021, 32.42604], [-99.57093, 32.42616], [-99.5713, 32.42623], [-99.57206, 32.42636], [-99.57438, 32.42677], [-99.57505, 32.42689], [-99.57543, 32.42695], [-99.57581, 32.42701], [-99.57646, 32.42714], [-99.57656, 32.42716], [-99.57684, 32.42721], [-99.5777, 32.42735], [-99.57798, 32.4274], [-99.57936, 32.42764], [-99.57998, 32.42775], [-99.58081, 32.4279], [-99.58168, 32.42805], [-99.58348, 32.42836], [-99.58486, 32.42861], [-99.58518, 32.42866], [-99.58603, 32.42881], [-99.58759, 32.42908], [-99.58817, 32.42918], [-99.58955, 32.42944], [-99.58961, 32.42945], [-99.59073, 32.42963], [-99.59135, 32.42973], [-99.59359, 32.43013], [-99.59542, 32.43045], [-99.5992, 32.43113], [-99.60057, 32.43135], [-99.60166, 32.43154], [-99.60218, 32.43163], [-99.60274, 32.43173], [-99.60434, 32.43201], [-99.60504, 32.43214], [-99.60668, 32.43243], [-99.60909, 32.43285], [-99.61018, 32.43304], [-99.61163, 32.43328], [-99.61191, 32.43333], [-99.61328, 32.43357], [-99.61556, 32.43398], [-99.61658, 32.43416], [-99.62044, 32.43483], [-99.62176, 32.43507], [-99.62313, 32.43531], [-99.62565, 32.43575], [-99.62651, 32.43589], [-99.627, 32.43598], [-99.62749, 32.43608], [-99.62793, 32.43616], [-99.62831, 32.43624], [-99.62951, 32.43651], [-99.6298, 32.43659]]}}, {"type": "Feature", "properties": {"name": "I- 20"}, "geometry": {"type": "LineString", "coordinates": [[-102.76769, 31.63855], [-102.76756, 31.63866], [-102.76752, 31.63868], [-102.75034, 31.64869], [-102.74957, 31.64915], [-102.74754, 31.65033], [-102.74617, 31.65114], [-102.74553, 31.65152]]}}, {"type": "Feature", "properties": {"name": "I- 20"}, "geometry": {"type": "LineString", "coordinates": [[-101.69398, 32.1643], [-101.69358, 32.16443], [-101.68842, 32.16631], [-101.68785, 32.16652], [-101.68573, 32.16728], [-101.68322, 32.16819], [-101.68094, 32.16905], [-101.67863, 32.16989], [-101.67638, 32.1707], [-101.67403, 32.17157], [-101.66938, 32.17325], [-101.667, 32.17406], [-101.66267, 32.17554], [-101.66228, 32.17568], [-101.65996, 32.17646], [-101.65921, 32.17672], [-101.65765, 32.17723], [-101.65565, 32.17792], [-101.64914, 32.18013], [-101.64598, 32.18121], [-101.64541, 32.18145], [-101.6449, 32.18167], [-101.64438, 32.18191], [-101.64399, 32.1821], [-101.64338, 32.18242], [-101.64288, 32.18269], [-101.64272, 32.18279], [-101.64242, 32.18297], [-101.64182, 32.18336], [-101.64074, 32.18416], [-101.64027, 32.18456], [-101.63938, 32.18534], [-101.63764, 32.18691], [-101.63578, 32.1886], [-101.63242, 32.1916], [-101.63202, 32.19194], [-101.63153, 32.1923], [-101.6309, 32.19273], [-101.6305, 32.193], [-101.63005, 32.19327], [-101.63003, 32.19329], [-101.62921, 32.19373], [-101.62837, 32.19413], [-101.62781, 32.19439], [-101.62691, 32.19474], [-101.62662, 32.19485], [-101.62648, 32.1949], [-101.62596, 32.19508], [-101.6253, 32.19527], [-101.62481, 32.1954], [-101.62399, 32.19559], [-101.62078, 32.19631], [-101.62059, 32.19636], [-101.61882, 32.19674], [-101.61678, 32.19723], [-101.61223, 32.19827], [-101.61021, 32.19873], [-101.60961, 32.19889], [-101.60936, 32.19896], [-101.60881, 32.19915], [-101.60827, 32.19937], [-101.60795, 32.19953], [-101.60747, 32.19978], [-101.60716, 32.19997], [-101.60665, 32.20031], [-101.60631, 32.20057], [-101.60604, 32.20079], [-101.60581, 32.20099], [-101.60544, 32.20135], [-101.60435, 32.20249], [-101.60312, 32.20375], [-101.60053, 32.20642], [-101.60041, 32.20655], [-101.60008, 32.2069], [-101.59935, 32.20765], [-101.59812, 32.20893], [-101.59764, 32.20938], [-101.59743, 32.20958], [-101.59738, 32.20963], [-101.59723, 32.20976], [-101.59708, 32.20988], [-101.59697, 32.20995], [-101.59673, 32.21012], [-101.59657, 32.21023], [-101.59586, 32.21067], [-101.59555, 32.21083], [-101.59521, 32.21099], [-101.59495, 32.21111], [-101.59255, 32.21228], [-101.59141, 32.21284], [-101.59069, 32.21318], [-101.58959, 32.2137], [-101.58765, 32.21465], [-101.58377, 32.21652], [-101.58312, 32.21683], [-101.5817, 32.21751], [-101.5786, 32.21903], [-101.57774, 32.21945], [-101.57574, 32.2204], [-101.57495, 32.22079], [-101.5741, 32.2212], [-101.57375, 32.22138], [-101.57342, 32.22153], [-101.57297, 32.22173], [-101.57268, 32.22186], [-101.57229, 32.22201], [-101.57171, 32.22223], [-101.57146, 32.22232], [-101.57073, 32.22255], [-101.57057, 32.22259], [-101.57029, 32.22268], [-101.57001, 32.22275], [-101.56969, 32.22282], [-101.56819, 32.22316], [-101.56661, 32.22353], [-101.565, 32.2239], [-101.56359, 32.22421], [-101.56305, 32.22433], [-101.56292, 32.22436], [-101.56051, 32.2249], [-101.55962, 32.22509], [-101.55679, 32.22573], [-101.55592, 32.22592], [-101.55526, 32.22607], [-101.55375, 32.22641], [-101.55181, 32.22684], [-101.55109, 32.227], [-101.55041, 32.22716], [-101.54991, 32.22728], [-101.54936, 32.2274], [-101.54585, 32.2282], [-101.54574, 32.22821], [-101.54384, 32.22863], [-101.54182, 32.2291], [-101.53979, 32.22954], [-101.53773, 32.23001], [-101.53634, 32.23031], [-101.5357, 32.23045], [-101.53553, 32.23049], [-101.53409, 32.23081], [-101.53364, 32.23091], [-101.53115, 32.23146], [-101.53002, 32.2317], [-101.52985, 32.23175], [-101.52912, 32.23194], [-101.52874, 32.23204], [-101.52819, 32.23225], [-101.52739, 32.2326], [-101.52731, 32.23264], [-101.52699, 32.23282], [-101.5265, 32.2331], [-101.52634, 32.23322], [-101.52601, 32.23344], [-101.52564, 32.23372], [-101.52551, 32.23384], [-101.52504, 32.23426], [-101.5248, 32.2345], [-101.52433, 32.23506], [-101.52389, 32.23564], [-101.52373, 32.23585], [-101.52283, 32.23704], [-101.5228, 32.23708], [-101.52179, 32.23844], [-101.52069, 32.23986], [-101.51961, 32.24131], [-101.51879, 32.2424], [-101.51848, 32.24282], [-101.51726, 32.24442], [-101.51697, 32.24483], [-101.51682, 32.24503], [-101.51484, 32.24764], [-101.51371, 32.24922], [-101.51296, 32.25041], [-101.51252, 32.25113], [-101.51221, 32.25172], [-101.51177, 32.25242], [-101.5115, 32.25288], [-101.51137, 32.25311], [-101.51101, 32.25371], [-101.51094, 32.25383], [-101.51034, 32.25489], [-101.51004, 32.25538], [-101.50993, 32.25556], [-101.50943, 32.25626], [-101.50926, 32.25648], [-101.50908, 32.25669], [-101.50885, 32.25694], [-101.50872, 32.25707], [-101.50848, 32.25734], [-101.508, 32.2578], [-101.50774, 32.25801], [-101.50743, 32.25825], [-101.50695, 32.25859], [-101.50681, 32.2587], [-101.50678, 32.25872], [-101.50667, 32.25879], [-101.50624, 32.25908], [-101.50573, 32.2594], [-101.50542, 32.25957], [-101.50514, 32.25972], [-101.50491, 32.25983], [-101.5044, 32.26006], [-101.50408, 32.26022], [-101.50397, 32.26028], [-101.50331, 32.26051], [-101.50269, 32.26073], [-101.50242, 32.2608], [-101.50116, 32.2611], [-101.50087, 32.26116], [-101.50031, 32.26129], [-101.49893, 32.26158], [-101.4958, 32.26227], [-101.49253, 32.26297], [-101.49145, 32.26321], [-101.49043, 32.26343], [-101.4903, 32.26346], [-101.48964, 32.2636], [-101.48906, 32.26372], [-101.48574, 32.26439], [-101.48567, 32.26441], [-101.48529, 32.26447], [-101.48025, 32.2656], [-101.47886, 32.26593], [-101.47598, 32.26653], [-101.47562, 32.26662], [-101.47523, 32.26668], [-101.47474, 32.26676], [-101.47419, 32.26683], [-101.47394, 32.26686], [-101.47343, 32.26691], [-101.47312, 32.26693], [-101.47286, 32.26694], [-101.47225, 32.26696], [-101.4715, 32.26698], [-101.4709, 32.26699], [-101.47024, 32.26696], [-101.46993, 32.26693], [-101.46956, 32.26688], [-101.4689, 32.26682], [-101.46834, 32.26673], [-101.46746, 32.26659], [-101.46672, 32.26642], [-101.46587, 32.26619], [-101.46519, 32.26599], [-101.46451, 32.26576], [-101.46377, 32.26547], [-101.4631, 32.26519], [-101.46159, 32.2645], [-101.46, 32.26379], [-101.45924, 32.26349], [-101.45845, 32.26313], [-101.45787, 32.26291], [-101.45723, 32.26271], [-101.45663, 32.26256], [-101.45545, 32.26233], [-101.45512, 32.26226], [-101.45509, 32.26225], [-101.45485, 32.26219], [-101.45465, 32.26215], [-101.45417, 32.26204], [-101.45334, 32.26185], [-101.45172, 32.2615], [-101.45142, 32.26145], [-101.45117, 32.26141], [-101.45105, 32.26139], [-101.45073, 32.26136], [-101.45062, 32.26134], [-101.44998, 32.26127], [-101.44968, 32.26125], [-101.44958, 32.26124], [-101.44946, 32.26124], [-101.44906, 32.26121], [-101.44828, 32.26123], [-101.44735, 32.26126], [-101.44658, 32.26131], [-101.44614, 32.26137], [-101.44577, 32.26141], [-101.44527, 32.26152], [-101.44411, 32.26178], [-101.44357, 32.2619], [-101.44151, 32.26234], [-101.44007, 32.26265], [-101.43784, 32.26311], [-101.43697, 32.26328], [-101.43645, 32.26339], [-101.43523, 32.26367], [-101.43381, 32.26396], [-101.43243, 32.26424], [-101.43225, 32.26428], [-101.43042, 32.26469], [-101.43025, 32.26474], [-101.42784, 32.26523], [-101.42666, 32.26544], [-101.42604, 32.26553], [-101.42543, 32.26561], [-101.42488, 32.26566], [-101.42435, 32.2657], [-101.42293, 32.26582], [-101.42202, 32.26588], [-101.42146, 32.26593], [-101.42029, 32.26602], [-101.41957, 32.26607], [-101.41945, 32.26608], [-101.41676, 32.26632], [-101.41509, 32.26642], [-101.41468, 32.26646], [-101.41128, 32.26673], [-101.41026, 32.26681], [-101.40877, 32.26694], [-101.40703, 32.26707], [-101.40691, 32.26707], [-101.40658, 32.26712], [-101.40601, 32.26715], [-101.40484, 32.26726], [-101.40457, 32.26728], [-101.40428, 32.2673], [-101.40362, 32.26735], [-101.40329, 32.26737], [-101.403, 32.2674], [-101.40238, 32.26745], [-101.40159, 32.26749], [-101.40134, 32.26751], [-101.40041, 32.26759], [-101.39504, 32.26802], [-101.39359, 32.26813], [-101.39178, 32.26827], [-101.39069, 32.26836], [-101.38974, 32.26844], [-101.38886, 32.2685], [-101.38751, 32.26861], [-101.38571, 32.26878], [-101.38536, 32.26883], [-101.38475, 32.26895], [-101.38411, 32.26915], [-101.38359, 32.26932], [-101.38119, 32.27029], [-101.37632, 32.27221], [-101.37465, 32.27289], [-101.37411, 32.27312], [-101.37343, 32.2734], [-101.37329, 32.27345], [-101.37239, 32.2738], [-101.37138, 32.2742], [-101.37079, 32.27445], [-101.37038, 32.27461], [-101.36927, 32.27505], [-101.3682, 32.27549], [-101.36803, 32.27555], [-101.36721, 32.27586], [-101.36702, 32.27593], [-101.36588, 32.2764], [-101.36474, 32.27685], [-101.36356, 32.27734], [-101.36249, 32.27777], [-101.3613, 32.27823], [-101.36015, 32.27869], [-101.35899, 32.27916], [-101.35783, 32.27964], [-101.35667, 32.28008], [-101.35548, 32.28057], [-101.35462, 32.2809], [-101.35318, 32.28149], [-101.35223, 32.28184], [-101.35205, 32.2819], [-101.35138, 32.2821], [-101.35106, 32.28219], [-101.34897, 32.28268], [-101.34449, 32.28371], [-101.34336, 32.28396], [-101.34286, 32.28408], [-101.34163, 32.28437], [-101.34161, 32.28437], [-101.33931, 32.2849], [-101.33857, 32.28506], [-101.3382, 32.28514], [-101.33818, 32.28514], [-101.33751, 32.28531], [-101.33533, 32.28582], [-101.3347, 32.28596], [-101.33426, 32.28606], [-101.3332, 32.28631], [-101.3309, 32.28683], [-101.32976, 32.28709], [-101.32895, 32.28728], [-101.32861, 32.28737], [-101.32745, 32.28763], [-101.32689, 32.28776], [-101.32631, 32.28791], [-101.32288, 32.28868], [-101.32059, 32.28922], [-101.31945, 32.2895], [-101.3183, 32.28976], [-101.31711, 32.29002], [-101.31665, 32.29012], [-101.3164, 32.29018], [-101.31366, 32.29082], [-101.31253, 32.2911], [-101.31028, 32.2916], [-101.30861, 32.29198], [-101.30775, 32.29218], [-101.30706, 32.29234], [-101.3068, 32.29239], [-101.30656, 32.29245], [-101.30565, 32.29266], [-101.30524, 32.29277], [-101.30445, 32.29297], [-101.30329, 32.29321], [-101.30215, 32.29348], [-101.30097, 32.29374], [-101.29981, 32.29403], [-101.29899, 32.2942], [-101.29863, 32.29428], [-101.29789, 32.29446], [-101.29771, 32.29451], [-101.29747, 32.29457], [-101.29695, 32.29468], [-101.2963, 32.29483], [-101.29512, 32.2951], [-101.29394, 32.29535], [-101.29277, 32.29554], [-101.29214, 32.29566], [-101.29196, 32.29569], [-101.29161, 32.29575], [-101.29051, 32.29594], [-101.28955, 32.29609], [-101.28943, 32.29611], [-101.28864, 32.29622], [-101.28779, 32.29636], [-101.28764, 32.29639], [-101.28729, 32.29645], [-101.28611, 32.29664], [-101.28505, 32.29682], [-101.28393, 32.29699], [-101.28281, 32.29718], [-101.28165, 32.29736], [-101.28049, 32.29756], [-101.27818, 32.29792], [-101.27702, 32.29812], [-101.27644, 32.29821], [-101.27587, 32.2983], [-101.27572, 32.29833], [-101.27518, 32.29843], [-101.2751, 32.29844], [-101.27488, 32.29848], [-101.27469, 32.29851], [-101.27349, 32.29868], [-101.27345, 32.29869], [-101.27266, 32.29882], [-101.2723, 32.29887], [-101.27202, 32.29891], [-101.27152, 32.299], [-101.27117, 32.29906], [-101.27035, 32.2992], [-101.27001, 32.29926], [-101.269, 32.29941], [-101.26887, 32.29943], [-101.26884, 32.29943], [-101.26825, 32.29953], [-101.26771, 32.29962], [-101.26652, 32.29982], [-101.26566, 32.29996], [-101.26535, 32.30001], [-101.26418, 32.30019], [-101.26302, 32.30038], [-101.26205, 32.30053], [-101.26141, 32.30062], [-101.26078, 32.3007], [-101.26025, 32.30078], [-101.2597, 32.30084], [-101.25856, 32.30098], [-101.258, 32.30106], [-101.25758, 32.3011], [-101.25714, 32.30116], [-101.25642, 32.30126], [-101.25532, 32.30141], [-101.2542, 32.30155], [-101.2536, 32.30163], [-101.25326, 32.30168], [-101.25202, 32.3019], [-101.25035, 32.30224], [-101.24947, 32.30239], [-101.2485, 32.30258], [-101.24775, 32.30272], [-101.24581, 32.30309], [-101.24336, 32.30359], [-101.24298, 32.30367], [-101.24088, 32.30407], [-101.24053, 32.30415], [-101.23809, 32.30463], [-101.23684, 32.30488], [-101.23492, 32.30524], [-101.23468, 32.30529], [-101.23323, 32.30557], [-101.23207, 32.30579], [-101.23069, 32.30605], [-101.22801, 32.30661], [-101.22673, 32.30685], [-101.22532, 32.30712], [-101.22461, 32.30726], [-101.22404, 32.30739], [-101.2233, 32.30758], [-101.2227, 32.30781], [-101.22233, 32.30798], [-101.22199, 32.30815], [-101.22168, 32.30828], [-101.22148, 32.30839], [-101.2211, 32.30862], [-101.22075, 32.30884], [-101.2204, 32.30909], [-101.22001, 32.30939], [-101.21957, 32.30974], [-101.21853, 32.3105], [-101.21779, 32.31105], [-101.21759, 32.3112], [-101.21712, 32.31155], [-101.2167, 32.31185], [-101.21622, 32.31222], [-101.2159, 32.31249], [-101.21497, 32.3133], [-101.21471, 32.31356], [-101.21417, 32.31408], [-101.21374, 32.31456], [-101.21331, 32.31507], [-101.21277, 32.31577], [-101.21254, 32.31608], [-101.2125, 32.31613], [-101.21208, 32.31667], [-101.21186, 32.31694], [-101.21167, 32.31717], [-101.21136, 32.31758], [-101.21107, 32.3179], [-101.2107, 32.31829], [-101.21044, 32.31856], [-101.20969, 32.31926], [-101.20876, 32.32005], [-101.20858, 32.32018], [-101.20832, 32.32037], [-101.20786, 32.3207], [-101.20696, 32.32139], [-101.20595, 32.32213], [-101.20497, 32.32288], [-101.20392, 32.32367], [-101.20364, 32.32384], [-101.20334, 32.324], [-101.20299, 32.32417], [-101.20225, 32.32452], [-101.20189, 32.32466], [-101.20138, 32.32484], [-101.20098, 32.32494], [-101.20061, 32.32502], [-101.20016, 32.32513], [-101.19959, 32.32522], [-101.19895, 32.32529], [-101.19846, 32.32531], [-101.1976, 32.32533], [-101.19606, 32.32536], [-101.19482, 32.3254], [-101.19351, 32.32544], [-101.19331, 32.32545], [-101.19223, 32.32548], [-101.19095, 32.32551], [-101.18937, 32.32556], [-101.18828, 32.32558], [-101.18729, 32.32563], [-101.18627, 32.32567], [-101.18577, 32.32571], [-101.18551, 32.32574], [-101.18513, 32.32577], [-101.1848, 32.32581], [-101.18378, 32.32599], [-101.18346, 32.32604], [-101.18301, 32.32615], [-101.18261, 32.32623], [-101.1812, 32.32659], [-101.17913, 32.32709], [-101.17865, 32.3272]]}}, {"type": "Feature", "properties": {"name": "I- 20"}, "geometry": {"type": "LineString", "coordinates": [[-101.17864, 32.32741], [-101.18245, 32.32647], [-101.18313, 32.32632], [-101.18375, 32.32618], [-101.18408, 32.32612], [-101.18477, 32.32601], [-101.18513, 32.32596], [-101.18553, 32.32592], [-101.18662, 32.32583], [-101.18691, 32.32581], [-101.18805, 32.32579], [-101.1892, 32.32574], [-101.19039, 32.32571], [-101.19155, 32.32568], [-101.19331, 32.32563], [-101.19554, 32.32556], [-101.19684, 32.32554], [-101.19885, 32.32547], [-101.19908, 32.32546], [-101.19956, 32.32542], [-101.19981, 32.32539], [-101.20007, 32.32534], [-101.20024, 32.32531], [-101.20036, 32.32529], [-101.20099, 32.32514], [-101.20126, 32.32507], [-101.20181, 32.3249], [-101.20214, 32.32479], [-101.20239, 32.32468], [-101.20273, 32.32454], [-101.2033, 32.32426], [-101.20357, 32.3241], [-101.20385, 32.32394], [-101.20418, 32.32371], [-101.20463, 32.32338], [-101.20555, 32.32268], [-101.20749, 32.32125], [-101.20841, 32.32059], [-101.20844, 32.32056], [-101.20926, 32.31991], [-101.21006, 32.31919], [-101.21078, 32.31847], [-101.21093, 32.31828], [-101.21116, 32.31799], [-101.21163, 32.31742], [-101.21216, 32.31674], [-101.2123, 32.31657], [-101.21237, 32.31648], [-101.21273, 32.31604], [-101.21288, 32.31585], [-101.21333, 32.31529], [-101.21389, 32.31462], [-101.2142, 32.3143], [-101.21447, 32.31401], [-101.21474, 32.31374], [-101.21498, 32.31349], [-101.21506, 32.31341], [-101.21572, 32.31284], [-101.2164, 32.31231], [-101.21646, 32.31226], [-101.21726, 32.31168], [-101.21748, 32.31151], [-101.21793, 32.31118], [-101.21914, 32.31029], [-101.21958, 32.30998], [-101.22006, 32.30963], [-101.22055, 32.30927], [-101.22107, 32.30888], [-101.22126, 32.30876], [-101.22159, 32.30857], [-101.22238, 32.30817], [-101.22277, 32.30799], [-101.22313, 32.30784], [-101.22378, 32.30764], [-101.22446, 32.30748], [-101.22519, 32.30733], [-101.22618, 32.30714], [-101.22727, 32.30693], [-101.22834, 32.30671], [-101.22945, 32.3065], [-101.23056, 32.30628], [-101.2317, 32.30607], [-101.23284, 32.30584], [-101.2336, 32.30569], [-101.23498, 32.30543], [-101.23622, 32.3052], [-101.23738, 32.30495], [-101.23815, 32.3048], [-101.23859, 32.30473], [-101.23977, 32.30451], [-101.24052, 32.30436], [-101.2434, 32.3038], [-101.24344, 32.30379], [-101.24465, 32.30354], [-101.24714, 32.30304], [-101.2484, 32.30281], [-101.24965, 32.30255], [-101.25033, 32.30242], [-101.25075, 32.30234], [-101.25221, 32.30207], [-101.25339, 32.30186], [-101.25441, 32.30172], [-101.25493, 32.30165], [-101.25568, 32.30155], [-101.25649, 32.30145], [-101.25676, 32.30142], [-101.2573, 32.30136], [-101.25892, 32.30115], [-101.26, 32.30099], [-101.26218, 32.30072], [-101.26295, 32.30059], [-101.26566, 32.30015], [-101.26719, 32.29992], [-101.26742, 32.29988], [-101.26781, 32.29981], [-101.26873, 32.29965], [-101.27034, 32.2994], [-101.27036, 32.29939], [-101.27165, 32.29918], [-101.27206, 32.29912], [-101.27271, 32.29901], [-101.27343, 32.2989], [-101.27356, 32.29888], [-101.27467, 32.29872], [-101.27494, 32.29867], [-101.27522, 32.29862], [-101.2754, 32.2986], [-101.27649, 32.29841], [-101.27792, 32.29818], [-101.27941, 32.29793], [-101.2809, 32.29769], [-101.28314, 32.29733], [-101.28452, 32.29709], [-101.28534, 32.29696], [-101.28597, 32.29686], [-101.2875, 32.29661], [-101.28765, 32.29659], [-101.28808, 32.29651], [-101.28869, 32.29641], [-101.28909, 32.29635], [-101.28962, 32.29626], [-101.29058, 32.2961], [-101.29188, 32.2959], [-101.29211, 32.29586], [-101.29218, 32.29585], [-101.29367, 32.29561], [-101.2946, 32.29544], [-101.2952, 32.29531], [-101.29702, 32.29488], [-101.29746, 32.29478], [-101.29798, 32.29466], [-101.29906, 32.2944], [-101.30003, 32.29418], [-101.30331, 32.29342], [-101.30496, 32.29303], [-101.3053, 32.29294], [-101.30783, 32.29236], [-101.30837, 32.29223], [-101.30936, 32.29202], [-101.31006, 32.29187], [-101.31324, 32.29112], [-101.31489, 32.29074], [-101.31646, 32.29039], [-101.31673, 32.29033], [-101.31817, 32.29], [-101.31983, 32.28962], [-101.32146, 32.28921], [-101.32312, 32.28883], [-101.32475, 32.28847], [-101.32697, 32.28795], [-101.32803, 32.2877], [-101.32898, 32.28748], [-101.32967, 32.28732], [-101.33126, 32.28695], [-101.3329, 32.28657], [-101.33396, 32.28634], [-101.33451, 32.28621], [-101.33456, 32.2862], [-101.3376, 32.28549], [-101.33826, 32.28533], [-101.33921, 32.28512], [-101.34073, 32.28478], [-101.34171, 32.28455], [-101.34232, 32.28441], [-101.34292, 32.28428], [-101.34385, 32.28407], [-101.34528, 32.28373], [-101.34689, 32.28336], [-101.35005, 32.28262], [-101.3507, 32.28248], [-101.35137, 32.28231], [-101.35183, 32.28218], [-101.3524, 32.282], [-101.35282, 32.28185], [-101.35425, 32.28127], [-101.35471, 32.28108], [-101.3558, 32.28066], [-101.35711, 32.28014], [-101.35877, 32.27947], [-101.36021, 32.27889], [-101.36176, 32.27829], [-101.36465, 32.27712], [-101.3661, 32.27654], [-101.36656, 32.27636], [-101.36699, 32.27619], [-101.36775, 32.27588], [-101.37048, 32.2748], [-101.37071, 32.27472], [-101.37234, 32.27405], [-101.37348, 32.2736], [-101.37462, 32.27314], [-101.37631, 32.27245], [-101.37639, 32.27241], [-101.38125, 32.2705], [-101.38297, 32.2698], [-101.38381, 32.26946], [-101.38424, 32.26931], [-101.38481, 32.26916], [-101.38545, 32.26901], [-101.38585, 32.26895], [-101.38628, 32.26891], [-101.38757, 32.26881], [-101.38892, 32.26871], [-101.3898, 32.26864], [-101.39076, 32.26856], [-101.39184, 32.26847], [-101.39485, 32.26824], [-101.39644, 32.26811], [-101.3986, 32.26795], [-101.40057, 32.2678], [-101.4014, 32.26772], [-101.40166, 32.2677], [-101.40242, 32.26764], [-101.40302, 32.26758], [-101.40338, 32.26755], [-101.40364, 32.26752], [-101.40431, 32.26748], [-101.40458, 32.26746], [-101.40488, 32.26743], [-101.40605, 32.26736], [-101.40656, 32.26732], [-101.40697, 32.26729], [-101.407, 32.26729], [-101.4081, 32.26721], [-101.40884, 32.26713], [-101.41032, 32.26702], [-101.41078, 32.26697], [-101.41144, 32.26691], [-101.41268, 32.26682], [-101.4136, 32.26675], [-101.41477, 32.26666], [-101.41511, 32.26663], [-101.41589, 32.26657], [-101.4168, 32.26649], [-101.41946, 32.26629], [-101.41984, 32.26626], [-101.4203, 32.26624], [-101.42056, 32.2662], [-101.42212, 32.26608], [-101.42306, 32.26601], [-101.42407, 32.26592], [-101.42433, 32.26591], [-101.42494, 32.26587], [-101.42549, 32.26582], [-101.4261, 32.26574], [-101.42672, 32.26565], [-101.42737, 32.26553], [-101.4279, 32.26543], [-101.42898, 32.26519], [-101.42928, 32.26512], [-101.4303, 32.26493], [-101.43232, 32.26449], [-101.43249, 32.26445], [-101.43388, 32.26417], [-101.43527, 32.26388], [-101.43652, 32.2636], [-101.43704, 32.26348], [-101.43772, 32.26333], [-101.4379, 32.26329], [-101.44023, 32.2628], [-101.44173, 32.26249], [-101.44201, 32.26244], [-101.44331, 32.26216], [-101.44499, 32.26178], [-101.44559, 32.26166], [-101.44593, 32.26161], [-101.44646, 32.26154], [-101.44664, 32.26152], [-101.44741, 32.26146], [-101.44834, 32.26143], [-101.44912, 32.26142], [-101.44996, 32.26147], [-101.4503, 32.26151], [-101.45037, 32.26152], [-101.45061, 32.26154], [-101.45086, 32.26158], [-101.45113, 32.26161], [-101.45158, 32.26168], [-101.4533, 32.26205], [-101.45375, 32.26215], [-101.45421, 32.26226], [-101.45504, 32.26245], [-101.45515, 32.26247], [-101.45667, 32.26279], [-101.45726, 32.26293], [-101.45788, 32.26313], [-101.45845, 32.26335], [-101.45988, 32.26398], [-101.46239, 32.2651], [-101.46345, 32.26557], [-101.46459, 32.266], [-101.46537, 32.26625], [-101.4662, 32.26647], [-101.46691, 32.26665], [-101.46747, 32.26677], [-101.46832, 32.26693], [-101.46888, 32.26701], [-101.46928, 32.26705], [-101.46978, 32.2671], [-101.47021, 32.26713], [-101.47025, 32.26713], [-101.47104, 32.26716], [-101.47217, 32.26717], [-101.47221, 32.26717], [-101.47292, 32.26715], [-101.47318, 32.26714], [-101.47348, 32.26712], [-101.474, 32.26707], [-101.47425, 32.26703], [-101.4748, 32.26696], [-101.47531, 32.26689], [-101.47568, 32.26682], [-101.47604, 32.26674], [-101.4779, 32.26633], [-101.47944, 32.266], [-101.4802, 32.26584], [-101.48548, 32.26464], [-101.48551, 32.26463], [-101.48559, 32.26462], [-101.48772, 32.26419], [-101.48921, 32.26389], [-101.49043, 32.26364], [-101.49057, 32.26362], [-101.49155, 32.2634], [-101.4926, 32.26317], [-101.49474, 32.26272], [-101.4951, 32.26264], [-101.49643, 32.26234], [-101.49862, 32.26186], [-101.50034, 32.2615], [-101.50086, 32.26138], [-101.50099, 32.26135], [-101.50163, 32.2612], [-101.50204, 32.26111], [-101.50246, 32.261], [-101.50307, 32.2608], [-101.50355, 32.26064], [-101.50367, 32.2606], [-101.50406, 32.26044], [-101.50432, 32.26034], [-101.50499, 32.26004], [-101.50518, 32.25995], [-101.50562, 32.25971], [-101.50635, 32.25926], [-101.50675, 32.25899], [-101.50683, 32.25894], [-101.50701, 32.25882], [-101.50738, 32.25856], [-101.50767, 32.25832], [-101.50795, 32.25809], [-101.50811, 32.25795], [-101.50822, 32.25788], [-101.50905, 32.25704], [-101.50972, 32.25624], [-101.51033, 32.25538], [-101.51055, 32.25496], [-101.51102, 32.25412], [-101.51114, 32.25393], [-101.51162, 32.25313], [-101.51175, 32.25293], [-101.51249, 32.2516], [-101.51318, 32.25051], [-101.51338, 32.25017], [-101.51412, 32.24903], [-101.5158, 32.24673], [-101.51668, 32.24559], [-101.51689, 32.2453], [-101.51699, 32.24517], [-101.51762, 32.24435], [-101.51854, 32.2431], [-101.52048, 32.24054], [-101.52145, 32.23924], [-101.52245, 32.23794], [-101.52301, 32.23718], [-101.52345, 32.23659], [-101.52443, 32.23529], [-101.52479, 32.23483], [-101.52487, 32.23473], [-101.52518, 32.23441], [-101.52551, 32.23413], [-101.52573, 32.23394], [-101.52576, 32.23392], [-101.52639, 32.23344], [-101.52652, 32.23335], [-101.52671, 32.23323], [-101.52692, 32.2331], [-101.52738, 32.23284], [-101.52759, 32.23274], [-101.52773, 32.23267], [-101.52848, 32.23238], [-101.52917, 32.23214], [-101.52962, 32.23201], [-101.52993, 32.23194], [-101.53169, 32.23154], [-101.53308, 32.23123], [-101.53319, 32.23121], [-101.53333, 32.23118], [-101.53412, 32.231], [-101.5356, 32.23068], [-101.53639, 32.2305], [-101.53687, 32.2304], [-101.53863, 32.23001], [-101.54043, 32.2296], [-101.54189, 32.22927], [-101.54237, 32.22916], [-101.54426, 32.22872], [-101.54615, 32.2283], [-101.54809, 32.22787], [-101.55045, 32.22735], [-101.55114, 32.2272], [-101.55199, 32.227], [-101.55536, 32.22624], [-101.55599, 32.2261], [-101.55684, 32.2259], [-101.5575, 32.22575], [-101.55918, 32.22537], [-101.56077, 32.22503], [-101.5627, 32.22462], [-101.5629, 32.22457], [-101.56316, 32.22452], [-101.56338, 32.22446], [-101.56506, 32.22407], [-101.56697, 32.22364], [-101.56823, 32.22333], [-101.57012, 32.2229], [-101.57095, 32.22267], [-101.57121, 32.22258], [-101.57136, 32.22253], [-101.57184, 32.22237], [-101.57269, 32.22206], [-101.57326, 32.22181], [-101.57354, 32.22168], [-101.57393, 32.22151], [-101.57421, 32.22136], [-101.57501, 32.22097], [-101.57758, 32.21972], [-101.57838, 32.21933], [-101.5789, 32.21909], [-101.58012, 32.2185], [-101.58182, 32.21766], [-101.58319, 32.21701], [-101.58356, 32.21683], [-101.58718, 32.21507], [-101.58906, 32.21417], [-101.59072, 32.21336], [-101.59093, 32.21325], [-101.59171, 32.2129], [-101.59244, 32.21253], [-101.59578, 32.21093], [-101.59612, 32.21074], [-101.59647, 32.21052], [-101.59675, 32.21035], [-101.59682, 32.21031], [-101.59705, 32.21014], [-101.59722, 32.21001], [-101.59757, 32.20972], [-101.59769, 32.20961], [-101.59793, 32.20938], [-101.59852, 32.20879], [-101.59952, 32.20776], [-101.60068, 32.20654], [-101.60076, 32.20647], [-101.60141, 32.2058], [-101.60212, 32.20506], [-101.60342, 32.20375], [-101.60472, 32.20238], [-101.60602, 32.20108], [-101.6063, 32.20084], [-101.60661, 32.20059], [-101.60703, 32.20029], [-101.60751, 32.2], [-101.60788, 32.1998], [-101.60838, 32.19956], [-101.60888, 32.19935], [-101.60947, 32.19915], [-101.60983, 32.19905], [-101.61052, 32.19888], [-101.6131, 32.19829], [-101.6163, 32.19757], [-101.61797, 32.1972], [-101.62019, 32.1967], [-101.62076, 32.19657], [-101.6217, 32.19636], [-101.62355, 32.19591], [-101.62427, 32.19573], [-101.62531, 32.19548], [-101.62601, 32.19529], [-101.62674, 32.19504], [-101.62724, 32.19485], [-101.62763, 32.1947], [-101.62855, 32.19431], [-101.62929, 32.19394], [-101.62974, 32.19371], [-101.63012, 32.19349], [-101.63017, 32.19346], [-101.6307, 32.19315], [-101.63138, 32.19269], [-101.63202, 32.19223], [-101.63277, 32.19162], [-101.6336, 32.19087], [-101.63562, 32.18906], [-101.63775, 32.18713], [-101.63985, 32.18525], [-101.64079, 32.1844], [-101.64127, 32.18403], [-101.64199, 32.18351], [-101.64295, 32.1829], [-101.64299, 32.18287], [-101.64336, 32.18266], [-101.64391, 32.18236], [-101.64438, 32.18213], [-101.64505, 32.18181], [-101.64577, 32.18151], [-101.6463, 32.18133], [-101.64727, 32.18098], [-101.64866, 32.18052], [-101.65085, 32.17975], [-101.65598, 32.17801], [-101.65765, 32.17745], [-101.65928, 32.1769], [-101.66224, 32.1759], [-101.66338, 32.17551], [-101.66441, 32.17516], [-101.66657, 32.1744], [-101.66881, 32.17365], [-101.67104, 32.17287], [-101.67552, 32.17124], [-101.67779, 32.1704], [-101.68009, 32.16956], [-101.68466, 32.16788], [-101.68699, 32.16704], [-101.68852, 32.16649], [-101.68931, 32.16621], [-101.69165, 32.16534], [-101.69358, 32.16464], [-101.69397, 32.16451]]}}, {"type": "Feature", "properties": {"name": "I- 20"}, "geometry": {"type": "LineString", "coordinates": [[-99.6298, 32.43677], [-99.62837, 32.43646], [-99.62655, 32.43611], [-99.62538, 32.43592], [-99.62396, 32.43568], [-99.61912, 32.43482], [-99.6132, 32.43378], [-99.60999, 32.43322], [-99.60919, 32.43307], [-99.60841, 32.43293], [-99.60503, 32.43236], [-99.60433, 32.43222], [-99.6022, 32.43186], [-99.60126, 32.43169], [-99.60023, 32.43151], [-99.59687, 32.43093], [-99.59369, 32.43038], [-99.59094, 32.42989], [-99.58479, 32.42883], [-99.57977, 32.4279], [-99.57651, 32.42736], [-99.57568, 32.42722], [-99.57523, 32.42712], [-99.57433, 32.42695], [-99.57224, 32.4266], [-99.57128, 32.42642], [-99.57107, 32.42639], [-99.56916, 32.42607], [-99.56774, 32.42581], [-99.56641, 32.42557], [-99.56622, 32.42553], [-99.56582, 32.42548], [-99.56462, 32.42529], [-99.56192, 32.42482], [-99.56168, 32.42478], [-99.56136, 32.42469], [-99.56024, 32.4245], [-99.5589, 32.42426], [-99.55836, 32.42416], [-99.55643, 32.42382], [-99.55607, 32.42376], [-99.55602, 32.42375], [-99.55589, 32.42373], [-99.55411, 32.42343], [-99.55198, 32.42303], [-99.5497, 32.42264], [-99.54939, 32.42258], [-99.5473, 32.42221], [-99.54449, 32.42172], [-99.54373, 32.42159], [-99.53776, 32.42054], [-99.53573, 32.42018], [-99.53415, 32.41991], [-99.53118, 32.41938], [-99.5311, 32.41933], [-99.52565, 32.41842], [-99.52476, 32.41827], [-99.5246, 32.41824], [-99.52404, 32.41813], [-99.5202, 32.41743], [-99.52015, 32.41745], [-99.51462, 32.4165], [-99.51408, 32.4164], [-99.51201, 32.41605], [-99.50824, 32.41536], [-99.50433, 32.4147], [-99.50301, 32.41442], [-99.49428, 32.41288], [-99.49152, 32.4124], [-99.48966, 32.41207], [-99.4853, 32.41141], [-99.48511, 32.41144], [-99.48014, 32.41081], [-99.47323, 32.41], [-99.46731, 32.40927], [-99.45949, 32.40835], [-99.45922, 32.40828], [-99.45476, 32.40777], [-99.45233, 32.40748], [-99.45212, 32.40745], [-99.45088, 32.40729], [-99.45022, 32.40721], [-99.44712, 32.40683], [-99.44536, 32.40662], [-99.44373, 32.40642], [-99.44199, 32.40622], [-99.43972, 32.40594], [-99.43884, 32.40583], [-99.43841, 32.40578], [-99.43721, 32.40563], [-99.43465, 32.40531], [-99.43173, 32.40495], [-99.42974, 32.40466], [-99.42698, 32.40422], [-99.42675, 32.40419], [-99.4257, 32.40409], [-99.42494, 32.40403], [-99.42441, 32.40399], [-99.42285, 32.40388], [-99.42227, 32.40384], [-99.42225, 32.40384], [-99.42052, 32.40375], [-99.41994, 32.40371], [-99.41904, 32.40367], [-99.4177, 32.4036], [-99.41752, 32.40354], [-99.41532, 32.40342], [-99.41487, 32.40339], [-99.41425, 32.40337], [-99.41353, 32.40336], [-99.41285, 32.40334], [-99.41171, 32.40335], [-99.40884, 32.40336], [-99.40847, 32.40343], [-99.40815, 32.40344], [-99.40702, 32.40349], [-99.40619, 32.4035], [-99.40568, 32.40352], [-99.4021, 32.40361], [-99.40013, 32.40366], [-99.39611, 32.40375], [-99.39565, 32.40375], [-99.39502, 32.40375], [-99.39415, 32.40373], [-99.3932, 32.40363], [-99.39313, 32.40362], [-99.39236, 32.40352], [-99.39107, 32.4033], [-99.39057, 32.40318], [-99.39019, 32.40308], [-99.38811, 32.40259], [-99.38569, 32.40199], [-99.38465, 32.40176], [-99.37996, 32.40034], [-99.37985, 32.40037], [-99.37677, 32.39941], [-99.37471, 32.39881], [-99.37335, 32.39835], [-99.37316, 32.39828], [-99.37314, 32.39828], [-99.37256, 32.3981], [-99.37205, 32.39794], [-99.37142, 32.39779], [-99.37083, 32.39766], [-99.37025, 32.39753], [-99.36922, 32.39731], [-99.36826, 32.39711], [-99.36614, 32.39667], [-99.36601, 32.39664], [-99.36539, 32.39652], [-99.36511, 32.39646], [-99.3647, 32.39637], [-99.36394, 32.39617], [-99.36197, 32.3957], [-99.3618, 32.39566], [-99.3603, 32.39527], [-99.35942, 32.39506], [-99.35912, 32.39499], [-99.35646, 32.39424], [-99.35512, 32.39384], [-99.35406, 32.39354], [-99.35261, 32.39317], [-99.35012, 32.39254], [-99.34947, 32.3924], [-99.34935, 32.39238], [-99.34929, 32.39233], [-99.3485, 32.39216], [-99.34698, 32.3919], [-99.3459, 32.39172], [-99.34528, 32.39165], [-99.34505, 32.39162], [-99.34469, 32.39158], [-99.34305, 32.39141], [-99.34096, 32.39114], [-99.33846, 32.39083], [-99.33625, 32.39057], [-99.33412, 32.39031], [-99.3323, 32.39008], [-99.33182, 32.39003], [-99.32807, 32.38958], [-99.32546, 32.38925], [-99.32402, 32.38908], [-99.3226, 32.3889], [-99.31984, 32.38857], [-99.31782, 32.38832], [-99.31369, 32.38783], [-99.31232, 32.38766], [-99.31139, 32.38755], [-99.30978, 32.38736], [-99.30326, 32.38661], [-99.30244, 32.38651], [-99.30235, 32.38647], [-99.30194, 32.38644], [-99.29854, 32.386], [-99.29801, 32.38593], [-99.29531, 32.38562], [-99.2947, 32.38555], [-99.29266, 32.3853], [-99.29118, 32.38509], [-99.28923, 32.38473], [-99.28663, 32.38423], [-99.28481, 32.38388], [-99.28331, 32.38359], [-99.27937, 32.38283], [-99.27722, 32.38242], [-99.26982, 32.38098], [-99.26977, 32.38097], [-99.26663, 32.38038], [-99.26324, 32.37971], [-99.26255, 32.37957], [-99.25989, 32.37906], [-99.25635, 32.37837], [-99.25543, 32.37819], [-99.25331, 32.37779], [-99.25307, 32.37774], [-99.25261, 32.37767], [-99.25218, 32.37756], [-99.251, 32.37735], [-99.25009, 32.37718], [-99.24941, 32.37704], [-99.24913, 32.377], [-99.24777, 32.37676], [-99.24598, 32.37637], [-99.24589, 32.37635], [-99.24508, 32.37619], [-99.24415, 32.37601], [-99.24332, 32.37586], [-99.24193, 32.37558], [-99.23988, 32.37518], [-99.23712, 32.37466], [-99.23385, 32.37402], [-99.23242, 32.37374], [-99.23006, 32.37329], [-99.22767, 32.37281], [-99.22476, 32.37225], [-99.22303, 32.37192], [-99.21569, 32.37051], [-99.21518, 32.37045], [-99.21422, 32.37034], [-99.21361, 32.37029], [-99.21269, 32.37027], [-99.21157, 32.37028], [-99.21018, 32.37037], [-99.20469, 32.37082], [-99.204, 32.37088], [-99.20291, 32.37097], [-99.19996, 32.37126], [-99.19575, 32.37163], [-99.19565, 32.37164], [-99.19485, 32.3717], [-99.19217, 32.37191], [-99.19127, 32.37198], [-99.19053, 32.37204], [-99.19039, 32.37205], [-99.18781, 32.37226], [-99.18772, 32.37227], [-99.18709, 32.37232], [-99.18684, 32.37236], [-99.18577, 32.37251], [-99.18569, 32.37252], [-99.18498, 32.37268], [-99.18383, 32.37295], [-99.18263, 32.37327], [-99.18158, 32.37355], [-99.18044, 32.37385], [-99.17827, 32.37443], [-99.17701, 32.37477], [-99.17587, 32.37508], [-99.17452, 32.37544], [-99.17388, 32.37562], [-99.17284, 32.37586], [-99.17205, 32.37602], [-99.17004, 32.37633], [-99.16814, 32.37663], [-99.16659, 32.37685], [-99.1655, 32.37703], [-99.16511, 32.37708], [-99.16469, 32.37714], [-99.16425, 32.37721], [-99.16313, 32.37738], [-99.16214, 32.37753], [-99.16045, 32.3778], [-99.15942, 32.37796], [-99.1587, 32.37807], [-99.1584, 32.3781], [-99.15821, 32.37813], [-99.15781, 32.37819], [-99.15719, 32.3783], [-99.15577, 32.3785], [-99.15468, 32.37866], [-99.15409, 32.37874], [-99.153, 32.37892], [-99.15102, 32.3792], [-99.15017, 32.37932], [-99.14918, 32.37947], [-99.14908, 32.37949], [-99.14813, 32.37962], [-99.14704, 32.3798], [-99.14631, 32.37987], [-99.14587, 32.37992], [-99.14567, 32.37992], [-99.14405, 32.38], [-99.14234, 32.37994], [-99.14073, 32.37974], [-99.13894, 32.37956], [-99.13828, 32.37947], [-99.1381, 32.37951], [-99.13716, 32.37943], [-99.13642, 32.37936], [-99.13502, 32.37925], [-99.13356, 32.37913], [-99.13262, 32.37906], [-99.13105, 32.37892], [-99.129, 32.37877], [-99.12592, 32.37849], [-99.12551, 32.37847], [-99.12533, 32.37846], [-99.12423, 32.37838], [-99.12047, 32.37806], [-99.11954, 32.37799], [-99.11672, 32.37774], [-99.11625, 32.3777]]}}, {"type": "Feature", "properties": {"name": "I- 20"}, "geometry": {"type": "LineString", "coordinates": [[-104.05648, 31.0868], [-104.05563, 31.08738], [-104.05507, 31.08776], [-104.05407, 31.08854], [-104.05323, 31.08931], [-104.05305, 31.08948], [-104.05253, 31.09006], [-104.0525, 31.09008], [-104.0524, 31.0902], [-104.05189, 31.0908], [-104.05156, 31.09121], [-104.05095, 31.09208], [-104.05039, 31.093], [-104.05031, 31.09315], [-104.04988, 31.09399], [-104.04966, 31.09444], [-104.049, 31.09579], [-104.04878, 31.09624], [-104.04832, 31.09719], [-104.04692, 31.10005], [-104.04645, 31.10101], [-104.04603, 31.10189], [-104.04497, 31.10405], [-104.04473, 31.10452], [-104.04428, 31.10539], [-104.04385, 31.1062], [-104.04335, 31.10697], [-104.04321, 31.10715], [-104.04108, 31.10998], [-104.03946, 31.11209], [-104.0382, 31.11372], [-104.03714, 31.11509], [-104.03398, 31.1192], [-104.03293, 31.12057], [-104.03264, 31.12095], [-104.0318, 31.12208], [-104.03151, 31.12245], [-104.02971, 31.12485], [-104.02873, 31.12608], [-104.02817, 31.12683], [-104.02707, 31.12825], [-104.02678, 31.12862], [-104.02648, 31.12903], [-104.02596, 31.1297], [-104.02542, 31.13028], [-104.02473, 31.13091], [-104.02426, 31.13128], [-104.02386, 31.13159], [-104.02344, 31.13187], [-104.02304, 31.1321], [-104.02248, 31.13241], [-104.02113, 31.13305], [-104.01749, 31.13483], [-104.01695, 31.13509], [-104.01413, 31.13646], [-104.01161, 31.13772], [-104.00861, 31.13918], [-104.00789, 31.13953], [-104.00618, 31.14036], [-104.00171, 31.14254], [-104.00038, 31.14318], [-103.99361, 31.14648], [-103.99324, 31.14668], [-103.99273, 31.14697], [-103.99215, 31.14731], [-103.99166, 31.14762], [-103.99117, 31.14796], [-103.9907, 31.14832], [-103.99032, 31.14862], [-103.988, 31.15059], [-103.9858, 31.15247], [-103.97674, 31.16026], [-103.97571, 31.16116], [-103.97259, 31.16383], [-103.97235, 31.16404], [-103.97156, 31.16473], [-103.97099, 31.16522], [-103.97039, 31.16574], [-103.96926, 31.16669], [-103.96869, 31.16718], [-103.96859, 31.16727], [-103.96829, 31.16752], [-103.96819, 31.16761], [-103.96136, 31.1735], [-103.95694, 31.17728], [-103.95303, 31.18065], [-103.95166, 31.18185], [-103.95096, 31.18243], [-103.94899, 31.18402], [-103.94592, 31.18653], [-103.94443, 31.18773], [-103.94439, 31.18777], [-103.943, 31.18892], [-103.94234, 31.1895], [-103.94007, 31.19144], [-103.93892, 31.19244], [-103.93764, 31.19353], [-103.91477, 31.21315], [-103.90741, 31.21949], [-103.90715, 31.21971], [-103.90638, 31.22037], [-103.90613, 31.22058], [-103.90455, 31.22193], [-103.90235, 31.2238], [-103.90197, 31.22412], [-103.90152, 31.22448], [-103.90116, 31.22475], [-103.90068, 31.22508], [-103.89993, 31.22556], [-103.89965, 31.22573], [-103.89938, 31.2259], [-103.89783, 31.22672], [-103.89753, 31.22687], [-103.8967, 31.22733], [-103.8962, 31.22759], [-103.89462, 31.2284], [-103.89317, 31.22916], [-103.89238, 31.22959], [-103.89167, 31.23004], [-103.89103, 31.23049], [-103.89041, 31.23094], [-103.89015, 31.23115], [-103.88721, 31.23337], [-103.88631, 31.23406], [-103.88364, 31.23612], [-103.88162, 31.23762], [-103.8816, 31.23767], [-103.88157, 31.2377], [-103.88104, 31.23808], [-103.88049, 31.23853], [-103.88012, 31.23882], [-103.88007, 31.23885], [-103.87914, 31.23963], [-103.87823, 31.24044], [-103.87753, 31.24106], [-103.87558, 31.24287], [-103.8754, 31.24305], [-103.8701, 31.24784], [-103.86763, 31.25003], [-103.86616, 31.25139], [-103.86569, 31.25188], [-103.86526, 31.25235], [-103.86502, 31.25265], [-103.86479, 31.25291], [-103.86451, 31.25325], [-103.86422, 31.25366], [-103.86378, 31.25434], [-103.8626, 31.25649], [-103.86173, 31.25806], [-103.86084, 31.25975], [-103.86061, 31.26018], [-103.85989, 31.26152], [-103.8593, 31.26261], [-103.85809, 31.2648], [-103.8578, 31.26529], [-103.85749, 31.26575], [-103.85715, 31.26621], [-103.85677, 31.26669], [-103.85645, 31.26708], [-103.85608, 31.26749], [-103.85577, 31.26782], [-103.85548, 31.26809], [-103.85505, 31.26847], [-103.85459, 31.26885], [-103.85346, 31.26974], [-103.853, 31.27009], [-103.85163, 31.27116], [-103.85117, 31.27152], [-103.85095, 31.27169], [-103.84809, 31.27383], [-103.84622, 31.27523], [-103.84435, 31.27663], [-103.84179, 31.2784], [-103.83692, 31.28169], [-103.83429, 31.28345], [-103.83236, 31.28471], [-103.83087, 31.2857], [-103.82607, 31.28887], [-103.82571, 31.28911], [-103.8247, 31.28977], [-103.82111, 31.29214], [-103.80733, 31.30126], [-103.80653, 31.3018], [-103.80275, 31.30431], [-103.80264, 31.30438], [-103.80248, 31.30449], [-103.80166, 31.30502], [-103.80139, 31.3052], [-103.80039, 31.30584], [-103.79938, 31.3065], [-103.79922, 31.30661], [-103.79873, 31.30689], [-103.79852, 31.30701], [-103.79814, 31.30721], [-103.79792, 31.30732], [-103.79762, 31.30748], [-103.7973, 31.30761], [-103.79666, 31.30791], [-103.79621, 31.30808], [-103.79605, 31.30814], [-103.79595, 31.30818], [-103.79514, 31.30847], [-103.79488, 31.30857], [-103.79403, 31.3089], [-103.79381, 31.309], [-103.79375, 31.30902], [-103.79367, 31.30905], [-103.79324, 31.30925], [-103.79296, 31.30937], [-103.79227, 31.30971], [-103.79195, 31.30988], [-103.79157, 31.31011], [-103.79101, 31.31048], [-103.79057, 31.31075], [-103.79047, 31.31081], [-103.78954, 31.3114], [-103.78933, 31.31154], [-103.78871, 31.31196], [-103.7885, 31.31209], [-103.78793, 31.31248], [-103.78621, 31.31362], [-103.78564, 31.314], [-103.78548, 31.31412], [-103.78498, 31.31445], [-103.78482, 31.31456], [-103.78452, 31.31476], [-103.78363, 31.31537], [-103.78345, 31.3155], [-103.78333, 31.31557], [-103.7832, 31.31566], [-103.78279, 31.31593], [-103.78265, 31.31602], [-103.78225, 31.31627], [-103.78127, 31.31688], [-103.78096, 31.31708], [-103.78094, 31.31709], [-103.7804, 31.31738], [-103.77902, 31.3181], [-103.77558, 31.31986], [-103.77478, 31.32027], [-103.7738, 31.32079], [-103.77305, 31.32117], [-103.77116, 31.32213], [-103.77107, 31.32218], [-103.76684, 31.32438], [-103.76624, 31.32472], [-103.76617, 31.32476], [-103.76427, 31.32591], [-103.76339, 31.32646], [-103.76167, 31.32755], [-103.76088, 31.32804], [-103.76067, 31.32817], [-103.76027, 31.32841], [-103.76004, 31.32855], [-103.75983, 31.32868], [-103.75884, 31.32929], [-103.75725, 31.33027], [-103.75716, 31.33033], [-103.75587, 31.33111], [-103.75488, 31.33172], [-103.75458, 31.33189], [-103.75383, 31.33235], [-103.75369, 31.33244], [-103.7534, 31.33262], [-103.75291, 31.33292], [-103.75201, 31.33346], [-103.748, 31.33592], [-103.74511, 31.33769], [-103.7436, 31.33863], [-103.74313, 31.33892], [-103.7427, 31.33915], [-103.74239, 31.33931], [-103.74043, 31.34017], [-103.73856, 31.34097], [-103.73521, 31.34239], [-103.73517, 31.3424], [-103.73343, 31.34313], [-103.73095, 31.34416], [-103.72985, 31.34463], [-103.72512, 31.34663], [-103.72509, 31.34664], [-103.725, 31.34668], [-103.72498, 31.34669], [-103.72472, 31.3468], [-103.71988, 31.3488], [-103.7184, 31.34942], [-103.71572, 31.35055], [-103.70722, 31.35411], [-103.70655, 31.35436], [-103.70372, 31.35534], [-103.70081, 31.35633], [-103.6985, 31.35712], [-103.69624, 31.35791], [-103.69177, 31.35941], [-103.69066, 31.3598], [-103.68736, 31.36097], [-103.68626, 31.36136], [-103.68525, 31.36169], [-103.68468, 31.36188], [-103.68224, 31.36274], [-103.68124, 31.36309], [-103.67932, 31.3638], [-103.67889, 31.36394], [-103.67715, 31.36453], [-103.67457, 31.36542], [-103.6718, 31.36637], [-103.66943, 31.36719], [-103.66554, 31.36852], [-103.66391, 31.3691], [-103.66173, 31.36987], [-103.65815, 31.3711], [-103.65448, 31.37237], [-103.64734, 31.37484], [-103.64634, 31.37519], [-103.64181, 31.37675], [-103.63843, 31.37793], [-103.63549, 31.37895], [-103.63007, 31.38082], [-103.62828, 31.38142], [-103.62814, 31.38147], [-103.62531, 31.38246], [-103.6249, 31.3826], [-103.62467, 31.38268], [-103.62397, 31.38293], [-103.62374, 31.38301], [-103.62252, 31.38343], [-103.62145, 31.3838], [-103.62031, 31.38419], [-103.61887, 31.38469], [-103.61765, 31.38512], [-103.61666, 31.38546], [-103.61535, 31.3859], [-103.61368, 31.38648], [-103.61322, 31.38663], [-103.61268, 31.3868], [-103.61152, 31.38721], [-103.61112, 31.38735], [-103.60787, 31.38849], [-103.60164, 31.39064], [-103.59286, 31.39368], [-103.58471, 31.3965], [-103.58403, 31.39673], [-103.57853, 31.39862], [-103.57013, 31.40153], [-103.56948, 31.40176], [-103.56945, 31.40178], [-103.56814, 31.40222], [-103.56706, 31.4026], [-103.5665, 31.4028], [-103.56527, 31.40322], [-103.56388, 31.4037], [-103.56143, 31.40455], [-103.5609, 31.40473], [-103.55993, 31.40508], [-103.55833, 31.40564], [-103.55805, 31.40573], [-103.55773, 31.40584], [-103.55755, 31.4059], [-103.55721, 31.40602], [-103.55716, 31.40603], [-103.55674, 31.40617], [-103.55603, 31.40634], [-103.55598, 31.40635], [-103.55558, 31.40643], [-103.55545, 31.40646], [-103.55512, 31.4065], [-103.55478, 31.40654], [-103.55416, 31.40659], [-103.55373, 31.40658], [-103.55326, 31.40657], [-103.55296, 31.40655], [-103.55271, 31.40653], [-103.55236, 31.40649], [-103.55191, 31.40642], [-103.55127, 31.40628], [-103.55109, 31.40623], [-103.55056, 31.40608], [-103.54837, 31.40558], [-103.54813, 31.40552], [-103.54646, 31.40513], [-103.5443, 31.40461], [-103.54198, 31.40405], [-103.54084, 31.40376], [-103.53919, 31.40335], [-103.53841, 31.40316], [-103.53774, 31.40302], [-103.53555, 31.40249], [-103.52803, 31.40067], [-103.527, 31.40043], [-103.52649, 31.40031], [-103.52587, 31.40014], [-103.52523, 31.40001], [-103.52514, 31.39998], [-103.52414, 31.39981], [-103.52404, 31.39979], [-103.52388, 31.39976], [-103.52375, 31.39973], [-103.52365, 31.39971], [-103.52348, 31.39969], [-103.52334, 31.39967], [-103.52241, 31.39951], [-103.52211, 31.39945], [-103.52203, 31.39944], [-103.52179, 31.3994], [-103.52172, 31.39938], [-103.5215, 31.39935], [-103.52085, 31.39924], [-103.52064, 31.3992], [-103.51974, 31.39905], [-103.51901, 31.39893], [-103.51707, 31.39859], [-103.51618, 31.39844], [-103.51563, 31.39834], [-103.51452, 31.39814], [-103.51401, 31.39806], [-103.51346, 31.39797], [-103.51287, 31.39787], [-103.51283, 31.39787], [-103.51071, 31.39748], [-103.51049, 31.39744], [-103.50371, 31.39635], [-103.50312, 31.39625], [-103.50133, 31.39593], [-103.50073, 31.39582], [-103.50066, 31.39581], [-103.50037, 31.39577], [-103.50015, 31.39574], [-103.50003, 31.39573], [-103.49974, 31.39571], [-103.49917, 31.3957], [-103.49861, 31.3957], [-103.49822, 31.39572], [-103.4979, 31.39575], [-103.49772, 31.39577], [-103.49726, 31.39583], [-103.49719, 31.39585], [-103.4971, 31.39587], [-103.49705, 31.39588], [-103.4968, 31.39592], [-103.49678, 31.39592], [-103.4967, 31.39595], [-103.49636, 31.39602], [-103.49592, 31.39615], [-103.4959, 31.39616], [-103.49546, 31.3963], [-103.49364, 31.39697], [-103.49288, 31.39725], [-103.49263, 31.39734], [-103.49258, 31.39736], [-103.49188, 31.39764], [-103.49176, 31.39769], [-103.49164, 31.39774], [-103.49141, 31.39784], [-103.49071, 31.39813], [-103.49048, 31.39822], [-103.49026, 31.39831], [-103.49024, 31.39832], [-103.48976, 31.3985], [-103.48953, 31.39859], [-103.48929, 31.39869], [-103.48892, 31.39883], [-103.4887, 31.39892], [-103.4878, 31.39928], [-103.48743, 31.39943], [-103.4874, 31.39944], [-103.48725, 31.39949], [-103.48672, 31.39969], [-103.48654, 31.39975], [-103.48627, 31.39986], [-103.48546, 31.40018], [-103.48519, 31.40029], [-103.48471, 31.40048], [-103.48327, 31.40104], [-103.48279, 31.40123], [-103.4799, 31.40229], [-103.47979, 31.40234], [-103.47946, 31.40247], [-103.47934, 31.40252], [-103.47924, 31.40256], [-103.47894, 31.40268], [-103.47884, 31.40272], [-103.47736, 31.40333], [-103.47541, 31.40411], [-103.4754, 31.40412], [-103.47239, 31.40528], [-103.47018, 31.40614], [-103.4687, 31.40672], [-103.4675, 31.40717], [-103.46704, 31.40733], [-103.46647, 31.40748], [-103.46598, 31.4076], [-103.46549, 31.40768], [-103.465, 31.40776], [-103.46488, 31.40776], [-103.46453, 31.40779], [-103.46374, 31.40782], [-103.46117, 31.4079], [-103.46017, 31.40794], [-103.45717, 31.40808], [-103.45704, 31.40809], [-103.45691, 31.40808], [-103.45667, 31.40809], [-103.45617, 31.40811], [-103.4561, 31.40811], [-103.45591, 31.40812], [-103.45584, 31.40812], [-103.45527, 31.40814], [-103.45357, 31.4082], [-103.45344, 31.40821], [-103.45301, 31.40823], [-103.45246, 31.40824], [-103.45082, 31.40829], [-103.45028, 31.40831], [-103.45016, 31.40832], [-103.44983, 31.40833], [-103.44973, 31.40834], [-103.44407, 31.40856], [-103.44038, 31.40871], [-103.43874, 31.40877], [-103.43685, 31.40886], [-103.43679, 31.40886], [-103.43616, 31.40889], [-103.43542, 31.4089], [-103.43465, 31.40894], [-103.43407, 31.40902], [-103.43326, 31.40918], [-103.43064, 31.40994], [-103.4302, 31.41006], [-103.42495, 31.41163], [-103.42476, 31.41169], [-103.39941, 31.41912], [-103.39893, 31.41926], [-103.39848, 31.41941], [-103.39799, 31.41958], [-103.39752, 31.41977], [-103.39703, 31.41997], [-103.39654, 31.42019], [-103.39569, 31.42068], [-103.39524, 31.42102], [-103.39487, 31.4213], [-103.39455, 31.42163], [-103.39004, 31.42593], [-103.38925, 31.4267], [-103.3892, 31.42675]]}}, {"type": "Feature", "properties": {"name": "I- 20"}, "geometry": {"type": "LineString", "coordinates": [[-102.28743, 31.87393], [-102.2872, 31.87405], [-102.28381, 31.87584], [-102.28267, 31.87646], [-102.27975, 31.87798], [-102.2764, 31.87974], [-102.2728, 31.88164], [-102.26989, 31.88317], [-102.26723, 31.88458], [-102.26471, 31.88589], [-102.26243, 31.88706], [-102.26151, 31.88754], [-102.26149, 31.88755], [-102.26098, 31.88782], [-102.26026, 31.88819], [-102.2596, 31.88853], [-102.25789, 31.88935], [-102.25723, 31.88965], [-102.25705, 31.88972], [-102.25701, 31.88974], [-102.255, 31.89062], [-102.25366, 31.89121], [-102.25311, 31.89145], [-102.2512, 31.89237], [-102.24915, 31.89351], [-102.24737, 31.89458], [-102.24583, 31.89555], [-102.24419, 31.8965], [-102.24341, 31.89693], [-102.24119, 31.89808], [-102.2393, 31.89906], [-102.23701, 31.90024], [-102.23504, 31.90125], [-102.23324, 31.90219], [-102.2311, 31.90329], [-102.23099, 31.90336], [-102.22906, 31.90436], [-102.22577, 31.90605], [-102.22563, 31.90612], [-102.21995, 31.90907], [-102.21925, 31.90941], [-102.21853, 31.90979], [-102.21776, 31.91018], [-102.21729, 31.91043], [-102.21544, 31.91139], [-102.2125, 31.91292], [-102.21204, 31.91313], [-102.20605, 31.91625], [-102.20008, 31.91933], [-102.19674, 31.92106], [-102.17995, 31.92974], [-102.17969, 31.92987], [-102.17634, 31.93159], [-102.17514, 31.93221], [-102.17366, 31.93296], [-102.17043, 31.93463], [-102.16921, 31.93526], [-102.1678, 31.936], [-102.16617, 31.93684], [-102.16466, 31.93762], [-102.16379, 31.93806], [-102.16264, 31.93866], [-102.16136, 31.93932], [-102.1607, 31.93966], [-102.16, 31.94002], [-102.15926, 31.94041], [-102.15829, 31.94091], [-102.15715, 31.94149], [-102.15602, 31.94207], [-102.15508, 31.94255], [-102.15434, 31.94293], [-102.15227, 31.94404], [-102.15042, 31.94499], [-102.1497, 31.94537], [-102.14939, 31.94554], [-102.14866, 31.94591], [-102.14844, 31.94603], [-102.14805, 31.94623], [-102.1473, 31.94662], [-102.14715, 31.94669], [-102.14699, 31.94677], [-102.14619, 31.94719], [-102.14578, 31.9474], [-102.145, 31.94781], [-102.14346, 31.94861], [-102.14327, 31.9487], [-102.14326, 31.94871], [-102.1425, 31.94909], [-102.14142, 31.94965], [-102.13996, 31.9504], [-102.13953, 31.95063], [-102.13853, 31.95115], [-102.13813, 31.95135], [-102.13779, 31.95152], [-102.1357, 31.95259], [-102.13405, 31.95346], [-102.13183, 31.95461], [-102.13166, 31.9547], [-102.12961, 31.95575], [-102.12784, 31.95667], [-102.12633, 31.95745], [-102.12431, 31.95849], [-102.12298, 31.95917], [-102.12073, 31.9603], [-102.12019, 31.96057], [-102.11964, 31.96082], [-102.11899, 31.96111], [-102.11852, 31.9613], [-102.11843, 31.96134], [-102.11796, 31.96154], [-102.11787, 31.96157], [-102.11738, 31.96176], [-102.11681, 31.96197], [-102.11672, 31.962], [-102.11565, 31.96237], [-102.11507, 31.96255], [-102.11467, 31.96267], [-102.11408, 31.96284], [-102.11388, 31.9629], [-102.11349, 31.96301], [-102.11329, 31.96306], [-102.11269, 31.96321], [-102.11047, 31.96374], [-102.1104, 31.96375], [-102.10936, 31.96399], [-102.10713, 31.96451], [-102.10397, 31.96525], [-102.10387, 31.96527], [-102.1038, 31.96529], [-102.09986, 31.96621], [-102.09685, 31.96692], [-102.09082, 31.96833], [-102.08668, 31.9693], [-102.08649, 31.96934], [-102.08243, 31.97029], [-102.07853, 31.9712], [-102.07841, 31.97123], [-102.07835, 31.97124], [-102.07394, 31.97227], [-102.07081, 31.973], [-102.06847, 31.97355], [-102.06477, 31.97442], [-102.06407, 31.97458], [-102.0637, 31.97466], [-102.05746, 31.97611], [-102.0554, 31.97658], [-102.05415, 31.97688], [-102.05338, 31.97708], [-102.05235, 31.97738], [-102.04562, 31.9795], [-102.04295, 31.98034], [-102.04265, 31.98044], [-102.04237, 31.98055], [-102.04209, 31.98066], [-102.04181, 31.98077], [-102.04134, 31.98097], [-102.04081, 31.98121], [-102.04054, 31.98135], [-102.04027, 31.98148], [-102.03986, 31.98171], [-102.03954, 31.98189], [-102.03923, 31.98208], [-102.03892, 31.98227], [-102.03863, 31.98246], [-102.03832, 31.98266], [-102.03803, 31.98286], [-102.03774, 31.98307], [-102.03718, 31.98349], [-102.0369, 31.98371], [-102.03654, 31.98401], [-102.03636, 31.98416], [-102.03606, 31.98443], [-102.03596, 31.98451], [-102.03578, 31.98468], [-102.03511, 31.98526], [-102.0329, 31.98719], [-102.03279, 31.9873], [-102.03193, 31.98806], [-102.03099, 31.98888], [-102.02958, 31.99012], [-102.02822, 31.99131], [-102.02655, 31.99279], [-102.02551, 31.99371], [-102.02492, 31.99422], [-102.0235, 31.99546], [-102.0219, 31.99688], [-102.02088, 31.99778], [-102.01994, 31.99859], [-102.0191, 31.99935], [-102.0188, 31.9996], [-102.01876, 31.99964], [-102.01859, 31.99977], [-102.01821, 32.00011], [-102.01758, 32.00067], [-102.01679, 32.00133], [-102.01562, 32.00237], [-102.01425, 32.00357], [-102.01326, 32.00444], [-102.01307, 32.0046], [-102.01197, 32.00558], [-102.01082, 32.0066], [-102.01, 32.00731], [-102.00862, 32.00854], [-102.00732, 32.00967], [-102.00584, 32.01096], [-102.0043, 32.01234], [-102.00424, 32.0124], [-102.00364, 32.0129], [-102.00281, 32.01362], [-102.00177, 32.01454], [-102.00068, 32.01551], [-101.99962, 32.01643], [-101.99916, 32.01683], [-101.99892, 32.01704], [-101.99887, 32.01709], [-101.99735, 32.01843], [-101.99706, 32.0187], [-101.99615, 32.01955], [-101.99491, 32.02095], [-101.99399, 32.02223], [-101.99307, 32.02365], [-101.99189, 32.02548], [-101.99061, 32.02746], [-101.98967, 32.02891], [-101.98837, 32.03092], [-101.98797, 32.03153], [-101.98785, 32.03172], [-101.98681, 32.03334], [-101.98668, 32.03354], [-101.98502, 32.03611], [-101.98421, 32.03735], [-101.98347, 32.03849], [-101.9821, 32.04064], [-101.98208, 32.04068], [-101.98186, 32.04101], [-101.98154, 32.0415], [-101.98065, 32.04286], [-101.98002, 32.04384], [-101.97979, 32.04418], [-101.97949, 32.04464], [-101.97927, 32.04498], [-101.97911, 32.04523], [-101.97846, 32.04619], [-101.97789, 32.04693], [-101.97713, 32.04762], [-101.97643, 32.04811], [-101.97545, 32.0486], [-101.97539, 32.04861], [-101.97531, 32.04865], [-101.97233, 32.04983], [-101.96699, 32.05187], [-101.96551, 32.05244], [-101.96355, 32.05319], [-101.96192, 32.05386], [-101.95989, 32.0547], [-101.95754, 32.05589], [-101.95441, 32.05751], [-101.95185, 32.05882], [-101.95015, 32.05969], [-101.94749, 32.06106], [-101.94485, 32.06243], [-101.94324, 32.06325], [-101.93935, 32.06524], [-101.93644, 32.06674], [-101.9324, 32.06882], [-101.92988, 32.07012], [-101.92715, 32.07152], [-101.92701, 32.07159], [-101.9234, 32.07345], [-101.92006, 32.07516], [-101.91755, 32.07644], [-101.91434, 32.07809], [-101.91116, 32.07973], [-101.90368, 32.08358], [-101.90096, 32.08496], [-101.89839, 32.08628], [-101.89717, 32.08691]]}}, {"type": "Feature", "properties": {"name": "I- 20"}, "geometry": {"type": "LineString", "coordinates": [[-100.66179, 32.41065], [-100.66094, 32.41082], [-100.66017, 32.41099], [-100.66004, 32.41103], [-100.65688, 32.41179], [-100.65551, 32.41212], [-100.65535, 32.41215], [-100.65486, 32.41226], [-100.65373, 32.41248], [-100.65366, 32.41249], [-100.65349, 32.41253], [-100.65334, 32.41256], [-100.65295, 32.41264], [-100.65278, 32.41266], [-100.65254, 32.41271], [-100.6524, 32.41273], [-100.65222, 32.41276], [-100.652, 32.4128], [-100.65187, 32.41283], [-100.64943, 32.41328], [-100.64691, 32.41375], [-100.64471, 32.41415], [-100.64213, 32.41463], [-100.63969, 32.41509], [-100.63885, 32.41525], [-100.63881, 32.41526], [-100.63749, 32.41549], [-100.63614, 32.41574], [-100.63609, 32.41575], [-100.63551, 32.41585], [-100.63525, 32.4159], [-100.63434, 32.41607], [-100.63341, 32.41626], [-100.63172, 32.41655], [-100.63162, 32.41657], [-100.63071, 32.41674], [-100.62791, 32.41729], [-100.62535, 32.41776], [-100.62521, 32.41778], [-100.62239, 32.41832], [-100.61401, 32.41988], [-100.61056, 32.42053], [-100.60869, 32.42088], [-100.60778, 32.42105], [-100.60635, 32.42132], [-100.60318, 32.4219], [-100.60295, 32.42195], [-100.60227, 32.42207], [-100.60204, 32.42211], [-100.60193, 32.42213], [-100.60161, 32.42219], [-100.6015, 32.42221], [-100.59934, 32.42262], [-100.59841, 32.4228], [-100.59788, 32.4229], [-100.5934, 32.42374], [-100.59124, 32.42414], [-100.58949, 32.42448], [-100.58912, 32.42455], [-100.58602, 32.42513], [-100.58582, 32.42516], [-100.58525, 32.42527], [-100.58505, 32.42531], [-100.58488, 32.42534], [-100.58463, 32.42539], [-100.58438, 32.42544], [-100.58422, 32.42547], [-100.583, 32.4257], [-100.58127, 32.42603], [-100.57941, 32.42639], [-100.57597, 32.42707], [-100.57467, 32.4273], [-100.57249, 32.42772], [-100.57083, 32.42803], [-100.56816, 32.42857], [-100.56687, 32.4288], [-100.56506, 32.42909], [-100.56498, 32.4291], [-100.56391, 32.42925], [-100.56129, 32.42964], [-100.56014, 32.42983], [-100.55954, 32.42992], [-100.55917, 32.43], [-100.55862, 32.43012], [-100.55629, 32.43057], [-100.55533, 32.43076], [-100.55457, 32.43091], [-100.5523, 32.43135], [-100.55154, 32.43149], [-100.55078, 32.43164], [-100.54889, 32.43195], [-100.54643, 32.43236], [-100.5434, 32.43285], [-100.54201, 32.43308], [-100.54094, 32.43331], [-100.53857, 32.43379], [-100.5383, 32.43385], [-100.53827, 32.43385], [-100.5382, 32.43387], [-100.53817, 32.43387], [-100.53803, 32.4339], [-100.5376, 32.43398], [-100.53746, 32.43401], [-100.53691, 32.43411], [-100.53626, 32.43423], [-100.53536, 32.43442], [-100.53529, 32.43443], [-100.53475, 32.43454], [-100.53463, 32.43456], [-100.53425, 32.43464], [-100.53412, 32.43466], [-100.53344, 32.4348], [-100.53226, 32.43504], [-100.5314, 32.4352], [-100.53072, 32.43533], [-100.53064, 32.43534], [-100.53041, 32.43539], [-100.53033, 32.4354], [-100.5301, 32.43545], [-100.52669, 32.43613], [-100.52448, 32.43657], [-100.52239, 32.43698], [-100.52016, 32.43743], [-100.51886, 32.43769], [-100.51818, 32.4378], [-100.51799, 32.43784], [-100.51727, 32.438], [-100.51628, 32.43819], [-100.51576, 32.43835], [-100.5153, 32.43853], [-100.51497, 32.4387], [-100.51455, 32.43894], [-100.51422, 32.43915], [-100.51388, 32.43942], [-100.5135, 32.43977], [-100.51315, 32.44009], [-100.51274, 32.44046], [-100.51191, 32.44126], [-100.51144, 32.44171], [-100.51035, 32.44274], [-100.5094, 32.44362], [-100.50897, 32.44402], [-100.50859, 32.44443], [-100.50829, 32.44468], [-100.50792, 32.44501], [-100.50761, 32.44528], [-100.50738, 32.44544], [-100.50725, 32.44555], [-100.50706, 32.44566], [-100.50687, 32.44577], [-100.50655, 32.44595], [-100.50634, 32.44605], [-100.50592, 32.44624], [-100.5055, 32.44638], [-100.50505, 32.44651], [-100.50462, 32.4466], [-100.50397, 32.44673], [-100.50318, 32.44691], [-100.50315, 32.44691], [-100.50305, 32.44693], [-100.50302, 32.44694], [-100.50274, 32.44699], [-100.50187, 32.44714], [-100.50159, 32.44719], [-100.50154, 32.4472], [-100.50141, 32.44722], [-100.50137, 32.44723], [-100.49975, 32.44751], [-100.49938, 32.44758], [-100.49892, 32.44766], [-100.49765, 32.4479], [-100.49636, 32.44814], [-100.495, 32.44839], [-100.49486, 32.44842], [-100.49403, 32.44858], [-100.49357, 32.44867], [-100.493, 32.44879], [-100.49229, 32.4489], [-100.49052, 32.44922], [-100.48835, 32.44962], [-100.48622, 32.45], [-100.4861, 32.45003], [-100.48376, 32.45046], [-100.48224, 32.45073], [-100.48209, 32.45076], [-100.48134, 32.4509], [-100.47899, 32.45135], [-100.47746, 32.45163], [-100.47633, 32.45182], [-100.47399, 32.45225], [-100.47397, 32.45225], [-100.47318, 32.4524], [-100.47249, 32.45252], [-100.47156, 32.4527], [-100.47087, 32.45283], [-100.47009, 32.45297], [-100.46988, 32.45301], [-100.46909, 32.45316], [-100.46777, 32.45339], [-100.46773, 32.45339], [-100.46698, 32.45353], [-100.46695, 32.45354], [-100.46693, 32.45354], [-100.46687, 32.45356], [-100.46685, 32.45356], [-100.4665, 32.45361], [-100.46599, 32.45367], [-100.46563, 32.4537], [-100.46545, 32.4537], [-100.46525, 32.45371], [-100.46509, 32.45371], [-100.46487, 32.45371], [-100.46471, 32.4537], [-100.46424, 32.45367], [-100.46419, 32.45366], [-100.46397, 32.45363], [-100.46373, 32.45361], [-100.46367, 32.45361], [-100.46314, 32.45354], [-100.46301, 32.45352], [-100.46277, 32.45347], [-100.46252, 32.45343], [-100.46228, 32.45337], [-100.46081, 32.45307], [-100.46032, 32.45297], [-100.45853, 32.45261], [-100.45316, 32.45154], [-100.45137, 32.45118], [-100.45043, 32.45099], [-100.44883, 32.45067], [-100.44764, 32.45043], [-100.44738, 32.45038], [-100.44672, 32.45023], [-100.44614, 32.45013], [-100.44581, 32.4501], [-100.44534, 32.45005], [-100.44308, 32.44988], [-100.44256, 32.44984], [-100.44217, 32.44982], [-100.44177, 32.44978], [-100.4414, 32.44976], [-100.43907, 32.44959], [-100.4383, 32.44954], [-100.4365, 32.4494], [-100.43618, 32.44938], [-100.43401, 32.44922], [-100.43111, 32.449], [-100.42931, 32.44887], [-100.42912, 32.44886], [-100.42854, 32.44882], [-100.42835, 32.4488], [-100.42677, 32.44869], [-100.42438, 32.44852], [-100.42368, 32.44847], [-100.42202, 32.44835], [-100.42048, 32.44823], [-100.42044, 32.44823], [-100.42, 32.44821], [-100.41956, 32.44816], [-100.41952, 32.44816], [-100.41895, 32.44813], [-100.41694, 32.44795], [-100.41689, 32.44795], [-100.41601, 32.4479], [-100.4159, 32.4479], [-100.41559, 32.44788], [-100.41557, 32.44788], [-100.41546, 32.44787], [-100.41535, 32.44786], [-100.41501, 32.44783], [-100.41495, 32.44783], [-100.4149, 32.44783], [-100.4146, 32.44781], [-100.41426, 32.44778], [-100.4139, 32.44776], [-100.41371, 32.44774], [-100.4136, 32.44774], [-100.41342, 32.44773], [-100.41219, 32.44771], [-100.41178, 32.44771], [-100.41137, 32.44776], [-100.41098, 32.4478], [-100.41085, 32.44781], [-100.41057, 32.44787], [-100.41011, 32.44795], [-100.40977, 32.44801], [-100.40928, 32.44809], [-100.40867, 32.44821], [-100.4038, 32.44917], [-100.40175, 32.44958], [-100.40141, 32.44965], [-100.40083, 32.44976], [-100.39907, 32.45009], [-100.39848, 32.4502], [-100.39789, 32.45031], [-100.39612, 32.45065], [-100.39553, 32.45077], [-100.39547, 32.45078], [-100.39529, 32.45081], [-100.39523, 32.45083], [-100.39496, 32.45088], [-100.39418, 32.45108], [-100.39395, 32.45117], [-100.39381, 32.45123], [-100.39343, 32.45137], [-100.39307, 32.45153], [-100.39271, 32.45171], [-100.39241, 32.45191], [-100.39207, 32.45215], [-100.39178, 32.45237], [-100.39148, 32.45263], [-100.39126, 32.45287], [-100.39096, 32.45319], [-100.39077, 32.45342], [-100.39074, 32.45346], [-100.38995, 32.45454], [-100.38988, 32.45464], [-100.38971, 32.45488], [-100.38966, 32.45493], [-100.38959, 32.45503], [-100.38952, 32.45512], [-100.38932, 32.45539], [-100.38926, 32.45548], [-100.3889, 32.45598], [-100.38823, 32.45689], [-100.38781, 32.45746], [-100.38744, 32.45795], [-100.38736, 32.45806], [-100.38694, 32.45873], [-100.38692, 32.45876], [-100.38677, 32.45897], [-100.38658, 32.45922], [-100.38485, 32.4616], [-100.38444, 32.46213], [-100.38386, 32.46294], [-100.38322, 32.46383], [-100.38296, 32.46418], [-100.38285, 32.46433], [-100.38253, 32.46476], [-100.38246, 32.46485], [-100.38243, 32.46491], [-100.38166, 32.46591], [-100.38128, 32.46638], [-100.38073, 32.46698], [-100.38027, 32.46745], [-100.38001, 32.46774], [-100.3799, 32.46784], [-100.37956, 32.46818], [-100.3724, 32.47509], [-100.37016, 32.47725], [-100.37014, 32.47726], [-100.36875, 32.47861], [-100.36703, 32.48028], [-100.36701, 32.48029], [-100.36697, 32.48034], [-100.36695, 32.48035], [-100.36666, 32.48064], [-100.36658, 32.48072], [-100.36586, 32.48139], [-100.36577, 32.48147], [-100.36545, 32.48172], [-100.36536, 32.4818], [-100.36529, 32.48184], [-100.36485, 32.48214], [-100.36477, 32.48219], [-100.36459, 32.48229], [-100.36441, 32.4824], [-100.36425, 32.4825], [-100.36416, 32.48255], [-100.36386, 32.4827], [-100.3637, 32.48278], [-100.36367, 32.4828], [-100.36313, 32.48303], [-100.36289, 32.48313], [-100.36253, 32.48327], [-100.36197, 32.48344], [-100.36145, 32.48358], [-100.36094, 32.48369], [-100.36042, 32.48378], [-100.35958, 32.48394], [-100.35938, 32.48398], [-100.35902, 32.48404], [-100.35881, 32.48407], [-100.35879, 32.48408], [-100.35733, 32.48436], [-100.35677, 32.48447], [-100.35657, 32.48451], [-100.35596, 32.48463], [-100.35578, 32.48466], [-100.35576, 32.48467], [-100.35495, 32.48482], [-100.35426, 32.48495], [-100.35253, 32.4853], [-100.3523, 32.48534], [-100.35172, 32.48547], [-100.3516, 32.48549], [-100.3513, 32.48554], [-100.35093, 32.48559], [-100.35058, 32.48565], [-100.35007, 32.48576], [-100.34937, 32.48588], [-100.34929, 32.4859], [-100.34854, 32.48605], [-100.34568, 32.4866], [-100.34519, 32.48669], [-100.34403, 32.48692], [-100.34363, 32.48701], [-100.34235, 32.48725], [-100.34154, 32.48739], [-100.34055, 32.48759], [-100.34001, 32.4877], [-100.33946, 32.4878], [-100.33899, 32.48789], [-100.3378, 32.48813], [-100.33724, 32.48825], [-100.33665, 32.48836], [-100.33549, 32.48859], [-100.33486, 32.48871], [-100.33427, 32.48882], [-100.33418, 32.48883], [-100.33392, 32.48888], [-100.33383, 32.4889], [-100.32909, 32.48982], [-100.32456, 32.49069], [-100.3245, 32.4907], [-100.32445, 32.49071], [-100.31673, 32.49221], [-100.31576, 32.49239], [-100.31486, 32.49256], [-100.31012, 32.49347], [-100.31004, 32.49348], [-100.30981, 32.49353], [-100.30973, 32.49355], [-100.30917, 32.49366], [-100.30846, 32.49378], [-100.30841, 32.49379], [-100.3075, 32.49396], [-100.30715, 32.49402], [-100.30676, 32.49407], [-100.30594, 32.49413], [-100.30532, 32.49416], [-100.30461, 32.49418], [-100.30332, 32.49422], [-100.30308, 32.49423], [-100.30235, 32.49425], [-100.30211, 32.49426], [-100.30186, 32.49427], [-100.30111, 32.49429], [-100.30086, 32.4943], [-100.29991, 32.49433], [-100.2993, 32.49435], [-100.29707, 32.49443], [-100.29612, 32.49446], [-100.29598, 32.49447], [-100.29557, 32.49448], [-100.29543, 32.49449], [-100.29485, 32.4945], [-100.29398, 32.49453], [-100.29312, 32.49457], [-100.29255, 32.49459], [-100.29203, 32.49462], [-100.29106, 32.49464], [-100.29024, 32.49471], [-100.28834, 32.49486], [-100.2864, 32.49502], [-100.2842, 32.4952], [-100.28334, 32.49527], [-100.28269, 32.49533], [-100.28209, 32.49538], [-100.28104, 32.49547], [-100.27905, 32.49564], [-100.27716, 32.49579], [-100.27393, 32.49606], [-100.27361, 32.49609], [-100.27175, 32.49625], [-100.26998, 32.49639], [-100.26961, 32.49643], [-100.26906, 32.49646], [-100.26844, 32.49646], [-100.26789, 32.49643], [-100.26731, 32.49636], [-100.26664, 32.49625], [-100.26619, 32.49615], [-100.26136, 32.49478], [-100.25665, 32.49344], [-100.25524, 32.49303], [-100.25447, 32.49281], [-100.25401, 32.49267], [-100.25335, 32.4925], [-100.25323, 32.49246], [-100.25307, 32.49242], [-100.25299, 32.4924], [-100.25269, 32.49231], [-100.25249, 32.49226], [-100.25245, 32.49225], [-100.25203, 32.49213], [-100.25164, 32.49205], [-100.25162, 32.49205], [-100.25128, 32.49198], [-100.25049, 32.49184], [-100.25042, 32.49183], [-100.24755, 32.49134], [-100.24607, 32.49107], [-100.24571, 32.491], [-100.24461, 32.4908], [-100.24436, 32.49076], [-100.24424, 32.49074], [-100.24416, 32.49072], [-100.24391, 32.49068], [-100.24383, 32.49066], [-100.24255, 32.49043], [-100.24066, 32.49008], [-100.24027, 32.49003], [-100.24001, 32.49], [-100.23961, 32.48999], [-100.23887, 32.48996], [-100.23867, 32.48996], [-100.23866, 32.48996], [-100.23735, 32.48992], [-100.23623, 32.48991], [-100.23539, 32.48988], [-100.2349, 32.48987], [-100.23418, 32.48986], [-100.23385, 32.48986], [-100.23355, 32.48987], [-100.23327, 32.48987], [-100.23258, 32.48987], [-100.23249, 32.48988], [-100.23227, 32.4899], [-100.23163, 32.48996], [-100.23107, 32.49], [-100.23083, 32.49003], [-100.23049, 32.49006], [-100.22922, 32.49016], [-100.22857, 32.49021], [-100.22641, 32.49037], [-100.22479, 32.49049], [-100.22378, 32.49049], [-100.2233, 32.49046], [-100.22284, 32.49039], [-100.22218, 32.49027], [-100.2213, 32.49006], [-100.22067, 32.4899], [-100.22028, 32.4898], [-100.22009, 32.48975], [-100.21732, 32.48907], [-100.21622, 32.48879], [-100.2154, 32.48859], [-100.21341, 32.48811], [-100.21317, 32.48805], [-100.21246, 32.48788], [-100.21222, 32.48782], [-100.21155, 32.48766], [-100.20996, 32.48725], [-100.20717, 32.48655], [-100.20677, 32.48645], [-100.20258, 32.48539], [-100.20212, 32.48529], [-100.20164, 32.48522], [-100.2011, 32.48517], [-100.20065, 32.48515], [-100.20018, 32.48514], [-100.19968, 32.48515], [-100.19921, 32.48518], [-100.19873, 32.48524], [-100.19827, 32.4853], [-100.19023, 32.48686], [-100.18682, 32.48752], [-100.18617, 32.48761], [-100.18472, 32.48789], [-100.18461, 32.48791], [-100.18431, 32.48797], [-100.18421, 32.48799], [-100.18374, 32.48808], [-100.18232, 32.48835], [-100.18185, 32.48844], [-100.18163, 32.48848], [-100.18096, 32.48861], [-100.18073, 32.48865], [-100.18055, 32.48868], [-100.18001, 32.48878], [-100.17983, 32.48881], [-100.17941, 32.48889], [-100.17903, 32.48896], [-100.17815, 32.48913], [-100.17773, 32.48921], [-100.17767, 32.48922], [-100.17749, 32.48926], [-100.17742, 32.48927], [-100.1755, 32.48964], [-100.1739, 32.48994], [-100.17014, 32.49066], [-100.16971, 32.49074], [-100.16778, 32.49108], [-100.1677, 32.4911], [-100.16747, 32.49114], [-100.16739, 32.49115], [-100.16693, 32.49122], [-100.16556, 32.49146], [-100.16548, 32.49148], [-100.1651, 32.49155], [-100.16486, 32.4916], [-100.16414, 32.49174], [-100.16394, 32.49178], [-100.16391, 32.4918], [-100.16369, 32.49184], [-100.16305, 32.49195], [-100.16284, 32.49198], [-100.16246, 32.49204], [-100.16142, 32.49222], [-100.16133, 32.49223], [-100.16095, 32.49231], [-100.16079, 32.49234], [-100.16029, 32.49243], [-100.16012, 32.49245], [-100.15786, 32.49284], [-100.15238, 32.49377], [-100.15115, 32.49397], [-100.15105, 32.49398], [-100.14953, 32.49424], [-100.14878, 32.49436], [-100.14841, 32.49441], [-100.1474, 32.49456], [-100.14731, 32.49458], [-100.14694, 32.49464]]}}, {"type": "Feature", "properties": {"name": "I- 20"}, "geometry": {"type": "LineString", "coordinates": [[-101.69398, 32.1643], [-101.69484, 32.16399], [-101.69513, 32.16389], [-101.69859, 32.16263], [-101.69959, 32.16227], [-101.69974, 32.16221], [-101.70198, 32.16138], [-101.70427, 32.16054], [-101.70633, 32.1598], [-101.70887, 32.15888], [-101.71055, 32.15826], [-101.71116, 32.15804], [-101.71561, 32.15642], [-101.7159, 32.15631], [-101.71825, 32.15545], [-101.72056, 32.15461], [-101.72502, 32.15299], [-101.72517, 32.15294], [-101.7274, 32.15211], [-101.7297, 32.15127], [-101.73199, 32.15045], [-101.73658, 32.14877], [-101.74102, 32.14716], [-101.743, 32.14643], [-101.74346, 32.14627], [-101.7458, 32.14541], [-101.75034, 32.14375], [-101.75113, 32.14344], [-101.75381, 32.14246], [-101.7539, 32.14243], [-101.75514, 32.14198], [-101.75661, 32.14145], [-101.75815, 32.14088], [-101.75913, 32.14053], [-101.7594, 32.14043], [-101.76049, 32.14014], [-101.76107, 32.14004], [-101.76162, 32.13996], [-101.76237, 32.13992], [-101.76284, 32.13992], [-101.76334, 32.13992], [-101.76343, 32.13992], [-101.76426, 32.13997], [-101.76469, 32.13999], [-101.76677, 32.14012], [-101.7676, 32.14017], [-101.76959, 32.14027], [-101.7719, 32.1404], [-101.77364, 32.14049], [-101.77789, 32.14073], [-101.78031, 32.14088], [-101.78201, 32.14097], [-101.78407, 32.14107], [-101.7848, 32.14111], [-101.78615, 32.14119], [-101.78801, 32.1413], [-101.78903, 32.14135], [-101.7891, 32.14135], [-101.78953, 32.14135], [-101.79044, 32.14134], [-101.79081, 32.14132], [-101.79116, 32.1413], [-101.79124, 32.1413], [-101.79223, 32.14122], [-101.79251, 32.14118], [-101.79297, 32.14111], [-101.7937, 32.14099], [-101.79424, 32.14088], [-101.7954, 32.14063], [-101.79625, 32.14043], [-101.7975, 32.14016], [-101.79815, 32.14001], [-101.80009, 32.13957], [-101.80075, 32.13942], [-101.80177, 32.13919], [-101.80486, 32.13851], [-101.80589, 32.13828], [-101.80641, 32.13816], [-101.80665, 32.1381], [-101.8068, 32.13806], [-101.80738, 32.13789], [-101.80787, 32.13771], [-101.8084, 32.13748], [-101.80876, 32.13731], [-101.80883, 32.13727], [-101.80951, 32.13688], [-101.80984, 32.13665], [-101.81, 32.13653], [-101.81037, 32.13625], [-101.81075, 32.13594], [-101.81106, 32.13566], [-101.81111, 32.13562], [-101.81146, 32.13528], [-101.81178, 32.13492], [-101.81498, 32.13124], [-101.81628, 32.12976], [-101.81634, 32.12969], [-101.81973, 32.12572], [-101.82152, 32.12366], [-101.82362, 32.12125], [-101.82492, 32.11987], [-101.82621, 32.11866], [-101.82756, 32.11746], [-101.82846, 32.11666], [-101.8289, 32.11626], [-101.82907, 32.11611], [-101.82968, 32.11555], [-101.82994, 32.11531], [-101.83091, 32.11456], [-101.83137, 32.11426], [-101.83173, 32.11404], [-101.83223, 32.11376], [-101.83226, 32.11374], [-101.83291, 32.11339], [-101.8332, 32.11326], [-101.83337, 32.11319], [-101.83361, 32.1131], [-101.83363, 32.11309], [-101.83518, 32.11252], [-101.83608, 32.11219], [-101.83708, 32.11182], [-101.83719, 32.11178], [-101.8392, 32.11105], [-101.84009, 32.11072], [-101.84109, 32.11035], [-101.84122, 32.1103], [-101.84278, 32.10973], [-101.84322, 32.10957], [-101.84522, 32.10884], [-101.84722, 32.10811], [-101.84787, 32.10787], [-101.84956, 32.10726], [-101.85119, 32.10667], [-101.85191, 32.10641], [-101.85715, 32.10449], [-101.85893, 32.10384], [-101.8611, 32.10305], [-101.86128, 32.10298], [-101.8621, 32.10268], [-101.86307, 32.10233], [-101.86459, 32.10177], [-101.86541, 32.10147], [-101.867, 32.10087], [-101.86964, 32.09992], [-101.86985, 32.09985], [-101.87086, 32.09949], [-101.87384, 32.09839], [-101.87533, 32.09785], [-101.87721, 32.09707], [-101.87819, 32.09664], [-101.87992, 32.09577], [-101.88208, 32.09466], [-101.88609, 32.0926], [-101.88647, 32.0924], [-101.88763, 32.09181], [-101.88801, 32.09161], [-101.88984, 32.09067], [-101.89473, 32.08816], [-101.89534, 32.08785], [-101.89705, 32.08697], [-101.89717, 32.08691]]}}, {"type": "Feature", "properties": {"name": "I- 20"}, "geometry": {"type": "LineString", "coordinates": [[-100.14694, 32.49464], [-100.14432, 32.49506], [-100.1438, 32.49514], [-100.14313, 32.49522], [-100.14306, 32.49523], [-100.14263, 32.49528], [-100.14242, 32.4953], [-100.14173, 32.49535], [-100.14158, 32.49537], [-100.14101, 32.49542], [-100.14081, 32.49543], [-100.14004, 32.49548], [-100.13907, 32.49552], [-100.13753, 32.49559], [-100.13697, 32.4956], [-100.13447, 32.49569], [-100.132, 32.49578], [-100.12985, 32.49588], [-100.12974, 32.49589], [-100.128, 32.49595], [-100.1274, 32.49597], [-100.12674, 32.49598], [-100.12624, 32.49594], [-100.12537, 32.49587], [-100.12491, 32.49579], [-100.12421, 32.49563], [-100.12363, 32.49548], [-100.123, 32.49526], [-100.12247, 32.49504], [-100.12185, 32.49474], [-100.12117, 32.49434], [-100.12052, 32.49388], [-100.12014, 32.49362], [-100.11987, 32.49342], [-100.11904, 32.49283], [-100.11763, 32.49184], [-100.11702, 32.4914], [-100.11493, 32.48992], [-100.11412, 32.48933], [-100.11386, 32.48914], [-100.11334, 32.48881], [-100.11299, 32.48857], [-100.11237, 32.48825], [-100.11114, 32.48764], [-100.11072, 32.48742], [-100.11065, 32.48739], [-100.11002, 32.48707], [-100.10993, 32.48703], [-100.10925, 32.48669], [-100.1087, 32.48645], [-100.10795, 32.48619], [-100.10759, 32.48607], [-100.10704, 32.48589], [-100.10684, 32.48583], [-100.10542, 32.48557], [-100.10264, 32.48509], [-100.09725, 32.4842], [-100.09631, 32.48404], [-100.09141, 32.48322], [-100.08757, 32.48257], [-100.08604, 32.4823], [-100.07914, 32.48115], [-100.07875, 32.48109], [-100.07295, 32.48009], [-100.07282, 32.48007], [-100.07168, 32.4799], [-100.06628, 32.47895], [-100.06482, 32.4787], [-100.06364, 32.4785], [-100.05881, 32.4777], [-100.0579, 32.47755], [-100.05019, 32.47625], [-100.04141, 32.47477], [-100.0405, 32.47463], [-100.03709, 32.47418], [-100.03679, 32.47414], [-100.0358, 32.474], [-100.0357, 32.47399], [-100.03495, 32.47396], [-100.03461, 32.47396], [-100.03404, 32.47397], [-100.03382, 32.47399], [-100.03148, 32.47425], [-100.03018, 32.47442], [-100.02953, 32.47451], [-100.02908, 32.4746], [-100.02846, 32.47478], [-100.0267, 32.47541], [-100.02309, 32.47669], [-100.02272, 32.47683], [-100.02208, 32.47707], [-100.02113, 32.47735], [-100.02, 32.47758], [-100.01878, 32.47773], [-100.0174, 32.47786], [-100.01615, 32.47799], [-100.01601, 32.478], [-100.01491, 32.47802], [-100.01336, 32.47798], [-100.0114, 32.47769], [-100.01095, 32.47763], [-100.00981, 32.47746], [-100.00751, 32.47717], [-100.00668, 32.47706], [-100.00414, 32.47677], [-100.00342, 32.47668], [-100.00285, 32.47657], [-100.00231, 32.47645], [-100.00156, 32.47623], [-100.00069, 32.47589], [-100.00032, 32.47571], [-99.99995, 32.47554], [-99.99949, 32.47526], [-99.99802, 32.47435], [-99.99486, 32.47236], [-99.99232, 32.47076], [-99.99124, 32.47006], [-99.99084, 32.46983], [-99.98979, 32.46925], [-99.98907, 32.46888], [-99.98693, 32.46814], [-99.98666, 32.46804], [-99.98575, 32.46775], [-99.98551, 32.46767], [-99.98543, 32.46764], [-99.98447, 32.46734], [-99.98344, 32.46712], [-99.98207, 32.46693], [-99.98196, 32.46691], [-99.9806, 32.46671], [-99.98016, 32.46666], [-99.97667, 32.46618], [-99.97144, 32.46548], [-99.96061, 32.46399], [-99.95819, 32.46367], [-99.95762, 32.4636], [-99.95443, 32.46317], [-99.95328, 32.46301], [-99.95025, 32.46258], [-99.94945, 32.46247], [-99.94438, 32.4618], [-99.93862, 32.46101], [-99.93429, 32.46042], [-99.93029, 32.45985], [-99.92748, 32.45947], [-99.92665, 32.45938], [-99.92632, 32.45935], [-99.92573, 32.45931], [-99.9242, 32.45924], [-99.92387, 32.45923], [-99.92128, 32.45916], [-99.92039, 32.45914], [-99.91481, 32.45902], [-99.9123, 32.45897], [-99.90999, 32.45892], [-99.90402, 32.45879], [-99.89415, 32.45856], [-99.88821, 32.45842], [-99.88609, 32.45838], [-99.88548, 32.45841], [-99.88284, 32.45871], [-99.8817, 32.45883], [-99.88149, 32.45885], [-99.88092, 32.45891], [-99.88045, 32.45896], [-99.88007, 32.45901], [-99.87908, 32.45918], [-99.87837, 32.45925], [-99.87727, 32.45937], [-99.87299, 32.45983], [-99.87232, 32.45991], [-99.87021, 32.46011], [-99.86927, 32.46009], [-99.86823, 32.46008], [-99.86512, 32.45999], [-99.86343, 32.45996], [-99.8623, 32.45993], [-99.86114, 32.45991], [-99.85954, 32.45987], [-99.85717, 32.45982], [-99.85685, 32.45981], [-99.85564, 32.4598], [-99.85497, 32.45978], [-99.85485, 32.45977], [-99.85461, 32.45977], [-99.85223, 32.4597], [-99.85088, 32.45968], [-99.84958, 32.45965], [-99.84927, 32.45964], [-99.8485, 32.45962], [-99.84753, 32.45961], [-99.84743, 32.45962], [-99.84735, 32.45962], [-99.84717, 32.4596], [-99.84707, 32.45959], [-99.84695, 32.45959], [-99.8469, 32.45959], [-99.84671, 32.45961], [-99.84654, 32.45962], [-99.84604, 32.45966], [-99.84587, 32.45967], [-99.84554, 32.45972], [-99.84468, 32.45987], [-99.84461, 32.45989], [-99.84389, 32.46006], [-99.84379, 32.46008], [-99.84299, 32.46031], [-99.84276, 32.46037], [-99.8421, 32.46055], [-99.84134, 32.46074], [-99.83775, 32.4617], [-99.83645, 32.46205], [-99.83485, 32.46249], [-99.83088, 32.46353], [-99.83082, 32.46355], [-99.83044, 32.46366], [-99.82913, 32.46401], [-99.82783, 32.46435], [-99.82703, 32.46456], [-99.82689, 32.4646], [-99.82669, 32.46466], [-99.8258, 32.46493], [-99.82501, 32.46514], [-99.82149, 32.46607], [-99.81981, 32.46652], [-99.81806, 32.46698], [-99.81675, 32.46733], [-99.81593, 32.46753], [-99.81526, 32.46773], [-99.8144, 32.46797], [-99.8142, 32.46803], [-99.81385, 32.46814], [-99.81324, 32.46833], [-99.81249, 32.46858], [-99.81134, 32.469], [-99.81042, 32.46934], [-99.80825, 32.4701], [-99.80651, 32.47073], [-99.80553, 32.47107], [-99.80504, 32.47125], [-99.80176, 32.47245], [-99.80092, 32.47274], [-99.79797, 32.47379], [-99.79584, 32.47456], [-99.79523, 32.47477], [-99.79514, 32.4748], [-99.79454, 32.47502], [-99.7936, 32.47536], [-99.79241, 32.47579], [-99.79145, 32.47612], [-99.79092, 32.47631], [-99.79054, 32.47644], [-99.78967, 32.47676], [-99.7885, 32.47719], [-99.78714, 32.47767], [-99.78703, 32.4777], [-99.78364, 32.4789], [-99.78264, 32.47923], [-99.78166, 32.47951], [-99.78083, 32.47973], [-99.78024, 32.47991], [-99.7778, 32.48064], [-99.7766, 32.48095], [-99.77565, 32.48125], [-99.77507, 32.48147], [-99.77456, 32.48168], [-99.77386, 32.48199], [-99.77334, 32.48224], [-99.77187, 32.48289], [-99.77114, 32.48319], [-99.7705, 32.48338], [-99.76906, 32.48367], [-99.76877, 32.48374], [-99.76821, 32.48385], [-99.76723, 32.48405], [-99.7662, 32.48421], [-99.76478, 32.48443], [-99.76317, 32.4849], [-99.76245, 32.48512], [-99.76183, 32.48534], [-99.76168, 32.4854], [-99.76066, 32.48583], [-99.75792, 32.48713], [-99.75701, 32.48755], [-99.75626, 32.48792], [-99.75528, 32.48838], [-99.75467, 32.48866], [-99.7541, 32.48892], [-99.75309, 32.48931], [-99.75259, 32.48949], [-99.75218, 32.48963], [-99.75087, 32.48996], [-99.7503, 32.49011], [-99.7482, 32.49048], [-99.74717, 32.49054], [-99.74584, 32.49057], [-99.74505, 32.49058], [-99.74428, 32.49057], [-99.74161, 32.49056], [-99.73941, 32.49057], [-99.73779, 32.49057], [-99.73623, 32.49056], [-99.73376, 32.49055], [-99.73274, 32.49056], [-99.73267, 32.49056], [-99.73119, 32.49057], [-99.73074, 32.49057], [-99.72971, 32.49056], [-99.72939, 32.49056], [-99.72872, 32.49055], [-99.72695, 32.49055], [-99.72651, 32.49055], [-99.72549, 32.49055], [-99.72407, 32.49046], [-99.72306, 32.49033], [-99.72272, 32.49029], [-99.7221, 32.49017], [-99.72178, 32.49011], [-99.72153, 32.49006], [-99.72103, 32.48995], [-99.71996, 32.48965], [-99.71906, 32.48938], [-99.71797, 32.48895], [-99.71765, 32.48881], [-99.71704, 32.48854], [-99.71603, 32.48804], [-99.71554, 32.48776], [-99.71493, 32.48739], [-99.71442, 32.48705], [-99.71389, 32.4867], [-99.71355, 32.4865], [-99.71288, 32.48605], [-99.71124, 32.48501], [-99.7093, 32.48378], [-99.70841, 32.48321], [-99.70776, 32.48278], [-99.70762, 32.48269], [-99.70592, 32.48156], [-99.70433, 32.48055], [-99.70395, 32.48028], [-99.70307, 32.47971], [-99.70296, 32.47964], [-99.70215, 32.47912], [-99.70155, 32.47873], [-99.701, 32.47841], [-99.70039, 32.47797], [-99.69952, 32.47741], [-99.69931, 32.47728], [-99.69871, 32.4769], [-99.69799, 32.4764], [-99.6965, 32.47542], [-99.69637, 32.47534], [-99.69513, 32.47453], [-99.69306, 32.4732], [-99.69145, 32.47215], [-99.69071, 32.47167], [-99.68928, 32.47072], [-99.68795, 32.46984], [-99.68669, 32.46885], [-99.68549, 32.46792], [-99.68227, 32.46524], [-99.67994, 32.46334], [-99.6798, 32.46322], [-99.67933, 32.46283], [-99.67874, 32.46234], [-99.67731, 32.46116], [-99.6772, 32.46108], [-99.67703, 32.46093], [-99.67402, 32.45845], [-99.67219, 32.45697], [-99.67154, 32.45647], [-99.6705, 32.45573], [-99.66914, 32.45481], [-99.66719, 32.45354], [-99.66522, 32.45224], [-99.66346, 32.4511], [-99.66192, 32.45005], [-99.66137, 32.4497], [-99.65888, 32.44808], [-99.65829, 32.44769], [-99.65688, 32.44675], [-99.65576, 32.44601], [-99.65314, 32.44428], [-99.65247, 32.44386], [-99.65128, 32.44311], [-99.65079, 32.4428], [-99.64972, 32.44227], [-99.648, 32.44152], [-99.64666, 32.44108], [-99.64543, 32.4407], [-99.64502, 32.4406], [-99.64053, 32.43941], [-99.63944, 32.43903], [-99.63846, 32.43876], [-99.63659, 32.43826], [-99.63593, 32.4381], [-99.63384, 32.43761], [-99.63214, 32.43725], [-99.63017, 32.43686], [-99.6298, 32.43677]]}}, {"type": "Feature", "properties": {"name": "I- 20"}, "geometry": {"type": "LineString", "coordinates": [[-102.28743, 31.87393], [-102.28791, 31.87367], [-102.28894, 31.87314], [-102.29123, 31.87194], [-102.29743, 31.86866], [-102.30116, 31.86669], [-102.30157, 31.86647], [-102.30182, 31.86633], [-102.30187, 31.8663], [-102.30202, 31.86623], [-102.30359, 31.86539], [-102.30431, 31.86498], [-102.30455, 31.86484], [-102.30579, 31.86408], [-102.30652, 31.86359], [-102.30702, 31.86324], [-102.30752, 31.86288], [-102.30801, 31.86251], [-102.30849, 31.86213], [-102.30896, 31.86175], [-102.30898, 31.86174], [-102.30943, 31.86137], [-102.30989, 31.86097], [-102.31026, 31.86064], [-102.31638, 31.85508], [-102.32075, 31.85112], [-102.33559, 31.83767], [-102.33654, 31.8368], [-102.33798, 31.83549], [-102.33822, 31.83527], [-102.33986, 31.83379], [-102.3403, 31.83338], [-102.34135, 31.83244], [-102.34161, 31.83222], [-102.34207, 31.83187], [-102.34254, 31.83155], [-102.34303, 31.83127], [-102.34352, 31.83102], [-102.34381, 31.8309], [-102.34403, 31.8308], [-102.34453, 31.8306], [-102.34505, 31.83043], [-102.34533, 31.83036], [-102.34585, 31.83022], [-102.34609, 31.83016], [-102.3497, 31.82936], [-102.35003, 31.82928], [-102.35028, 31.82922], [-102.35104, 31.82906], [-102.35523, 31.82813], [-102.35535, 31.8281], [-102.3566, 31.82782], [-102.35693, 31.82774], [-102.35735, 31.82761], [-102.35782, 31.82746], [-102.3582, 31.82732], [-102.35847, 31.82722], [-102.35861, 31.82716], [-102.35872, 31.82711], [-102.36003, 31.82654], [-102.36352, 31.82503], [-102.36444, 31.82462], [-102.36581, 31.82403], [-102.36629, 31.82383], [-102.37225, 31.82124], [-102.37298, 31.82095], [-102.37366, 31.8207], [-102.37453, 31.82041], [-102.37559, 31.82008], [-102.37612, 31.81992], [-102.37665, 31.81977], [-102.37678, 31.81973], [-102.37699, 31.81967], [-102.37718, 31.81962], [-102.37772, 31.81948], [-102.37827, 31.81935], [-102.37944, 31.81908], [-102.38, 31.81895], [-102.3817, 31.81857], [-102.38229, 31.81844], [-102.38598, 31.81762], [-102.40051, 31.81438], [-102.40106, 31.81427], [-102.40156, 31.81418], [-102.40212, 31.81409], [-102.40272, 31.81402], [-102.40402, 31.81392], [-102.40468, 31.8139], [-102.40541, 31.81391], [-102.40589, 31.81392], [-102.40615, 31.81393], [-102.40664, 31.81396], [-102.40729, 31.81402], [-102.40794, 31.8141], [-102.40859, 31.81419], [-102.40923, 31.81431], [-102.41029, 31.81454], [-102.41049, 31.8146], [-102.41111, 31.81476], [-102.41361, 31.81545], [-102.41424, 31.81562], [-102.41487, 31.81577], [-102.41511, 31.81583], [-102.41551, 31.81592], [-102.41722, 31.81628], [-102.41972, 31.81679], [-102.42004, 31.81686], [-102.42039, 31.81693], [-102.42058, 31.81697], [-102.42128, 31.81711], [-102.42192, 31.81722], [-102.42256, 31.81727], [-102.42385, 31.81722], [-102.42448, 31.81709], [-102.42511, 31.81691], [-102.4257, 31.81667], [-102.42627, 31.81638], [-102.42679, 31.81605], [-102.4271, 31.81579], [-102.42727, 31.81566], [-102.4277, 31.81524], [-102.42805, 31.81486], [-102.42916, 31.81364], [-102.43012, 31.81258], [-102.4306, 31.81212], [-102.43097, 31.81181], [-102.43102, 31.81177], [-102.43151, 31.8114], [-102.43203, 31.81107], [-102.43257, 31.81076], [-102.43348, 31.81029], [-102.4335, 31.81028], [-102.43594, 31.80902], [-102.44467, 31.80451], [-102.45263, 31.80039], [-102.47131, 31.79073], [-102.47227, 31.79026], [-102.47323, 31.7898], [-102.47519, 31.7889], [-102.47568, 31.78867], [-102.47665, 31.7882], [-102.47762, 31.78772], [-102.47905, 31.78699], [-102.48, 31.7865], [-102.48047, 31.78625], [-102.4814, 31.78575], [-102.48232, 31.78524], [-102.48323, 31.78472], [-102.48413, 31.78419], [-102.48544, 31.78344], [-102.48551, 31.7834], [-102.48598, 31.78315], [-102.48645, 31.7829], [-102.4869, 31.78266], [-102.4876, 31.78231], [-102.49448, 31.77875], [-102.51332, 31.76901], [-102.51388, 31.76873], [-102.51444, 31.76846], [-102.51502, 31.7682], [-102.51514, 31.76815], [-102.5156, 31.76796], [-102.51572, 31.76792], [-102.51619, 31.76774], [-102.51649, 31.76764], [-102.51704, 31.76747], [-102.51753, 31.76732], [-102.51773, 31.76727], [-102.51987, 31.76665], [-102.52684, 31.76467], [-102.53595, 31.76209], [-102.53833, 31.76141], [-102.53934, 31.76112], [-102.53978, 31.761], [-102.54031, 31.76085], [-102.54324, 31.76002], [-102.54635, 31.75913], [-102.54694, 31.75894], [-102.54754, 31.75873], [-102.54813, 31.7585], [-102.54871, 31.75825], [-102.54928, 31.75798], [-102.55039, 31.75739], [-102.55148, 31.75678], [-102.55721, 31.75356], [-102.56247, 31.7506], [-102.576, 31.743], [-102.57703, 31.74243], [-102.57756, 31.74216], [-102.5781, 31.74189], [-102.57866, 31.74165], [-102.57923, 31.74143], [-102.5798, 31.74122], [-102.58056, 31.74095], [-102.58114, 31.74075], [-102.59129, 31.73726], [-102.59584, 31.73569], [-102.59852, 31.73477], [-102.59907, 31.73459], [-102.60494, 31.73257], [-102.60506, 31.73253], [-102.60754, 31.73167], [-102.60814, 31.73145], [-102.60874, 31.73121], [-102.60932, 31.73095], [-102.6099, 31.73068], [-102.61047, 31.73038], [-102.61156, 31.72976], [-102.61805, 31.72597], [-102.62352, 31.72279], [-102.62679, 31.72088], [-102.62786, 31.72024], [-102.62825, 31.71998], [-102.63052, 31.71865], [-102.66225, 31.70014], [-102.6957, 31.68062], [-102.69624, 31.6803], [-102.69677, 31.67996], [-102.69729, 31.67962], [-102.6978, 31.67927], [-102.69831, 31.6789], [-102.69881, 31.67854], [-102.6993, 31.67816], [-102.69978, 31.67778], [-102.70011, 31.67751], [-102.70024, 31.67739], [-102.70067, 31.67702], [-102.70109, 31.67665], [-102.70151, 31.67627], [-102.70272, 31.67509], [-102.70353, 31.6743], [-102.70449, 31.67341], [-102.70498, 31.67298], [-102.70549, 31.67257], [-102.70679, 31.67166], [-102.70711, 31.67143], [-102.70762, 31.67109], [-102.70799, 31.67087], [-102.7083, 31.6707], [-102.70882, 31.67044], [-102.70939, 31.67016], [-102.70998, 31.6699], [-102.71058, 31.66966], [-102.71118, 31.66944], [-102.71179, 31.66924], [-102.71263, 31.66897], [-102.71548, 31.66806], [-102.71609, 31.66785], [-102.7167, 31.66764], [-102.7173, 31.66741], [-102.71789, 31.66718], [-102.71849, 31.66694], [-102.71907, 31.66669], [-102.71966, 31.66643], [-102.72023, 31.66616], [-102.72078, 31.66589], [-102.72131, 31.66562], [-102.72181, 31.66536], [-102.72229, 31.66509], [-102.72276, 31.66483], [-102.72764, 31.66198], [-102.73682, 31.65662], [-102.74533, 31.65164], [-102.74553, 31.65152]]}}, {"type": "Feature", "properties": {"name": "I- 20"}, "geometry": {"type": "LineString", "coordinates": [[-99.11626, 32.37751], [-99.11614, 32.37751], [-99.11556, 32.37748], [-99.11425, 32.37734], [-99.11164, 32.37711], [-99.11011, 32.37701], [-99.10926, 32.37692], [-99.10835, 32.37685], [-99.10449, 32.37653], [-99.10432, 32.37651], [-99.10389, 32.37649], [-99.10305, 32.3764], [-99.10206, 32.37633], [-99.10125, 32.37627], [-99.09933, 32.3761], [-99.0985, 32.37604], [-99.09826, 32.376], [-99.09617, 32.37585], [-99.09513, 32.37577], [-99.09394, 32.37568], [-99.09203, 32.3755], [-99.08995, 32.37537], [-99.08801, 32.37537], [-99.0866, 32.37531], [-99.08499, 32.37535], [-99.08222, 32.37541], [-99.08124, 32.37543], [-99.07934, 32.37548], [-99.07126, 32.37564], [-99.06977, 32.37564], [-99.06853, 32.37564], [-99.06696, 32.3756], [-99.06516, 32.37557], [-99.0619, 32.37556], [-99.06178, 32.37555], [-99.06128, 32.37555], [-99.05861, 32.37553], [-99.05775, 32.37552], [-99.05548, 32.3755], [-99.05261, 32.37547], [-99.05204, 32.37546], [-99.04969, 32.37546], [-99.04908, 32.37547], [-99.04724, 32.37546], [-99.04434, 32.37544], [-99.04409, 32.37544], [-99.04103, 32.3754], [-99.03783, 32.37537], [-99.03516, 32.37538], [-99.03181, 32.37537], [-99.03118, 32.37536], [-99.02098, 32.37529], [-99.0184, 32.37527], [-99.01556, 32.37526], [-99.01137, 32.37523], [-99.01036, 32.37521], [-99.01033, 32.37524], [-99.00919, 32.37522], [-99.00773, 32.37523], [-99.00631, 32.37517], [-99.00531, 32.37509], [-99.0051, 32.37506], [-99.0049, 32.37505], [-99.00416, 32.37499], [-99.00329, 32.37485], [-99.00288, 32.37482], [-99.00188, 32.37473], [-99.00185, 32.37472], [-99.00101, 32.37469], [-99.00021, 32.37459], [-98.9999, 32.37458], [-98.99943, 32.37457], [-98.99556, 32.37456], [-98.99318, 32.37455], [-98.99232, 32.37454], [-98.98821, 32.37451], [-98.9869, 32.37451], [-98.98538, 32.37451], [-98.98342, 32.37452], [-98.97839, 32.37454], [-98.9765, 32.37451], [-98.97445, 32.37453], [-98.97072, 32.37455], [-98.96836, 32.37456], [-98.96775, 32.37456], [-98.96687, 32.37463], [-98.9655, 32.37483], [-98.96482, 32.37492], [-98.96458, 32.3749], [-98.96242, 32.37518], [-98.96175, 32.37524], [-98.96114, 32.37526], [-98.95622, 32.37527], [-98.93882, 32.37533], [-98.92655, 32.37536], [-98.92446, 32.37537], [-98.92212, 32.37537], [-98.92042, 32.37539], [-98.91672, 32.37538], [-98.91248, 32.37537], [-98.91018, 32.37538], [-98.90911, 32.37536], [-98.90892, 32.37535], [-98.89779, 32.37536], [-98.89766, 32.37536], [-98.89587, 32.37536], [-98.89475, 32.37536], [-98.89467, 32.37545], [-98.88661, 32.37538], [-98.88583, 32.37538], [-98.88107, 32.37537], [-98.88053, 32.37537], [-98.88007, 32.37538], [-98.87933, 32.37536], [-98.87409, 32.37538], [-98.87239, 32.37539], [-98.87051, 32.37538], [-98.86623, 32.37539], [-98.86509, 32.3754], [-98.8633, 32.37541], [-98.86284, 32.37539], [-98.86149, 32.37538], [-98.86017, 32.3754], [-98.85967, 32.3754], [-98.85791, 32.37539], [-98.85621, 32.37539], [-98.85474, 32.37541], [-98.85375, 32.37541], [-98.85306, 32.37539], [-98.85129, 32.37541], [-98.84955, 32.37541], [-98.84759, 32.3754], [-98.84582, 32.37541], [-98.84403, 32.3754], [-98.84361, 32.3754], [-98.84227, 32.37539], [-98.84055, 32.37541], [-98.83875, 32.37541], [-98.837, 32.37542], [-98.83669, 32.37543], [-98.83565, 32.37545], [-98.83517, 32.37545], [-98.83453, 32.37547], [-98.83382, 32.37553], [-98.83335, 32.37559], [-98.83306, 32.37567], [-98.83296, 32.37569], [-98.83226, 32.3759], [-98.83116, 32.37622], [-98.83081, 32.37635], [-98.82858, 32.37699], [-98.82857, 32.377], [-98.82822, 32.3771], [-98.82661, 32.37756], [-98.82645, 32.37762], [-98.82472, 32.37818], [-98.8246, 32.37822], [-98.82413, 32.37835], [-98.82004, 32.37958], [-98.81843, 32.38008], [-98.81683, 32.38054], [-98.81612, 32.38076], [-98.81593, 32.38083], [-98.81522, 32.38104], [-98.81355, 32.38155], [-98.81084, 32.38236], [-98.80885, 32.38297], [-98.80593, 32.38379], [-98.80428, 32.38431], [-98.80336, 32.38467], [-98.80251, 32.38517], [-98.80123, 32.38602], [-98.8006, 32.3866], [-98.8, 32.3873], [-98.79885, 32.38879], [-98.79843, 32.38944], [-98.7981, 32.3899], [-98.79694, 32.39146], [-98.79623, 32.39242], [-98.79292, 32.39698], [-98.79283, 32.39711], [-98.79258, 32.3974], [-98.79232, 32.39782], [-98.79174, 32.39853], [-98.79146, 32.39881], [-98.79101, 32.39931], [-98.79062, 32.39967], [-98.79044, 32.39985], [-98.78999, 32.40025], [-98.78959, 32.40059], [-98.78942, 32.40072], [-98.78922, 32.40088], [-98.78864, 32.40131], [-98.78836, 32.4015], [-98.78825, 32.40157], [-98.78806, 32.4017], [-98.78775, 32.4019], [-98.78712, 32.40227], [-98.78667, 32.40253], [-98.78622, 32.40275], [-98.78422, 32.40373], [-98.78307, 32.4042], [-98.77753, 32.40659], [-98.77647, 32.40705], [-98.76606, 32.4116], [-98.76551, 32.41184], [-98.76454, 32.41222], [-98.76387, 32.41248], [-98.76385, 32.41249], [-98.76328, 32.41268], [-98.76207, 32.41311], [-98.76093, 32.41334], [-98.76005, 32.41348], [-98.75961, 32.41352], [-98.75867, 32.41369], [-98.75734, 32.41389], [-98.75489, 32.41406], [-98.75182, 32.4143], [-98.74828, 32.4145], [-98.74685, 32.4146], [-98.74514, 32.41471], [-98.74317, 32.41501], [-98.74201, 32.41539], [-98.74093, 32.41581], [-98.73938, 32.41669], [-98.73816, 32.41744], [-98.73626, 32.41862], [-98.73583, 32.41889], [-98.73536, 32.41919], [-98.73488, 32.41949], [-98.73413, 32.41994], [-98.73042, 32.42229], [-98.72858, 32.42344], [-98.72448, 32.42601], [-98.72216, 32.42748], [-98.72176, 32.42773], [-98.72129, 32.42803], [-98.72049, 32.42847], [-98.71953, 32.42893], [-98.71939, 32.429], [-98.71075, 32.43288], [-98.70146, 32.43706], [-98.70051, 32.43754], [-98.69962, 32.43792], [-98.69918, 32.43811], [-98.69758, 32.43882], [-98.69675, 32.43917], [-98.69657, 32.43928], [-98.69391, 32.44048], [-98.69325, 32.44079], [-98.69189, 32.44141], [-98.69136, 32.44166], [-98.69076, 32.44187], [-98.68613, 32.44398], [-98.6855, 32.44421], [-98.68482, 32.44457], [-98.68103, 32.44629], [-98.67809, 32.44761], [-98.67775, 32.44776], [-98.67709, 32.44806], [-98.67603, 32.44845], [-98.67492, 32.44882], [-98.67377, 32.44917], [-98.66886, 32.45068], [-98.66241, 32.45266], [-98.65672, 32.45446], [-98.65559, 32.45473], [-98.65101, 32.45619], [-98.64921, 32.45673], [-98.64727, 32.45732], [-98.64417, 32.45829], [-98.64323, 32.45869], [-98.64246, 32.45908], [-98.64203, 32.45936], [-98.64111, 32.46008], [-98.64109, 32.46009], [-98.64052, 32.46064], [-98.63632, 32.46465], [-98.63131, 32.46943], [-98.62896, 32.47166], [-98.62782, 32.47261], [-98.62658, 32.47348], [-98.6253, 32.4742], [-98.62473, 32.47448], [-98.6238, 32.47492], [-98.6227, 32.47539], [-98.62145, 32.47576], [-98.62009, 32.47608], [-98.61797, 32.47656], [-98.61659, 32.47696], [-98.6162, 32.47705], [-98.60956, 32.4787], [-98.60723, 32.47927], [-98.60667, 32.47938], [-98.60515, 32.47964], [-98.60509, 32.47965], [-98.60284, 32.48005], [-98.60058, 32.48042], [-98.59833, 32.48081], [-98.59609, 32.4812], [-98.59154, 32.48198], [-98.5915, 32.48199], [-98.58922, 32.48238], [-98.58705, 32.48275], [-98.58478, 32.48314], [-98.58244, 32.48356], [-98.58144, 32.48374], [-98.58015, 32.48396], [-98.57784, 32.48437], [-98.57664, 32.48457], [-98.57563, 32.48474], [-98.57339, 32.48515], [-98.57126, 32.48552], [-98.56455, 32.48668], [-98.56453, 32.48669], [-98.56386, 32.4868], [-98.56333, 32.4869], [-98.55987, 32.48749], [-98.55907, 32.48763], [-98.5575, 32.48791], [-98.55687, 32.48803], [-98.55317, 32.48865], [-98.55212, 32.48888], [-98.55147, 32.48904], [-98.55095, 32.48921], [-98.55042, 32.48939], [-98.54975, 32.48966], [-98.54913, 32.48994], [-98.54839, 32.49034], [-98.54799, 32.49058], [-98.5476, 32.49083], [-98.54711, 32.49121], [-98.54671, 32.4916], [-98.5463, 32.49197], [-98.54545, 32.4928], [-98.54503, 32.49319], [-98.54407, 32.49409], [-98.54323, 32.4949], [-98.54282, 32.49531], [-98.54198, 32.49606], [-98.54141, 32.49656], [-98.54115, 32.49674], [-98.54081, 32.49698], [-98.5401, 32.49737], [-98.53972, 32.49753], [-98.53899, 32.49777], [-98.53843, 32.49791], [-98.53782, 32.49803], [-98.53759, 32.49807], [-98.53556, 32.49825], [-98.53111, 32.49856], [-98.52953, 32.4986], [-98.52519, 32.49879], [-98.52294, 32.49887], [-98.52202, 32.49892], [-98.52134, 32.49895], [-98.52064, 32.49898], [-98.52028, 32.49898], [-98.51707, 32.49912], [-98.51666, 32.49912], [-98.51427, 32.49924], [-98.51338, 32.49924], [-98.51, 32.49939], [-98.50323, 32.49967], [-98.50198, 32.49974], [-98.50108, 32.4998], [-98.50025, 32.4999], [-98.49885, 32.50011], [-98.49821, 32.5002], [-98.49663, 32.50042], [-98.49382, 32.50082], [-98.49312, 32.50093], [-98.49258, 32.501], [-98.49074, 32.50124], [-98.49062, 32.50125], [-98.49057, 32.50125], [-98.49052, 32.50126], [-98.49022, 32.50131], [-98.48875, 32.50153], [-98.48443, 32.5022], [-98.48381, 32.50229], [-98.48332, 32.50234], [-98.48212, 32.50256], [-98.48204, 32.50257], [-98.47737, 32.50329], [-98.47685, 32.50337], [-98.4765, 32.50342], [-98.47547, 32.50358], [-98.47512, 32.50363]]}}, {"type": "Feature", "properties": {"name": "I- 20"}, "geometry": {"type": "LineString", "coordinates": [[-98.47512, 32.50382], [-98.47518, 32.50381], [-98.47548, 32.50377], [-98.47653, 32.50361], [-98.47689, 32.50355], [-98.47698, 32.50354], [-98.47728, 32.5035], [-98.47737, 32.50348], [-98.47873, 32.50328], [-98.48202, 32.50278], [-98.48218, 32.50275], [-98.4828, 32.50266], [-98.48416, 32.50245], [-98.48465, 32.50237], [-98.4861, 32.50215], [-98.48659, 32.50207], [-98.48673, 32.50205], [-98.48705, 32.502], [-98.48844, 32.50178], [-98.4889, 32.50171], [-98.48923, 32.50165], [-98.49023, 32.5015], [-98.49056, 32.50145], [-98.49071, 32.50144], [-98.49093, 32.5014], [-98.49098, 32.5014], [-98.49223, 32.50124], [-98.49265, 32.50119], [-98.49385, 32.50102], [-98.49665, 32.50061], [-98.49743, 32.5005], [-98.49863, 32.50032], [-98.50017, 32.5001], [-98.50101, 32.49999], [-98.50152, 32.49995], [-98.50183, 32.49993], [-98.505, 32.49978], [-98.5053, 32.49977], [-98.50665, 32.49974], [-98.50704, 32.49973], [-98.5093, 32.49961], [-98.51025, 32.49958], [-98.51316, 32.49948], [-98.51374, 32.49944], [-98.51385, 32.49943], [-98.51564, 32.49936], [-98.51592, 32.49935], [-98.51661, 32.49931], [-98.51725, 32.4993], [-98.51774, 32.49929], [-98.51914, 32.49922], [-98.51928, 32.49921], [-98.51977, 32.49922], [-98.52091, 32.49918], [-98.52125, 32.49916], [-98.52201, 32.49913], [-98.5234, 32.49907], [-98.52551, 32.49898], [-98.52741, 32.4989], [-98.52794, 32.49887], [-98.52847, 32.49886], [-98.52947, 32.49879], [-98.53172, 32.49862], [-98.53238, 32.49857], [-98.53401, 32.49845], [-98.53601, 32.4983], [-98.53622, 32.49828], [-98.5369, 32.49822], [-98.53738, 32.49817], [-98.53793, 32.49812], [-98.53842, 32.49801], [-98.53883, 32.49791], [-98.53916, 32.49781], [-98.53963, 32.49764], [-98.54002, 32.49749], [-98.54065, 32.4972], [-98.5412, 32.49686], [-98.54139, 32.49673], [-98.54176, 32.49642], [-98.54243, 32.49583], [-98.54278, 32.49551], [-98.54361, 32.4947], [-98.54428, 32.49407], [-98.54493, 32.49344], [-98.54668, 32.49181], [-98.5473, 32.49136], [-98.5482, 32.49077], [-98.54896, 32.49035], [-98.54945, 32.49012], [-98.5497, 32.49002], [-98.55039, 32.48976], [-98.55122, 32.48947], [-98.55164, 32.48935], [-98.55341, 32.48898], [-98.55489, 32.4887], [-98.55764, 32.48814], [-98.55768, 32.48813], [-98.55781, 32.48811], [-98.55832, 32.48801], [-98.55849, 32.48798], [-98.56215, 32.48729], [-98.56455, 32.48685], [-98.56461, 32.48684], [-98.5651, 32.48676], [-98.56877, 32.48614], [-98.57092, 32.48577], [-98.57136, 32.48569], [-98.57611, 32.48485], [-98.57679, 32.48473], [-98.57952, 32.48426], [-98.58084, 32.48403], [-98.58156, 32.48391], [-98.58304, 32.48365], [-98.58495, 32.48331], [-98.58528, 32.48325], [-98.5895, 32.48252], [-98.59155, 32.48217], [-98.59157, 32.48217], [-98.59339, 32.48185], [-98.59429, 32.4817], [-98.59499, 32.48159], [-98.59657, 32.48129], [-98.59797, 32.48106], [-98.59934, 32.48082], [-98.60103, 32.48054], [-98.60245, 32.4803], [-98.60374, 32.48007], [-98.60517, 32.47983], [-98.60523, 32.47982], [-98.60595, 32.4797], [-98.60663, 32.47958], [-98.60728, 32.47944], [-98.6078, 32.47933], [-98.60796, 32.47929], [-98.60953, 32.47891], [-98.6108, 32.47858], [-98.61396, 32.47781], [-98.61621, 32.47725], [-98.61623, 32.47725], [-98.61841, 32.47669], [-98.61898, 32.47655], [-98.61998, 32.4763], [-98.62066, 32.47615], [-98.62154, 32.47592], [-98.62239, 32.47567], [-98.62312, 32.47541], [-98.62387, 32.4751], [-98.62464, 32.47475], [-98.62474, 32.4747], [-98.62534, 32.47441], [-98.62555, 32.47432], [-98.6259, 32.47415], [-98.62641, 32.47381], [-98.62695, 32.4735], [-98.62744, 32.47314], [-98.62794, 32.47279], [-98.62838, 32.4725], [-98.6289, 32.47207], [-98.62935, 32.47166], [-98.6316, 32.46947], [-98.63621, 32.46502], [-98.63654, 32.4647], [-98.64069, 32.46077], [-98.64129, 32.4602], [-98.64164, 32.45992], [-98.64217, 32.45952], [-98.64281, 32.45914], [-98.64391, 32.45862], [-98.64493, 32.45828], [-98.64829, 32.45724], [-98.65476, 32.45523], [-98.66243, 32.45287], [-98.66385, 32.45243], [-98.66811, 32.45112], [-98.66953, 32.45069], [-98.6712, 32.45017], [-98.67388, 32.44935], [-98.67498, 32.449], [-98.67608, 32.44866], [-98.6762, 32.44861], [-98.67719, 32.44822], [-98.67782, 32.44794], [-98.6782, 32.44779], [-98.67922, 32.44732], [-98.68134, 32.44637], [-98.68544, 32.44454], [-98.69019, 32.44237], [-98.69151, 32.44178], [-98.69369, 32.44079], [-98.69426, 32.44053], [-98.69599, 32.43975], [-98.69657, 32.43949], [-98.69668, 32.43944], [-98.69678, 32.43939], [-98.69829, 32.43874], [-98.6984, 32.4387], [-98.69906, 32.43841], [-98.69934, 32.43828], [-98.69974, 32.4381], [-98.7016, 32.43727], [-98.71087, 32.43308], [-98.71215, 32.4325], [-98.71602, 32.43075], [-98.71731, 32.43017], [-98.71772, 32.42998], [-98.71833, 32.4297], [-98.71895, 32.42942], [-98.71936, 32.42923], [-98.71955, 32.42915], [-98.71989, 32.429], [-98.72052, 32.42872], [-98.72115, 32.42837], [-98.72142, 32.4282], [-98.72191, 32.4279], [-98.72211, 32.42777], [-98.72215, 32.42775], [-98.72328, 32.42704], [-98.72739, 32.42446], [-98.72827, 32.42391], [-98.72876, 32.4236], [-98.7302, 32.4227], [-98.73203, 32.42156], [-98.73232, 32.42137], [-98.73305, 32.42091], [-98.73453, 32.41998], [-98.73598, 32.41908], [-98.73604, 32.41904], [-98.73622, 32.41893], [-98.73628, 32.41889], [-98.73665, 32.41866], [-98.73778, 32.41795], [-98.73816, 32.41771], [-98.74005, 32.41654], [-98.74085, 32.41613], [-98.74122, 32.41596], [-98.7416, 32.4158], [-98.74199, 32.41565], [-98.74205, 32.41563], [-98.74239, 32.41551], [-98.74279, 32.41539], [-98.74311, 32.4153], [-98.74352, 32.4152], [-98.74393, 32.41512], [-98.74425, 32.41506], [-98.74467, 32.41499], [-98.7451, 32.41492], [-98.74548, 32.41488], [-98.75027, 32.41459], [-98.75228, 32.41446], [-98.75411, 32.41432], [-98.75521, 32.41428], [-98.75587, 32.41426], [-98.75715, 32.41415], [-98.7576, 32.4141], [-98.75906, 32.41392], [-98.7596, 32.41382], [-98.76007, 32.41374], [-98.76026, 32.4137], [-98.76062, 32.41362], [-98.76174, 32.41335], [-98.76219, 32.41323], [-98.7624, 32.41318], [-98.76283, 32.41305], [-98.76304, 32.41298], [-98.76367, 32.41278], [-98.76388, 32.41272], [-98.76402, 32.41267], [-98.76414, 32.41264], [-98.76441, 32.41253], [-98.76454, 32.41248], [-98.76485, 32.41236], [-98.76533, 32.41217], [-98.76576, 32.41199], [-98.76606, 32.41186], [-98.76856, 32.41078], [-98.76891, 32.41062], [-98.7704, 32.40994], [-98.77204, 32.40923], [-98.77379, 32.40846], [-98.77553, 32.40771], [-98.77662, 32.40723], [-98.77729, 32.40693], [-98.77791, 32.40666], [-98.77892, 32.4062], [-98.77902, 32.40616], [-98.78079, 32.4054], [-98.78195, 32.40488], [-98.78247, 32.40465], [-98.78296, 32.40444], [-98.78321, 32.40433], [-98.78397, 32.40401], [-98.78422, 32.40391], [-98.78423, 32.4039], [-98.7843, 32.40387], [-98.78453, 32.40377], [-98.7846, 32.40373], [-98.78504, 32.40354], [-98.7858, 32.40319], [-98.78634, 32.40293], [-98.78671, 32.40275], [-98.78677, 32.40272], [-98.78709, 32.40254], [-98.78739, 32.40237], [-98.78803, 32.40197], [-98.78834, 32.40177], [-98.78837, 32.40176], [-98.78846, 32.4017], [-98.78849, 32.40168], [-98.78854, 32.40165], [-98.7887, 32.40154], [-98.78896, 32.40135], [-98.78931, 32.40108], [-98.78951, 32.40092], [-98.78956, 32.40088], [-98.7897, 32.40077], [-98.78975, 32.40073], [-98.79005, 32.4005], [-98.7904, 32.40018], [-98.79052, 32.40007], [-98.79093, 32.39971], [-98.79156, 32.39907], [-98.79218, 32.39833], [-98.79228, 32.39822], [-98.79247, 32.39797], [-98.79274, 32.39769], [-98.79284, 32.39754], [-98.79314, 32.39711], [-98.79324, 32.39696], [-98.79367, 32.39635], [-98.79387, 32.39608], [-98.79439, 32.39537], [-98.79579, 32.39343], [-98.79634, 32.39267], [-98.79643, 32.39255], [-98.7966, 32.39232], [-98.797, 32.39178], [-98.79712, 32.39161], [-98.79729, 32.39138], [-98.79763, 32.3909], [-98.79816, 32.39019], [-98.79821, 32.39013], [-98.79825, 32.39008], [-98.79829, 32.39003], [-98.79836, 32.38994], [-98.79864, 32.38956], [-98.79903, 32.38899], [-98.79976, 32.38798], [-98.80036, 32.3872], [-98.80058, 32.38694], [-98.8011, 32.38643], [-98.80176, 32.38591], [-98.80227, 32.38555], [-98.8029, 32.38518], [-98.80359, 32.38484], [-98.80387, 32.38471], [-98.80508, 32.38431], [-98.80685, 32.38378], [-98.80849, 32.38328], [-98.81023, 32.38276], [-98.81083, 32.38258], [-98.81197, 32.38224], [-98.8122, 32.38217], [-98.81544, 32.38119], [-98.81602, 32.38101], [-98.81724, 32.38065], [-98.81778, 32.38049], [-98.81865, 32.38023], [-98.82028, 32.37974], [-98.82143, 32.37938], [-98.82306, 32.37889], [-98.82313, 32.37887], [-98.82483, 32.37837], [-98.82503, 32.37831], [-98.82563, 32.37813], [-98.82583, 32.37808], [-98.82651, 32.37784], [-98.82656, 32.37783], [-98.82682, 32.37775], [-98.82824, 32.37733], [-98.82827, 32.37732], [-98.82864, 32.37721], [-98.82909, 32.37707], [-98.82981, 32.37686], [-98.83009, 32.37678], [-98.8308, 32.37656], [-98.83114, 32.37646], [-98.83157, 32.37633], [-98.83207, 32.37617], [-98.83213, 32.37615], [-98.83247, 32.37606], [-98.83264, 32.376], [-98.83301, 32.37591], [-98.83316, 32.37588], [-98.83367, 32.37577], [-98.83435, 32.37569], [-98.83465, 32.37566], [-98.83505, 32.37563], [-98.83563, 32.37563], [-98.83606, 32.37564], [-98.83643, 32.37565], [-98.83933, 32.37564], [-98.84087, 32.37563], [-98.84436, 32.37561], [-98.84505, 32.37562], [-98.84611, 32.37563], [-98.84916, 32.3756], [-98.84954, 32.37561], [-98.85123, 32.37561], [-98.85301, 32.37559], [-98.85806, 32.37559], [-98.85981, 32.37561], [-98.86016, 32.37561], [-98.86158, 32.37558], [-98.8634, 32.37561], [-98.86873, 32.37559], [-98.87047, 32.37561], [-98.8709, 32.37561], [-98.87528, 32.37559], [-98.87951, 32.3756], [-98.87972, 32.3756], [-98.88033, 32.3756], [-98.88053, 32.3756], [-98.88065, 32.3756], [-98.88099, 32.3756], [-98.8811, 32.3756], [-98.8822, 32.37559], [-98.88358, 32.37559], [-98.88551, 32.37558], [-98.8857, 32.37558], [-98.88662, 32.37558], [-98.88829, 32.37559], [-98.88883, 32.37559], [-98.89333, 32.37559], [-98.89501, 32.37559], [-98.89507, 32.37559], [-98.89526, 32.37559], [-98.89532, 32.37559], [-98.89543, 32.37559], [-98.89576, 32.37559], [-98.89587, 32.37559], [-98.89644, 32.37559], [-98.89776, 32.37558], [-98.89778, 32.37558], [-98.89791, 32.37558], [-98.90112, 32.37558], [-98.90726, 32.37558], [-98.90862, 32.37556], [-98.9091, 32.37557], [-98.90912, 32.37557], [-98.90983, 32.37559], [-98.91093, 32.37559], [-98.91416, 32.3756], [-98.9162, 32.37558], [-98.91671, 32.37559], [-98.91688, 32.37559], [-98.92023, 32.37561], [-98.92213, 32.3756], [-98.92302, 32.37559], [-98.92445, 32.37558], [-98.92568, 32.37558], [-98.92656, 32.37558], [-98.9325, 32.37557], [-98.93338, 32.37557], [-98.94669, 32.37552], [-98.9503, 32.37551], [-98.95623, 32.37549], [-98.95746, 32.37548], [-98.9601, 32.37547], [-98.96074, 32.37547], [-98.96113, 32.37547], [-98.96137, 32.37547], [-98.96204, 32.37543], [-98.96235, 32.3754], [-98.96258, 32.37538], [-98.96273, 32.37537], [-98.96328, 32.37529], [-98.96352, 32.37526], [-98.96374, 32.37523], [-98.96443, 32.37513], [-98.96466, 32.3751], [-98.96519, 32.37499], [-98.96675, 32.37479], [-98.96685, 32.37477], [-98.96711, 32.37475], [-98.96737, 32.37474], [-98.96787, 32.37468], [-98.96807, 32.37468], [-98.96972, 32.37465], [-98.97077, 32.37467], [-98.97174, 32.37465], [-98.97408, 32.37466], [-98.97577, 32.37469], [-98.97912, 32.3747], [-98.98336, 32.37471], [-98.98342, 32.37471], [-98.98568, 32.37472], [-98.98685, 32.37472], [-98.98708, 32.37472], [-98.98858, 32.37472], [-98.99035, 32.37474], [-98.99152, 32.37475], [-98.99272, 32.37476], [-98.99308, 32.37476], [-98.99327, 32.37476], [-98.99775, 32.37476], [-98.99931, 32.37476], [-98.99966, 32.37478], [-99.00037, 32.3748], [-99.00044, 32.37481], [-99.00132, 32.37488], [-99.00187, 32.37491], [-99.00202, 32.37492], [-99.00351, 32.3751], [-99.00382, 32.37513], [-99.00414, 32.37517], [-99.00422, 32.37519], [-99.00494, 32.37525], [-99.00523, 32.3753], [-99.00553, 32.37532], [-99.00656, 32.37538], [-99.00731, 32.37539], [-99.0079, 32.37541], [-99.00811, 32.37541], [-99.00816, 32.37541], [-99.00891, 32.37544], [-99.00916, 32.37545], [-99.0094, 32.37545], [-99.01013, 32.37545], [-99.01037, 32.37546], [-99.0107, 32.37546], [-99.01171, 32.37546], [-99.01196, 32.37546], [-99.01205, 32.37546], [-99.01497, 32.37544], [-99.01661, 32.37546], [-99.01795, 32.37548], [-99.02097, 32.3755], [-99.02105, 32.3755], [-99.02701, 32.37554], [-99.02994, 32.37557], [-99.0303, 32.37557], [-99.03118, 32.37558], [-99.03409, 32.3756], [-99.03486, 32.3756], [-99.03602, 32.37559], [-99.03686, 32.37559], [-99.03704, 32.37559], [-99.0395, 32.37561], [-99.03977, 32.37561], [-99.04066, 32.37562], [-99.04247, 32.37563], [-99.04419, 32.37565], [-99.04788, 32.37568], [-99.04886, 32.37569], [-99.04969, 32.37569], [-99.05182, 32.3757], [-99.0521, 32.3757], [-99.05251, 32.37571], [-99.05604, 32.37573], [-99.05772, 32.37574], [-99.05861, 32.37575], [-99.05935, 32.37575], [-99.05962, 32.37575], [-99.06177, 32.37577], [-99.06305, 32.37577], [-99.06567, 32.3758], [-99.06659, 32.37581], [-99.07015, 32.37587], [-99.07206, 32.37584], [-99.07316, 32.37581], [-99.07485, 32.37577], [-99.07711, 32.37573], [-99.07735, 32.37573], [-99.08051, 32.37566], [-99.08124, 32.37565], [-99.08259, 32.37562], [-99.08428, 32.37559], [-99.08665, 32.37556], [-99.08774, 32.37555], [-99.08801, 32.37555], [-99.08908, 32.37556], [-99.09029, 32.37562], [-99.09042, 32.37562], [-99.09192, 32.3757], [-99.09484, 32.37596], [-99.09712, 32.37615], [-99.09785, 32.37621], [-99.09939, 32.37633], [-99.10001, 32.37638], [-99.10103, 32.37645], [-99.10112, 32.37646], [-99.10432, 32.37672], [-99.10629, 32.37689], [-99.10639, 32.3769], [-99.10743, 32.37698], [-99.10802, 32.37705], [-99.10881, 32.37711], [-99.11025, 32.37723], [-99.11177, 32.37736], [-99.11417, 32.37756], [-99.11561, 32.37768], [-99.11625, 32.3777]]}}, {"type": "Feature", "properties": {"name": "I- 20"}, "geometry": {"type": "LineString", "coordinates": [[-101.89768, 32.08691], [-101.90082, 32.0853], [-101.90481, 32.08326], [-101.90703, 32.08212], [-101.91142, 32.07984], [-101.91376, 32.07865], [-101.91678, 32.07709], [-101.91841, 32.07627], [-101.92133, 32.07472], [-101.92265, 32.07407], [-101.92521, 32.07279], [-101.92676, 32.07202], [-101.92728, 32.07174], [-101.92815, 32.07127], [-101.93072, 32.07001], [-101.93186, 32.06941], [-101.93397, 32.06828], [-101.9385, 32.06596], [-101.9407, 32.06482], [-101.94294, 32.06368], [-101.94461, 32.06282], [-101.94936, 32.06037], [-101.95199, 32.05902], [-101.95426, 32.05786], [-101.95624, 32.05685], [-101.95994, 32.05495], [-101.96347, 32.05344], [-101.9649, 32.05289], [-101.96841, 32.05153], [-101.97199, 32.05015], [-101.97389, 32.04943], [-101.97399, 32.04939], [-101.97504, 32.04899], [-101.97609, 32.04857], [-101.97687, 32.04813], [-101.97744, 32.04772], [-101.97798, 32.04723], [-101.97841, 32.04664], [-101.97902, 32.04575], [-101.97921, 32.04547], [-101.97965, 32.04479], [-101.97988, 32.04444], [-101.98019, 32.04398], [-101.9804, 32.04365], [-101.98152, 32.04189], [-101.98171, 32.04159], [-101.98201, 32.04113], [-101.98237, 32.04061], [-101.98261, 32.04024], [-101.98283, 32.0399], [-101.98472, 32.03701], [-101.98682, 32.03376], [-101.988, 32.03193], [-101.98813, 32.03173], [-101.98824, 32.03157], [-101.98919, 32.03007], [-101.99057, 32.02796], [-101.99245, 32.02505], [-101.99335, 32.02361], [-101.99375, 32.02303], [-101.99393, 32.02278], [-101.99483, 32.02143], [-101.9957, 32.02033], [-101.99651, 32.01948], [-101.99737, 32.01871], [-101.99754, 32.01855], [-101.99831, 32.01787], [-101.99885, 32.01741], [-101.99914, 32.01714], [-101.99922, 32.01707], [-102.00008, 32.01631], [-102.00104, 32.01545], [-102.00192, 32.01467], [-102.00322, 32.01354], [-102.00344, 32.01335], [-102.00485, 32.01212], [-102.00611, 32.011], [-102.00809, 32.00927], [-102.00981, 32.00776], [-102.0108, 32.00688], [-102.01192, 32.00592], [-102.01246, 32.00546], [-102.01295, 32.00502], [-102.01333, 32.00469], [-102.01358, 32.00447], [-102.01428, 32.00385], [-102.01501, 32.0032], [-102.01609, 32.00227], [-102.01683, 32.00163], [-102.01753, 32.00101], [-102.01861, 32.00006], [-102.01897, 31.99974], [-102.01913, 31.99959], [-102.01924, 31.99949], [-102.01996, 31.99886], [-102.02081, 31.99812], [-102.02187, 31.99719], [-102.02464, 31.99476], [-102.02576, 31.99378], [-102.02693, 31.99273], [-102.03003, 31.99002], [-102.03194, 31.98833], [-102.0352, 31.9855], [-102.0354, 31.98533], [-102.03562, 31.98514], [-102.03603, 31.98475], [-102.03613, 31.98465], [-102.03715, 31.98377], [-102.03768, 31.98334], [-102.03818, 31.98296], [-102.03854, 31.98272], [-102.03881, 31.98254], [-102.03909, 31.98238], [-102.03963, 31.98204], [-102.03992, 31.98189], [-102.04021, 31.98174], [-102.04079, 31.98144], [-102.0412, 31.98125], [-102.0413, 31.9812], [-102.0414, 31.98116], [-102.04198, 31.98093], [-102.04256, 31.98071], [-102.04314, 31.9805], [-102.04373, 31.98029], [-102.04432, 31.9801], [-102.04491, 31.97991], [-102.04582, 31.97964], [-102.04695, 31.97928], [-102.04807, 31.97891], [-102.0525, 31.97758], [-102.05286, 31.97746], [-102.0532, 31.97736], [-102.05353, 31.97727], [-102.05388, 31.97718], [-102.05396, 31.97716], [-102.05412, 31.97711], [-102.05752, 31.97632], [-102.06374, 31.97487], [-102.06413, 31.97477], [-102.07008, 31.97339], [-102.074, 31.97245], [-102.07886, 31.97134], [-102.08031, 31.97101], [-102.08315, 31.97034], [-102.08652, 31.96954], [-102.09084, 31.96853], [-102.09088, 31.96852], [-102.0939, 31.96782], [-102.09827, 31.96679], [-102.09996, 31.9664], [-102.10387, 31.96548], [-102.10719, 31.9647], [-102.10942, 31.96419], [-102.11052, 31.96393], [-102.11275, 31.96341], [-102.11332, 31.96326], [-102.11393, 31.9631], [-102.11461, 31.96291], [-102.11521, 31.96272], [-102.11567, 31.96258], [-102.11626, 31.96238], [-102.11685, 31.96217], [-102.11744, 31.96196], [-102.11803, 31.96174], [-102.11861, 31.9615], [-102.11918, 31.96126], [-102.11975, 31.96101], [-102.12031, 31.96075], [-102.12087, 31.96048], [-102.12142, 31.96021], [-102.12236, 31.95972], [-102.14005, 31.95057], [-102.14337, 31.94886], [-102.14356, 31.94876], [-102.14727, 31.94685], [-102.14812, 31.94641], [-102.14825, 31.94634], [-102.1488, 31.94605], [-102.14969, 31.9456], [-102.14981, 31.94553], [-102.15097, 31.94493], [-102.1514, 31.9447], [-102.15446, 31.94311], [-102.15675, 31.94194], [-102.1585, 31.94103], [-102.16045, 31.94004], [-102.162, 31.93923], [-102.16434, 31.93801], [-102.16579, 31.93727], [-102.16769, 31.93629], [-102.16894, 31.93563], [-102.17002, 31.93509], [-102.17192, 31.9341], [-102.17286, 31.93362], [-102.17456, 31.93275], [-102.17598, 31.932], [-102.17839, 31.93077], [-102.17979, 31.93004], [-102.18004, 31.92991], [-102.19675, 31.92128], [-102.19987, 31.91966], [-102.20606, 31.91647], [-102.21157, 31.91362], [-102.21183, 31.91348], [-102.21207, 31.91336], [-102.21551, 31.91159], [-102.21918, 31.9097], [-102.21994, 31.90929], [-102.22571, 31.9063], [-102.22588, 31.90621], [-102.22774, 31.90525], [-102.22913, 31.90452], [-102.2311, 31.90351], [-102.23116, 31.90348], [-102.23337, 31.90232], [-102.23528, 31.90134], [-102.23722, 31.90035], [-102.24332, 31.89719], [-102.2456, 31.8959], [-102.24756, 31.8947], [-102.24855, 31.8941], [-102.2486, 31.89406], [-102.24999, 31.89324], [-102.25208, 31.89214], [-102.25365, 31.89142], [-102.25531, 31.8907], [-102.25707, 31.88992], [-102.25728, 31.88982], [-102.25736, 31.88979], [-102.25851, 31.88928], [-102.25954, 31.88877], [-102.26044, 31.8883], [-102.26105, 31.88799], [-102.26155, 31.88773], [-102.26157, 31.88772], [-102.26261, 31.88719], [-102.26741, 31.88469], [-102.26982, 31.88343], [-102.27285, 31.88182], [-102.2756, 31.88038], [-102.27803, 31.8791], [-102.28092, 31.87759], [-102.28392, 31.876], [-102.2872, 31.87428], [-102.28722, 31.87426], [-102.28743, 31.87416]]}}, {"type": "Feature", "properties": {"name": "I- 20"}, "geometry": {"type": "LineString", "coordinates": [[-101.69397, 32.16451], [-101.69983, 32.16237], [-101.70082, 32.16201], [-101.70322, 32.16115], [-101.70664, 32.1599], [-101.71019, 32.1586], [-101.71478, 32.15694], [-101.71572, 32.15659], [-101.71708, 32.1561], [-101.71936, 32.15525], [-101.72171, 32.15441], [-101.7239, 32.15358], [-101.72527, 32.15309], [-101.7262, 32.15276], [-101.72841, 32.15195], [-101.73067, 32.15114], [-101.7329, 32.15033], [-101.73724, 32.14875], [-101.73939, 32.14797], [-101.74161, 32.14715], [-101.74382, 32.14635], [-101.74821, 32.14475], [-101.75033, 32.14396], [-101.75388, 32.14268], [-101.75391, 32.14267], [-101.75403, 32.14262], [-101.75449, 32.14245], [-101.75465, 32.14239], [-101.75597, 32.14192], [-101.75993, 32.14052], [-101.7604, 32.14036], [-101.76072, 32.14029], [-101.76129, 32.14022], [-101.76145, 32.1402], [-101.76196, 32.14015], [-101.76213, 32.14013], [-101.76219, 32.14013], [-101.76235, 32.14012], [-101.76258, 32.14011], [-101.76282, 32.14011], [-101.76299, 32.14011], [-101.76321, 32.14012], [-101.76339, 32.14013], [-101.76383, 32.14014], [-101.76394, 32.14015], [-101.76412, 32.14017], [-101.76439, 32.14018], [-101.76475, 32.1402], [-101.76662, 32.14031], [-101.76725, 32.14034], [-101.77164, 32.14059], [-101.78051, 32.14108], [-101.7848, 32.14132], [-101.78837, 32.14151], [-101.78895, 32.14154], [-101.78919, 32.14154], [-101.78952, 32.14155], [-101.78966, 32.14155], [-101.79037, 32.14154], [-101.7905, 32.14154], [-101.79082, 32.14152], [-101.79108, 32.1415], [-101.79205, 32.14142], [-101.79247, 32.14139], [-101.79322, 32.14129], [-101.79394, 32.14115], [-101.79451, 32.14103], [-101.79465, 32.141], [-101.79569, 32.14076], [-101.79689, 32.14049], [-101.79702, 32.14046], [-101.79741, 32.14037], [-101.79754, 32.14034], [-101.79772, 32.1403], [-101.79775, 32.1403], [-101.79796, 32.14025], [-101.7984, 32.14016], [-101.79862, 32.14011], [-101.79909, 32.14], [-101.80051, 32.13968], [-101.80099, 32.13958], [-101.80198, 32.13935], [-101.80392, 32.13892], [-101.80496, 32.13869], [-101.80549, 32.13857], [-101.80595, 32.13847], [-101.80674, 32.13828], [-101.80691, 32.13824], [-101.80756, 32.13802], [-101.80791, 32.1379], [-101.80813, 32.13782], [-101.80867, 32.1376], [-101.80904, 32.13743], [-101.80915, 32.13738], [-101.80976, 32.13703], [-101.80985, 32.13696], [-101.8101, 32.13677], [-101.81019, 32.13671], [-101.81048, 32.13649], [-101.8113, 32.13576], [-101.81158, 32.13544], [-101.81385, 32.13282], [-101.81531, 32.13116], [-101.81656, 32.12974], [-101.81685, 32.12941], [-101.8233, 32.12198], [-101.82475, 32.12037], [-101.82601, 32.11915], [-101.82712, 32.11813], [-101.82917, 32.11632], [-101.82976, 32.11579], [-101.83018, 32.1154], [-101.8308, 32.11493], [-101.83161, 32.11437], [-101.83259, 32.11378], [-101.83403, 32.11313], [-101.83541, 32.11261], [-101.83649, 32.11227], [-101.84116, 32.11056], [-101.8496, 32.10748], [-101.85056, 32.10714], [-101.8543, 32.10577], [-101.85617, 32.10507], [-101.85807, 32.1044], [-101.86017, 32.10361], [-101.86137, 32.10317], [-101.86369, 32.10232], [-101.86551, 32.10166], [-101.86754, 32.10092], [-101.87028, 32.09992], [-101.87351, 32.09874], [-101.87534, 32.09809], [-101.87642, 32.09766], [-101.87764, 32.09715], [-101.88005, 32.09595], [-101.88621, 32.09279], [-101.89472, 32.08842], [-101.89754, 32.08697], [-101.89768, 32.08691]]}}, {"type": "Feature", "properties": {"name": "I- 20"}, "geometry": {"type": "LineString", "coordinates": [[-102.74594, 31.65152], [-102.74573, 31.65164], [-102.73697, 31.65676], [-102.72279, 31.66504], [-102.72225, 31.66535], [-102.72169, 31.66565], [-102.72113, 31.66595], [-102.72057, 31.66624], [-102.72002, 31.6665], [-102.71944, 31.66676], [-102.71886, 31.66702], [-102.71827, 31.66726], [-102.71768, 31.6675], [-102.71709, 31.66773], [-102.71649, 31.66795], [-102.71589, 31.66817], [-102.71528, 31.66837], [-102.71505, 31.66845], [-102.7122, 31.66935], [-102.71159, 31.66955], [-102.71099, 31.66977], [-102.71039, 31.67001], [-102.70981, 31.67026], [-102.70846, 31.67093], [-102.7081, 31.67111], [-102.70755, 31.67143], [-102.70651, 31.67212], [-102.706, 31.67249], [-102.70551, 31.67288], [-102.70504, 31.67328], [-102.7046, 31.6737], [-102.70417, 31.67411], [-102.70293, 31.6753], [-102.70243, 31.67578], [-102.70199, 31.6762], [-102.70154, 31.67661], [-102.70109, 31.67701], [-102.70062, 31.67741], [-102.69998, 31.67794], [-102.69918, 31.67855], [-102.69869, 31.67892], [-102.69818, 31.67928], [-102.69767, 31.67963], [-102.69716, 31.67997], [-102.69664, 31.6803], [-102.69609, 31.68063], [-102.6624, 31.70029], [-102.63064, 31.71881], [-102.62706, 31.7209], [-102.62212, 31.7238], [-102.61158, 31.72997], [-102.60992, 31.73088], [-102.60877, 31.73139], [-102.60817, 31.73163], [-102.60757, 31.73185], [-102.60516, 31.73268], [-102.60067, 31.73422], [-102.59594, 31.73585], [-102.59135, 31.73743], [-102.58454, 31.73977], [-102.58198, 31.74065], [-102.58015, 31.74129], [-102.57954, 31.74151], [-102.57894, 31.74174], [-102.57835, 31.74199], [-102.57778, 31.74226], [-102.57665, 31.74286], [-102.5627, 31.7507], [-102.56134, 31.75146], [-102.55656, 31.75414], [-102.54966, 31.758], [-102.54909, 31.75827], [-102.54851, 31.75853], [-102.54835, 31.75859], [-102.54792, 31.75877], [-102.54732, 31.75899], [-102.54671, 31.7592], [-102.54609, 31.75939], [-102.54023, 31.76105], [-102.53984, 31.76116], [-102.53952, 31.76125], [-102.53843, 31.76156], [-102.53441, 31.7627], [-102.5269, 31.76483], [-102.51758, 31.76748], [-102.51735, 31.76754], [-102.51675, 31.76773], [-102.51614, 31.76795], [-102.51554, 31.76818], [-102.51525, 31.7683], [-102.51495, 31.76843], [-102.51437, 31.7687], [-102.5138, 31.76898], [-102.49456, 31.77893], [-102.48905, 31.78178], [-102.48669, 31.78301], [-102.48626, 31.78325], [-102.48555, 31.78364], [-102.48296, 31.78507], [-102.482, 31.78557], [-102.48104, 31.78607], [-102.48056, 31.78632], [-102.47907, 31.78709], [-102.47675, 31.78829], [-102.47581, 31.78877], [-102.47487, 31.78924], [-102.47196, 31.79064], [-102.47171, 31.79077], [-102.471, 31.79112], [-102.47004, 31.79161], [-102.46365, 31.79491], [-102.4605, 31.79654], [-102.45965, 31.79698], [-102.45882, 31.79742], [-102.45586, 31.79894], [-102.45271, 31.80055], [-102.44861, 31.80266], [-102.44473, 31.80466], [-102.43772, 31.80825], [-102.43601, 31.80913], [-102.43576, 31.80926], [-102.43361, 31.81044], [-102.43359, 31.81045], [-102.43347, 31.81052], [-102.43292, 31.8108], [-102.43235, 31.8111], [-102.4313, 31.81179], [-102.43081, 31.81218], [-102.43037, 31.8126], [-102.42954, 31.81349], [-102.42892, 31.81418], [-102.42795, 31.81525], [-102.42738, 31.81581], [-102.42707, 31.81606], [-102.42653, 31.81639], [-102.426, 31.81671], [-102.42542, 31.81697], [-102.4248, 31.81718], [-102.42417, 31.81733], [-102.42352, 31.81742], [-102.42286, 31.81745], [-102.42219, 31.81742], [-102.42154, 31.81733], [-102.42073, 31.81717], [-102.42034, 31.81708], [-102.42017, 31.81705], [-102.41982, 31.81697], [-102.4195, 31.8169], [-102.41714, 31.81641], [-102.41642, 31.81626], [-102.41516, 31.81599], [-102.41492, 31.81593], [-102.41453, 31.81584], [-102.4139, 31.81568], [-102.41265, 31.81534], [-102.41117, 31.81493], [-102.41076, 31.81482], [-102.41013, 31.81465], [-102.4095, 31.81451], [-102.40872, 31.81436], [-102.4082, 31.81428], [-102.40755, 31.81419], [-102.40705, 31.81414], [-102.40685, 31.81412], [-102.40614, 31.81408], [-102.40588, 31.81407], [-102.4057, 31.81406], [-102.40499, 31.81405], [-102.40493, 31.81405], [-102.40427, 31.81406], [-102.40362, 31.8141], [-102.40296, 31.81415], [-102.40232, 31.81423], [-102.40167, 31.81432], [-102.40113, 31.81442], [-102.40103, 31.81443], [-102.40035, 31.81458], [-102.395, 31.81577], [-102.39346, 31.81611], [-102.39203, 31.81643], [-102.39054, 31.81677], [-102.38899, 31.81712], [-102.38808, 31.81732], [-102.38614, 31.81776], [-102.38576, 31.81784], [-102.38234, 31.8186], [-102.38043, 31.81902], [-102.37978, 31.81917], [-102.37953, 31.81923], [-102.37818, 31.81954], [-102.37735, 31.81975], [-102.37652, 31.81997], [-102.37597, 31.82014], [-102.3759, 31.82016], [-102.37448, 31.82061], [-102.37404, 31.82076], [-102.37359, 31.82091], [-102.37315, 31.82108], [-102.37272, 31.82125], [-102.37229, 31.82142], [-102.37186, 31.82161], [-102.36697, 31.82374], [-102.36634, 31.82401], [-102.36465, 31.82475], [-102.36044, 31.82657], [-102.35904, 31.82718], [-102.35885, 31.82727], [-102.35841, 31.82745], [-102.35774, 31.82768], [-102.35725, 31.82784], [-102.35676, 31.82797], [-102.35544, 31.82827], [-102.35532, 31.8283], [-102.35042, 31.82939], [-102.34979, 31.82954], [-102.34609, 31.83035], [-102.34549, 31.83049], [-102.34497, 31.83065], [-102.34481, 31.8307], [-102.34436, 31.83088], [-102.34338, 31.83129], [-102.34209, 31.83208], [-102.3414, 31.83264], [-102.3383, 31.83545], [-102.33804, 31.83569], [-102.33658, 31.837], [-102.33564, 31.83785], [-102.32066, 31.85145], [-102.31653, 31.8552], [-102.31193, 31.85937], [-102.31032, 31.86085], [-102.30948, 31.86157], [-102.30917, 31.86183], [-102.30824, 31.86259], [-102.30735, 31.86325], [-102.30633, 31.86397], [-102.30563, 31.86442], [-102.30449, 31.86512], [-102.30425, 31.86527], [-102.30347, 31.8657], [-102.30214, 31.86641], [-102.302, 31.86648], [-102.30189, 31.86654], [-102.30168, 31.86665], [-102.3013, 31.86685], [-102.29866, 31.86824], [-102.28907, 31.87329], [-102.28743, 31.87416]]}}, {"type": "Feature", "properties": {"name": "I- 20"}, "geometry": {"type": "LineString", "coordinates": [[-102.76769, 31.63876], [-102.76756, 31.63888], [-102.76752, 31.6389], [-102.75034, 31.64896], [-102.74689, 31.65099], [-102.74647, 31.65124], [-102.74599, 31.65149], [-102.74594, 31.65152]]}}, {"type": "Feature", "properties": {"name": "I- 20"}, "geometry": {"type": "LineString", "coordinates": [[-101.17865, 32.3272], [-101.17147, 32.32901], [-101.17038, 32.32923], [-101.16959, 32.32943], [-101.16867, 32.32966], [-101.16798, 32.32984], [-101.16701, 32.33007], [-101.16572, 32.3304], [-101.16509, 32.33053], [-101.16392, 32.33082], [-101.16318, 32.33102], [-101.16292, 32.33108], [-101.16146, 32.33142], [-101.16034, 32.33169], [-101.15967, 32.33189], [-101.15829, 32.33221], [-101.15764, 32.33237], [-101.15674, 32.33258], [-101.15538, 32.33294], [-101.15489, 32.33305], [-101.15457, 32.33312], [-101.15116, 32.33395], [-101.15041, 32.33411], [-101.14952, 32.33429], [-101.14899, 32.33437], [-101.14859, 32.33444], [-101.1475, 32.33457], [-101.1461, 32.33469], [-101.1453, 32.33476], [-101.1441, 32.33488], [-101.14377, 32.33489], [-101.14242, 32.33501], [-101.14155, 32.3351], [-101.14136, 32.33512], [-101.13795, 32.33543], [-101.13748, 32.33549], [-101.13494, 32.33571], [-101.13167, 32.336], [-101.13072, 32.33609], [-101.12986, 32.33618], [-101.12881, 32.3363], [-101.12785, 32.33637], [-101.12568, 32.33656], [-101.12463, 32.33666], [-101.12412, 32.3367], [-101.12071, 32.33703], [-101.11835, 32.33724], [-101.11466, 32.33759], [-101.11177, 32.33785], [-101.10906, 32.3381], [-101.10807, 32.33818], [-101.1066, 32.33831], [-101.10502, 32.33845], [-101.10304, 32.33865], [-101.10152, 32.33877], [-101.09984, 32.33893], [-101.09848, 32.33905], [-101.09631, 32.33925], [-101.09448, 32.3394], [-101.09334, 32.33951], [-101.09204, 32.33964], [-101.09117, 32.33971], [-101.08951, 32.33986], [-101.08595, 32.34018], [-101.08418, 32.34036], [-101.08337, 32.34042], [-101.08121, 32.34062], [-101.08001, 32.34074], [-101.07903, 32.34082], [-101.07678, 32.34103], [-101.07591, 32.3411], [-101.0727, 32.34139], [-101.07154, 32.34151], [-101.07049, 32.3416], [-101.06864, 32.34176], [-101.06781, 32.34184], [-101.0666, 32.34195], [-101.06527, 32.3421], [-101.06416, 32.34226], [-101.06313, 32.34244], [-101.06174, 32.34271], [-101.06066, 32.34295], [-101.05868, 32.3434], [-101.05784, 32.34359], [-101.0561, 32.34398], [-101.05442, 32.34435], [-101.04887, 32.34558], [-101.0469, 32.34603], [-101.04495, 32.34645], [-101.04303, 32.34688], [-101.04101, 32.34731], [-101.0393, 32.3477], [-101.03515, 32.3486], [-101.03066, 32.34961], [-101.0276, 32.35031], [-101.02537, 32.35079], [-101.02473, 32.35093], [-101.02282, 32.35135], [-101.02219, 32.3515], [-101.02156, 32.35163], [-101.01968, 32.35205], [-101.01906, 32.35218], [-101.01887, 32.35222], [-101.01832, 32.35234], [-101.01814, 32.35239], [-101.01783, 32.35246], [-101.01741, 32.35255], [-101.01595, 32.35288], [-101.01521, 32.35303], [-101.01448, 32.35318], [-101.01412, 32.35326], [-101.01305, 32.35351], [-101.01269, 32.35359], [-101.01226, 32.35368], [-101.0113, 32.3539], [-101.01104, 32.35397], [-101.011, 32.35398], [-101.01086, 32.35402], [-101.01058, 32.35411], [-101.01055, 32.35412], [-101.01024, 32.35422], [-101.0101, 32.35427], [-101.00998, 32.35432], [-101.00956, 32.3545], [-101.00923, 32.35465], [-101.00889, 32.35483], [-101.00873, 32.35491], [-101.00856, 32.355], [-101.00829, 32.35516], [-101.00828, 32.35517], [-101.00824, 32.3552], [-101.00822, 32.3552], [-101.00777, 32.35551], [-101.00759, 32.35563], [-101.00637, 32.3564], [-101.006, 32.35664], [-101.00591, 32.3567], [-101.00581, 32.35677], [-101.0053, 32.3571], [-101.00433, 32.35774], [-101.00345, 32.3583], [-101.00302, 32.35858], [-101.00283, 32.35869], [-101.00271, 32.35877], [-101.00235, 32.359], [-101.00223, 32.35907], [-101.00203, 32.3592], [-101.00156, 32.3595], [-101.00142, 32.35959], [-101.00122, 32.35972], [-101.00034, 32.36028], [-100.99843, 32.36156], [-100.99621, 32.363], [-100.99443, 32.36416], [-100.99343, 32.3648], [-100.99084, 32.36647], [-100.98929, 32.36749], [-100.98784, 32.36842], [-100.98325, 32.37138], [-100.98166, 32.37243], [-100.98112, 32.37277], [-100.97993, 32.37353], [-100.97875, 32.37429], [-100.97826, 32.3746], [-100.97739, 32.37515], [-100.97607, 32.376], [-100.97536, 32.37646], [-100.97379, 32.37749], [-100.97376, 32.37751], [-100.97255, 32.3783], [-100.97087, 32.37938], [-100.96693, 32.38192], [-100.96645, 32.38223], [-100.96463, 32.38339], [-100.96456, 32.38344], [-100.96434, 32.38358], [-100.96427, 32.38363], [-100.96389, 32.38387], [-100.96361, 32.38405], [-100.96261, 32.38468], [-100.96193, 32.38508], [-100.96162, 32.38524], [-100.96093, 32.38559], [-100.96079, 32.38566], [-100.96003, 32.38599], [-100.95999, 32.38601], [-100.95935, 32.38627], [-100.95808, 32.38669], [-100.95756, 32.38685], [-100.95724, 32.38692], [-100.95668, 32.38705], [-100.95629, 32.38714], [-100.95618, 32.38716], [-100.95602, 32.3872], [-100.95586, 32.38722], [-100.95576, 32.38724], [-100.95539, 32.38731], [-100.95491, 32.38739], [-100.95472, 32.38742], [-100.95237, 32.38781], [-100.95153, 32.38795], [-100.95123, 32.388], [-100.95036, 32.38814], [-100.95006, 32.38819], [-100.95, 32.3882], [-100.9498, 32.38824], [-100.94974, 32.38825], [-100.94964, 32.38826], [-100.94862, 32.38844], [-100.94689, 32.38874], [-100.94528, 32.389], [-100.94417, 32.38918], [-100.94184, 32.38957], [-100.93485, 32.39072], [-100.93252, 32.39111], [-100.9322, 32.39116], [-100.93122, 32.39132], [-100.9309, 32.39138], [-100.93018, 32.3915], [-100.9297, 32.39158], [-100.92801, 32.39187], [-100.92758, 32.39194], [-100.92729, 32.392], [-100.92666, 32.3921], [-100.92478, 32.39241], [-100.92415, 32.39251], [-100.92396, 32.39254], [-100.92338, 32.39262], [-100.92327, 32.39263], [-100.92319, 32.39264], [-100.92242, 32.39272], [-100.92222, 32.39274], [-100.92151, 32.39279], [-100.92086, 32.39282], [-100.92032, 32.39283], [-100.9197, 32.39281], [-100.91929, 32.39279], [-100.9191, 32.39278], [-100.91832, 32.39273], [-100.91762, 32.39268], [-100.91739, 32.39266], [-100.9159, 32.39254], [-100.91552, 32.3925], [-100.91549, 32.3925], [-100.91482, 32.39246], [-100.91469, 32.39245], [-100.9143, 32.39242], [-100.91417, 32.39241], [-100.91354, 32.39237], [-100.9129, 32.39234], [-100.91268, 32.39233], [-100.91167, 32.39233], [-100.91085, 32.39236], [-100.91039, 32.39239], [-100.90955, 32.39246], [-100.90909, 32.39252], [-100.90809, 32.39266], [-100.90784, 32.39272], [-100.90763, 32.39276], [-100.90751, 32.39279], [-100.90702, 32.39291], [-100.90682, 32.39296], [-100.90668, 32.393], [-100.90634, 32.3931], [-100.90626, 32.39312], [-100.90612, 32.39316], [-100.90555, 32.39334], [-100.90464, 32.39365], [-100.90383, 32.39395], [-100.90365, 32.39402], [-100.90342, 32.39412], [-100.90316, 32.39423], [-100.90238, 32.39462], [-100.90103, 32.39534], [-100.89995, 32.39592], [-100.89672, 32.39764], [-100.89441, 32.39887], [-100.89432, 32.39892], [-100.89404, 32.39907], [-100.89395, 32.39912], [-100.8938, 32.3992], [-100.89336, 32.39944], [-100.89321, 32.39952], [-100.89022, 32.40111], [-100.88408, 32.40439], [-100.88394, 32.40446], [-100.88124, 32.4059], [-100.87846, 32.40739], [-100.87825, 32.40749], [-100.87718, 32.40806], [-100.87667, 32.40832], [-100.87614, 32.40855], [-100.8756, 32.40877], [-100.87503, 32.40897], [-100.87416, 32.40921], [-100.8737, 32.40932], [-100.87337, 32.40939], [-100.87266, 32.40953], [-100.86749, 32.4105], [-100.86659, 32.41068], [-100.86225, 32.41154], [-100.86045, 32.41188], [-100.85965, 32.41204], [-100.8581, 32.41235], [-100.85775, 32.41242], [-100.85722, 32.4125], [-100.85718, 32.41251], [-100.85664, 32.41256], [-100.85641, 32.41258], [-100.85618, 32.41259], [-100.85614, 32.41259], [-100.85536, 32.4126], [-100.85533, 32.4126], [-100.8551, 32.41258], [-100.85476, 32.41255], [-100.85413, 32.41248], [-100.85404, 32.41246], [-100.85371, 32.4124], [-100.85309, 32.41228], [-100.85248, 32.41209], [-100.85193, 32.4119], [-100.85101, 32.41151], [-100.85099, 32.4115], [-100.85054, 32.41128], [-100.85022, 32.41112], [-100.85004, 32.41103], [-100.84967, 32.41086], [-100.84873, 32.4104], [-100.84837, 32.41022], [-100.84481, 32.4085], [-100.84416, 32.40819], [-100.8435, 32.40787], [-100.8431, 32.40767], [-100.84188, 32.4071], [-100.84157, 32.40696], [-100.84148, 32.40691], [-100.84118, 32.40676], [-100.84026, 32.40632], [-100.84007, 32.40623], [-100.83996, 32.40617], [-100.83981, 32.40609], [-100.83973, 32.40606], [-100.83905, 32.40572], [-100.83882, 32.40561], [-100.83872, 32.40557], [-100.83844, 32.40543], [-100.83835, 32.40538], [-100.83715, 32.4048], [-100.83652, 32.40449], [-100.83595, 32.40422], [-100.83273, 32.40265], [-100.83259, 32.40258], [-100.83249, 32.40253], [-100.83244, 32.40251], [-100.83121, 32.40191], [-100.83103, 32.40182], [-100.83065, 32.40164], [-100.82957, 32.40112], [-100.82919, 32.40094], [-100.82912, 32.40091], [-100.8289, 32.4008], [-100.82882, 32.40077], [-100.82845, 32.40059], [-100.82782, 32.40028], [-100.82722, 32.39999], [-100.82481, 32.39882], [-100.82381, 32.39834], [-100.82377, 32.39832], [-100.82332, 32.39813], [-100.82323, 32.3981], [-100.82276, 32.39793], [-100.82226, 32.39776], [-100.82156, 32.39756], [-100.82145, 32.39753], [-100.82103, 32.39744], [-100.82084, 32.3974], [-100.82048, 32.39734], [-100.82009, 32.39728], [-100.81944, 32.39721], [-100.81877, 32.39716], [-100.81821, 32.39715], [-100.81712, 32.39719], [-100.81658, 32.39723], [-100.81618, 32.39728], [-100.81602, 32.39731], [-100.81556, 32.39738], [-100.81459, 32.39756], [-100.81377, 32.39772], [-100.81168, 32.39809], [-100.81071, 32.39826], [-100.81025, 32.39834], [-100.80887, 32.39859], [-100.8087, 32.39862], [-100.80841, 32.39867], [-100.80797, 32.39875], [-100.80666, 32.39899], [-100.80622, 32.39908], [-100.80534, 32.39924], [-100.80458, 32.39938], [-100.80271, 32.39972], [-100.80184, 32.39988], [-100.79966, 32.40027], [-100.79314, 32.40147], [-100.79096, 32.40186], [-100.79073, 32.4019], [-100.79004, 32.40203], [-100.78981, 32.40208], [-100.78943, 32.40214], [-100.78831, 32.40235], [-100.78793, 32.40242], [-100.78678, 32.40263], [-100.78394, 32.40315], [-100.78334, 32.40325], [-100.78218, 32.40345], [-100.78209, 32.40347], [-100.782, 32.40349], [-100.78144, 32.40359], [-100.78125, 32.40362], [-100.78111, 32.40365], [-100.78069, 32.40373], [-100.78055, 32.40375], [-100.78003, 32.40385], [-100.77847, 32.40413], [-100.77795, 32.40423], [-100.77527, 32.40471], [-100.77422, 32.4049], [-100.77258, 32.4052], [-100.77145, 32.40541], [-100.76975, 32.40572], [-100.76851, 32.40594], [-100.76532, 32.40652], [-100.76349, 32.40685], [-100.76304, 32.40693], [-100.76197, 32.40713], [-100.76106, 32.40729], [-100.75986, 32.40751], [-100.75931, 32.40761], [-100.75881, 32.4077], [-100.75875, 32.40772], [-100.75732, 32.40798], [-100.75682, 32.40807], [-100.75666, 32.40809], [-100.75617, 32.40818], [-100.75601, 32.40821], [-100.75589, 32.40823], [-100.75553, 32.4083], [-100.75541, 32.40832], [-100.75504, 32.40838], [-100.75503, 32.40839], [-100.75395, 32.40857], [-100.75359, 32.40863], [-100.75304, 32.40873], [-100.75285, 32.40876], [-100.75246, 32.40884], [-100.75219, 32.40888], [-100.75138, 32.40902], [-100.75083, 32.40912], [-100.75033, 32.40921], [-100.74771, 32.40969], [-100.74307, 32.41055], [-100.74139, 32.41085], [-100.73833, 32.41141], [-100.73787, 32.41149], [-100.7352, 32.41195], [-100.73472, 32.41205], [-100.73395, 32.4122], [-100.7333, 32.41231], [-100.73282, 32.4124], [-100.73191, 32.41257], [-100.73039, 32.41285], [-100.72917, 32.41307], [-100.72826, 32.41324], [-100.72811, 32.41326], [-100.72765, 32.41334], [-100.7275, 32.41337], [-100.72675, 32.41351], [-100.72449, 32.41391], [-100.72373, 32.41405], [-100.7236, 32.41407], [-100.72318, 32.41415], [-100.72305, 32.41417], [-100.72301, 32.41418], [-100.72291, 32.4142], [-100.72288, 32.4142], [-100.72245, 32.41428], [-100.72231, 32.4143], [-100.72061, 32.41461], [-100.72005, 32.41471], [-100.71936, 32.41484], [-100.71868, 32.41496], [-100.71792, 32.4151], [-100.71734, 32.41518], [-100.71697, 32.41521], [-100.71658, 32.41523], [-100.71605, 32.41524], [-100.71564, 32.41523], [-100.71521, 32.4152], [-100.71481, 32.41515], [-100.71454, 32.41512], [-100.71316, 32.41494], [-100.71306, 32.41493], [-100.71277, 32.41489], [-100.71268, 32.41488], [-100.71188, 32.41477], [-100.70968, 32.41449], [-100.70951, 32.41446], [-100.70922, 32.41442], [-100.70878, 32.41434], [-100.70873, 32.41432], [-100.70837, 32.41424], [-100.7073, 32.414], [-100.70694, 32.41392], [-100.70684, 32.41389], [-100.70653, 32.41382], [-100.70642, 32.4138], [-100.70633, 32.41378], [-100.70613, 32.41373], [-100.70606, 32.41372], [-100.70597, 32.41369], [-100.7058, 32.41365], [-100.70528, 32.41351], [-100.70511, 32.41346], [-100.70504, 32.41345], [-100.70485, 32.4134], [-100.70483, 32.4134], [-100.70479, 32.41339], [-100.70423, 32.41326], [-100.7029, 32.41295], [-100.70257, 32.41286], [-100.70201, 32.41273], [-100.70146, 32.4126], [-100.70109, 32.41248], [-100.7007, 32.41234], [-100.70032, 32.41216], [-100.69895, 32.41148], [-100.69888, 32.41144], [-100.69813, 32.41107], [-100.69695, 32.4105], [-100.69613, 32.4101], [-100.69479, 32.40944], [-100.69395, 32.40902], [-100.69322, 32.40866], [-100.69194, 32.40803], [-100.69074, 32.40743], [-100.69018, 32.40714], [-100.68994, 32.40705], [-100.68972, 32.40697], [-100.68953, 32.4069], [-100.68922, 32.40681], [-100.68884, 32.40671], [-100.68849, 32.40664], [-100.68804, 32.40657], [-100.68767, 32.40653], [-100.68723, 32.40653], [-100.68637, 32.40654], [-100.68627, 32.40654], [-100.68596, 32.40654], [-100.68586, 32.40655], [-100.68577, 32.40655], [-100.6855, 32.40655], [-100.68541, 32.40655], [-100.68497, 32.40656], [-100.68406, 32.40658], [-100.68354, 32.40659], [-100.68277, 32.40664], [-100.68204, 32.40666], [-100.68161, 32.4067], [-100.6811, 32.40677], [-100.68058, 32.40686], [-100.67779, 32.40737], [-100.67323, 32.40821], [-100.66591, 32.40965], [-100.66411, 32.41001], [-100.66289, 32.41025], [-100.66179, 32.41044]]}}, {"type": "Feature", "properties": {"name": "I- 20"}, "geometry": {"type": "LineString", "coordinates": [[-101.17864, 32.32741], [-101.16817, 32.33], [-101.16324, 32.33121], [-101.16273, 32.33134], [-101.16039, 32.33192], [-101.15928, 32.33218], [-101.15833, 32.33241], [-101.15746, 32.33263], [-101.15498, 32.33324], [-101.15464, 32.33332], [-101.1531, 32.33371], [-101.15124, 32.33415], [-101.15, 32.33443], [-101.14954, 32.33451], [-101.14918, 32.33458], [-101.14824, 32.33469], [-101.14706, 32.33479], [-101.1466, 32.33485], [-101.14613, 32.3349], [-101.14541, 32.33495], [-101.14458, 32.33504], [-101.14314, 32.33517], [-101.14226, 32.33524], [-101.14158, 32.33532], [-101.14006, 32.33544], [-101.13868, 32.33559], [-101.13765, 32.33568], [-101.13678, 32.33575], [-101.13568, 32.33584], [-101.13491, 32.33592], [-101.13386, 32.33602], [-101.1326, 32.33614], [-101.13071, 32.33631], [-101.13027, 32.33634], [-101.12956, 32.33641], [-101.12786, 32.33657], [-101.12601, 32.33672], [-101.12426, 32.33688], [-101.12414, 32.33689], [-101.12253, 32.33704], [-101.12047, 32.33724], [-101.11917, 32.33736], [-101.11866, 32.3374], [-101.11797, 32.33747], [-101.11734, 32.33752], [-101.11673, 32.33758], [-101.11383, 32.33785], [-101.11118, 32.33809], [-101.10952, 32.33825], [-101.10864, 32.33832], [-101.10707, 32.33846], [-101.10556, 32.3386], [-101.10091, 32.33903], [-101.09958, 32.33916], [-101.09828, 32.33928], [-101.09705, 32.3394], [-101.09584, 32.3395], [-101.09468, 32.33961], [-101.09243, 32.33981], [-101.0912, 32.33992], [-101.09036, 32.34], [-101.08916, 32.34011], [-101.08821, 32.3402], [-101.0856, 32.34044], [-101.0841, 32.34057], [-101.08263, 32.34071], [-101.08104, 32.34085], [-101.07549, 32.34137], [-101.07396, 32.3415], [-101.07298, 32.34159], [-101.07173, 32.3417], [-101.07052, 32.34181], [-101.06831, 32.34203], [-101.06647, 32.3422], [-101.06539, 32.3423], [-101.06379, 32.34259], [-101.06068, 32.34321], [-101.05714, 32.34394], [-101.04949, 32.34566], [-101.04093, 32.34755], [-101.03317, 32.34926], [-101.02576, 32.35089], [-101.02537, 32.35097], [-101.02493, 32.35107], [-101.02223, 32.35167], [-101.02128, 32.35189], [-101.0197, 32.35223], [-101.01916, 32.35235], [-101.01857, 32.35248], [-101.01801, 32.35257], [-101.01793, 32.35262], [-101.01557, 32.35313], [-101.0131, 32.35366], [-101.01283, 32.35373], [-101.01166, 32.35401], [-101.0106, 32.3543], [-101.01047, 32.35434], [-101.01015, 32.35446], [-101.00991, 32.35455], [-101.00934, 32.35481], [-101.00889, 32.35504], [-101.00847, 32.35529], [-101.00812, 32.3555], [-101.00806, 32.35554], [-101.007, 32.35624], [-101.00614, 32.35679], [-101.00596, 32.3569], [-101.00592, 32.35693], [-101.00486, 32.35762], [-101.00314, 32.35874], [-101.00206, 32.35945], [-101.00173, 32.35966], [-101.00034, 32.36054], [-100.99855, 32.36172], [-100.99455, 32.36431], [-100.99356, 32.36496], [-100.99095, 32.36664], [-100.9894, 32.36765], [-100.98795, 32.36858], [-100.98336, 32.37155], [-100.98214, 32.37235], [-100.98175, 32.37261], [-100.97995, 32.37375], [-100.97838, 32.37477], [-100.97774, 32.37517], [-100.9762, 32.37616], [-100.97478, 32.37707], [-100.97389, 32.37766], [-100.97258, 32.37848], [-100.97056, 32.37978], [-100.96886, 32.3809], [-100.9676, 32.38175], [-100.96616, 32.38263], [-100.96442, 32.38379], [-100.9641, 32.38399], [-100.9627, 32.38485], [-100.96197, 32.38528], [-100.96104, 32.38576], [-100.9609, 32.38583], [-100.96022, 32.38612], [-100.95923, 32.38651], [-100.9586, 32.38673], [-100.95812, 32.38689], [-100.9576, 32.38703], [-100.95682, 32.38722], [-100.95602, 32.38739], [-100.95539, 32.3875], [-100.9547, 32.38762], [-100.95446, 32.38766], [-100.95164, 32.38812], [-100.9514, 32.38816], [-100.95008, 32.38838], [-100.94983, 32.38842], [-100.94968, 32.38845], [-100.94688, 32.38893], [-100.94423, 32.38937], [-100.9317, 32.39146], [-100.92758, 32.39213], [-100.92733, 32.39217], [-100.92433, 32.39269], [-100.923, 32.39285], [-100.92179, 32.39298], [-100.91983, 32.39299], [-100.91824, 32.39292], [-100.91471, 32.39265], [-100.91352, 32.39255], [-100.91236, 32.39251], [-100.91114, 32.39254], [-100.91008, 32.3926], [-100.90909, 32.39272], [-100.90785, 32.39294], [-100.90718, 32.39309], [-100.90629, 32.39331], [-100.90526, 32.39363], [-100.90408, 32.39405], [-100.90387, 32.39415], [-100.90325, 32.39441], [-100.90102, 32.39557], [-100.89875, 32.39677], [-100.89458, 32.39905], [-100.89406, 32.39932], [-100.89333, 32.3997], [-100.88399, 32.40465], [-100.88328, 32.40499], [-100.88242, 32.40547], [-100.88077, 32.40635], [-100.87933, 32.40712], [-100.87831, 32.40773], [-100.87795, 32.40797], [-100.87661, 32.40857], [-100.87577, 32.40896], [-100.875, 32.40918], [-100.87412, 32.40946], [-100.87204, 32.40985], [-100.87174, 32.40991], [-100.86922, 32.4104], [-100.8669, 32.41088], [-100.8662, 32.41101], [-100.86503, 32.41122], [-100.86173, 32.41185], [-100.86083, 32.41204], [-100.86044, 32.41209], [-100.85923, 32.4123], [-100.85773, 32.41258], [-100.85615, 32.41276], [-100.85582, 32.4128], [-100.85423, 32.41266], [-100.85304, 32.41243], [-100.85153, 32.41194], [-100.85017, 32.41132], [-100.84881, 32.41065], [-100.84768, 32.41008], [-100.84357, 32.40812], [-100.84156, 32.40716], [-100.84154, 32.40715], [-100.83926, 32.40593], [-100.8388, 32.4058], [-100.83825, 32.40553], [-100.83799, 32.4054], [-100.83701, 32.40495], [-100.83603, 32.40448], [-100.83344, 32.40323], [-100.83226, 32.40264], [-100.8309, 32.40197], [-100.83084, 32.40194], [-100.82947, 32.40129], [-100.82876, 32.40093], [-100.82859, 32.40078], [-100.82495, 32.39906], [-100.82377, 32.39853], [-100.82359, 32.39845], [-100.82277, 32.39812], [-100.82227, 32.39796], [-100.82156, 32.39775], [-100.82104, 32.39763], [-100.82048, 32.39753], [-100.82022, 32.39749], [-100.82011, 32.39748], [-100.81975, 32.39744], [-100.81886, 32.3974], [-100.81737, 32.39741], [-100.81629, 32.39752], [-100.81468, 32.39779], [-100.8131, 32.39806], [-100.81154, 32.39831], [-100.81118, 32.39837], [-100.81082, 32.39844], [-100.81007, 32.39858], [-100.80627, 32.39928], [-100.80328, 32.3998], [-100.802, 32.40003], [-100.79083, 32.40207], [-100.78985, 32.40225], [-100.78492, 32.40315], [-100.78403, 32.40331], [-100.78235, 32.40361], [-100.7813, 32.4038], [-100.77822, 32.40429], [-100.77765, 32.40446], [-100.7769, 32.4046], [-100.77585, 32.40479], [-100.77448, 32.40503], [-100.77305, 32.4053], [-100.7676, 32.40629], [-100.76611, 32.40656], [-100.76528, 32.40671], [-100.76287, 32.40715], [-100.76142, 32.40742], [-100.76112, 32.40747], [-100.75938, 32.40778], [-100.75892, 32.40786], [-100.75859, 32.4079], [-100.75795, 32.40804], [-100.75605, 32.40839], [-100.75372, 32.40877], [-100.75324, 32.4089], [-100.75262, 32.40902], [-100.7522, 32.40909], [-100.75087, 32.40933], [-100.75033, 32.40942], [-100.74552, 32.41027], [-100.74307, 32.41072], [-100.74139, 32.41102], [-100.73395, 32.41237], [-100.73292, 32.41257], [-100.72831, 32.4134], [-100.72754, 32.41354], [-100.72389, 32.4142], [-100.72329, 32.41432], [-100.72281, 32.4144], [-100.7225, 32.41445], [-100.71792, 32.41528], [-100.71734, 32.41535], [-100.71698, 32.41539], [-100.71658, 32.41541], [-100.71605, 32.41541], [-100.71564, 32.4154], [-100.71521, 32.41537], [-100.71481, 32.41533], [-100.71314, 32.41511], [-100.7126, 32.41504], [-100.7104, 32.4147], [-100.70964, 32.41455], [-100.70936, 32.4145], [-100.70883, 32.41445], [-100.70824, 32.41432], [-100.70725, 32.41408], [-100.70691, 32.41401], [-100.70642, 32.4139], [-100.70617, 32.41384], [-100.70574, 32.41374], [-100.70504, 32.41357], [-100.70483, 32.41351], [-100.70365, 32.41326], [-100.7033, 32.41317], [-100.70287, 32.41309], [-100.70217, 32.41294], [-100.70116, 32.41265], [-100.70038, 32.4124], [-100.69961, 32.41202], [-100.6992, 32.4118], [-100.699, 32.4117], [-100.69728, 32.41086], [-100.69689, 32.41067], [-100.69615, 32.41029], [-100.69469, 32.40958], [-100.69255, 32.40852], [-100.69223, 32.40837], [-100.69028, 32.40743], [-100.68991, 32.40726], [-100.68957, 32.40712], [-100.68924, 32.40702], [-100.68899, 32.40694], [-100.68882, 32.40688], [-100.68849, 32.40681], [-100.68805, 32.40674], [-100.68767, 32.40671], [-100.68723, 32.4067], [-100.68584, 32.40672], [-100.68542, 32.40673], [-100.6849, 32.40673], [-100.68436, 32.40674], [-100.68366, 32.40675], [-100.68314, 32.40677], [-100.6828, 32.40679], [-100.68222, 32.40684], [-100.68216, 32.40685], [-100.68151, 32.40692], [-100.68096, 32.407], [-100.68034, 32.40709], [-100.67853, 32.40742], [-100.67711, 32.40768], [-100.67518, 32.40805], [-100.67307, 32.40844], [-100.66986, 32.40903], [-100.66921, 32.40915], [-100.66777, 32.40944], [-100.66383, 32.41024], [-100.66179, 32.41065]]}}, {"type": "Feature", "properties": {"name": "I- 20"}, "geometry": {"type": "LineString", "coordinates": [[-104.06031, 31.089], [-104.05906, 31.08971], [-104.05871, 31.08989], [-104.05771, 31.09042], [-104.05645, 31.0911], [-104.05517, 31.09182], [-104.05403, 31.09257], [-104.05395, 31.09263], [-104.05291, 31.09339], [-104.0525, 31.09375], [-104.05108, 31.095], [-104.05087, 31.09518], [-104.04915, 31.09711], [-104.04784, 31.09901], [-104.04758, 31.09945], [-104.04726, 31.09998], [-104.0467, 31.10113], [-104.04546, 31.10368], [-104.04478, 31.10506], [-104.0443, 31.10601], [-104.04392, 31.10678], [-104.04306, 31.10803], [-104.04133, 31.11029], [-104.04027, 31.11174], [-104.03612, 31.11708], [-104.03379, 31.12013], [-104.03366, 31.1203], [-104.03246, 31.12195], [-104.02998, 31.12501], [-104.02901, 31.12629], [-104.02789, 31.12782], [-104.02738, 31.12848], [-104.02664, 31.12946], [-104.02611, 31.13004], [-104.02539, 31.13075], [-104.02456, 31.13142], [-104.02375, 31.13196], [-104.0226, 31.1326], [-104.0201, 31.13383], [-104.01172, 31.13791], [-104.00871, 31.13938], [-104.00809, 31.13968], [-104.00561, 31.14089], [-104.00326, 31.14203], [-104.0002, 31.14352], [-103.99679, 31.1452], [-103.99392, 31.14658], [-103.99338, 31.14686], [-103.99227, 31.1475], [-103.99178, 31.14781], [-103.99124, 31.14819], [-103.99078, 31.14854], [-103.99021, 31.149], [-103.98988, 31.14929], [-103.9882, 31.15071], [-103.9774, 31.16002], [-103.97692, 31.16043], [-103.97609, 31.16101], [-103.97475, 31.16223], [-103.97178, 31.16492], [-103.96991, 31.16641], [-103.96778, 31.16827], [-103.96531, 31.1704], [-103.96149, 31.1737], [-103.9571, 31.17746], [-103.95415, 31.18002], [-103.95183, 31.182], [-103.94925, 31.18413], [-103.94732, 31.18569], [-103.94631, 31.18652], [-103.9445, 31.18798], [-103.94449, 31.18799], [-103.94258, 31.18959], [-103.94048, 31.1914], [-103.9391, 31.1926], [-103.93774, 31.19373], [-103.929, 31.20125], [-103.92362, 31.20588], [-103.90759, 31.21961], [-103.90753, 31.21961], [-103.90688, 31.22014], [-103.90653, 31.22048], [-103.90423, 31.22243], [-103.90281, 31.22365], [-103.90152, 31.22468], [-103.90014, 31.2256], [-103.898, 31.22683], [-103.89796, 31.2269], [-103.89761, 31.22706], [-103.89642, 31.22769], [-103.89554, 31.22814], [-103.89463, 31.22864], [-103.89328, 31.22936], [-103.89254, 31.22979], [-103.89185, 31.23023], [-103.8912, 31.23067], [-103.89057, 31.23112], [-103.89037, 31.23129], [-103.8903, 31.23135], [-103.88872, 31.23252], [-103.88648, 31.23423], [-103.88184, 31.23777], [-103.88176, 31.23782], [-103.8812, 31.23824], [-103.88031, 31.23895], [-103.87929, 31.23982], [-103.87838, 31.24065], [-103.87774, 31.24123], [-103.87713, 31.24182], [-103.87657, 31.2423], [-103.87614, 31.24269], [-103.86796, 31.25006], [-103.86647, 31.25144], [-103.86575, 31.25215], [-103.86539, 31.25256], [-103.86502, 31.25299], [-103.86467, 31.25345], [-103.86432, 31.25397], [-103.86399, 31.25446], [-103.86281, 31.25662], [-103.862, 31.25808], [-103.86081, 31.26034], [-103.86016, 31.26152], [-103.86015, 31.26154], [-103.85952, 31.26276], [-103.85846, 31.26462], [-103.85823, 31.26506], [-103.85793, 31.26553], [-103.85761, 31.26601], [-103.85733, 31.2664], [-103.85659, 31.26726], [-103.85623, 31.26766], [-103.85597, 31.26795], [-103.85577, 31.26815], [-103.85532, 31.26854], [-103.85463, 31.26913], [-103.85386, 31.26974], [-103.85324, 31.27023], [-103.85133, 31.27167], [-103.85103, 31.27189], [-103.84827, 31.27399], [-103.84457, 31.27678], [-103.84453, 31.27682], [-103.84415, 31.27707], [-103.842, 31.27855], [-103.83972, 31.28008], [-103.83707, 31.28185], [-103.83246, 31.28489], [-103.82636, 31.28895], [-103.82597, 31.2892], [-103.82498, 31.28985], [-103.8152, 31.29633], [-103.81184, 31.29857], [-103.80879, 31.30058], [-103.80661, 31.30202], [-103.80315, 31.30431], [-103.80159, 31.30533], [-103.79975, 31.30654], [-103.79896, 31.30703], [-103.79872, 31.30717], [-103.79831, 31.30739], [-103.79828, 31.3074], [-103.79778, 31.30764], [-103.79727, 31.3079], [-103.79698, 31.30803], [-103.79669, 31.30814], [-103.79619, 31.30836], [-103.79614, 31.30832], [-103.79528, 31.30858], [-103.79379, 31.30919], [-103.79229, 31.30989], [-103.78971, 31.31159], [-103.78963, 31.31163], [-103.78867, 31.31228], [-103.78516, 31.31454], [-103.78503, 31.31473], [-103.78312, 31.31598], [-103.78229, 31.31652], [-103.78143, 31.31705], [-103.78136, 31.31708], [-103.78058, 31.31753], [-103.77901, 31.31835], [-103.77664, 31.31956], [-103.77384, 31.32102], [-103.77119, 31.3224], [-103.767, 31.32453], [-103.7667, 31.3247], [-103.76633, 31.32492], [-103.76178, 31.32775], [-103.75929, 31.32927], [-103.7541, 31.33242], [-103.75382, 31.33259], [-103.75303, 31.3331], [-103.75216, 31.33362], [-103.75039, 31.33473], [-103.74799, 31.33619], [-103.74457, 31.33827], [-103.74378, 31.33878], [-103.74262, 31.33945], [-103.74201, 31.33974], [-103.74123, 31.34009], [-103.73942, 31.34085], [-103.73615, 31.34222], [-103.73535, 31.34256], [-103.7255, 31.34671], [-103.72526, 31.3468], [-103.71981, 31.34901], [-103.71653, 31.35046], [-103.71367, 31.35163], [-103.70711, 31.35435], [-103.70399, 31.35542], [-103.69545, 31.35832], [-103.69195, 31.35956], [-103.68627, 31.36159], [-103.68128, 31.36326], [-103.6804, 31.36365], [-103.67966, 31.36388], [-103.67724, 31.36473], [-103.67068, 31.36699], [-103.66563, 31.36874], [-103.66185, 31.37003], [-103.65825, 31.37129], [-103.6546, 31.37256], [-103.64705, 31.37518], [-103.64194, 31.37692], [-103.63807, 31.37826], [-103.63556, 31.37913], [-103.63272, 31.38011], [-103.63016, 31.38101], [-103.62822, 31.38166], [-103.62532, 31.38268], [-103.62333, 31.38336], [-103.62017, 31.38446], [-103.61776, 31.38525], [-103.61246, 31.38701], [-103.61183, 31.38726], [-103.6115, 31.38745], [-103.60178, 31.39081], [-103.58875, 31.3953], [-103.58357, 31.39709], [-103.57084, 31.40148], [-103.5696, 31.40194], [-103.56818, 31.40244], [-103.56708, 31.40281], [-103.56403, 31.40386], [-103.56273, 31.40432], [-103.56155, 31.40473], [-103.5597, 31.40536], [-103.55834, 31.40584], [-103.55743, 31.40617], [-103.55688, 31.40635], [-103.55644, 31.40647], [-103.55616, 31.40655], [-103.55568, 31.40664], [-103.55483, 31.40675], [-103.55421, 31.40679], [-103.55375, 31.40678], [-103.55331, 31.40677], [-103.55299, 31.40675], [-103.55275, 31.40673], [-103.5522, 31.40667], [-103.55167, 31.40658], [-103.55117, 31.40647], [-103.55068, 31.40634], [-103.55023, 31.40625], [-103.54985, 31.40615], [-103.54643, 31.40532], [-103.54428, 31.4048], [-103.53899, 31.40352], [-103.53836, 31.40337], [-103.53769, 31.4032], [-103.52583, 31.40035], [-103.52523, 31.4002], [-103.52499, 31.40015], [-103.52409, 31.4], [-103.52366, 31.39993], [-103.52361, 31.39992], [-103.52209, 31.39965], [-103.52206, 31.39965], [-103.52168, 31.39958], [-103.52035, 31.39937], [-103.51694, 31.3988], [-103.51606, 31.39864], [-103.51449, 31.39836], [-103.51304, 31.39814], [-103.5104, 31.39769], [-103.50906, 31.39746], [-103.50366, 31.39653], [-103.50069, 31.39603], [-103.50063, 31.39602], [-103.50007, 31.39594], [-103.4996, 31.39591], [-103.49914, 31.39589], [-103.49858, 31.3959], [-103.49815, 31.39593], [-103.49729, 31.39604], [-103.49713, 31.39607], [-103.49701, 31.39609], [-103.4967, 31.39615], [-103.49635, 31.39624], [-103.49548, 31.3965], [-103.49503, 31.39668], [-103.4924, 31.39771], [-103.49109, 31.39821], [-103.49024, 31.39855], [-103.48972, 31.39876], [-103.4897, 31.39877], [-103.48953, 31.39884], [-103.48879, 31.39912], [-103.48738, 31.39966], [-103.48642, 31.40002], [-103.48292, 31.40146], [-103.4799, 31.40257], [-103.47896, 31.40294], [-103.47545, 31.40429], [-103.47423, 31.40477], [-103.4725, 31.40544], [-103.47024, 31.40633], [-103.4691, 31.40677], [-103.46841, 31.40705], [-103.46781, 31.40727], [-103.46738, 31.40742], [-103.46683, 31.40759], [-103.46603, 31.4078], [-103.46555, 31.40788], [-103.46498, 31.40795], [-103.46395, 31.408], [-103.46246, 31.40807], [-103.45694, 31.40828], [-103.45614, 31.40832], [-103.45575, 31.40834], [-103.45515, 31.40835], [-103.45301, 31.40842], [-103.45183, 31.40847], [-103.44985, 31.40854], [-103.44408, 31.40876], [-103.44, 31.40891], [-103.43868, 31.40896], [-103.43661, 31.40906], [-103.43528, 31.4091], [-103.43461, 31.40914], [-103.43389, 31.40925], [-103.43341, 31.40935], [-103.43235, 31.40965], [-103.43072, 31.41013], [-103.42865, 31.41073], [-103.42506, 31.41179], [-103.42484, 31.41186], [-103.40448, 31.41783], [-103.39855, 31.41957], [-103.39806, 31.41975], [-103.39759, 31.41993], [-103.39714, 31.42012], [-103.39667, 31.42035], [-103.39624, 31.42058], [-103.39584, 31.42085], [-103.39543, 31.42115], [-103.39499, 31.42148], [-103.39441, 31.42205], [-103.39025, 31.42605], [-103.38945, 31.4268], [-103.3894, 31.42685]]}}, {"type": "Feature", "properties": {"name": "US Hwy 70"}, "geometry": {"type": "LineString", "coordinates": [[-99.24787, 34.15296], [-99.2494, 34.15329], [-99.25392, 34.15435], [-99.25639, 34.15495], [-99.25785, 34.15531], [-99.26031, 34.1559], [-99.2625, 34.15641], [-99.26547, 34.15708], [-99.2673, 34.15748], [-99.27123, 34.1584], [-99.27478, 34.1593], [-99.27552, 34.15946], [-99.27638, 34.15962], [-99.27683, 34.15969], [-99.27719, 34.15973], [-99.27803, 34.15974], [-99.27889, 34.15974], [-99.2823, 34.1597], [-99.28435, 34.15968], [-99.28455, 34.15968], [-99.28477, 34.15968], [-99.28529, 34.15969], [-99.28568, 34.15969], [-99.28611, 34.15974], [-99.28654, 34.15982], [-99.28718, 34.15995], [-99.28793, 34.16018], [-99.28863, 34.16039], [-99.28876, 34.16043], [-99.28912, 34.16053], [-99.28914, 34.16054], [-99.28922, 34.16056], [-99.28939, 34.16059], [-99.2896, 34.16062], [-99.28995, 34.16067], [-99.29035, 34.16069], [-99.29408, 34.16065], [-99.29543, 34.16064], [-99.29844, 34.1606], [-99.30048, 34.16058], [-99.30084, 34.16058], [-99.3044, 34.16054], [-99.30516, 34.16053], [-99.30588, 34.16051], [-99.30652, 34.16052], [-99.30721, 34.16056], [-99.30781, 34.16062], [-99.30862, 34.16076], [-99.30915, 34.16089], [-99.30981, 34.1611], [-99.31082, 34.1615], [-99.3116, 34.16191], [-99.31195, 34.16212], [-99.3129, 34.16275]]}}, {"type": "Feature", "properties": {"name": "US Hwy 70"}, "geometry": {"type": "LineString", "coordinates": [[-99.28455, 34.15985], [-99.28435, 34.15985], [-99.28241, 34.1599], [-99.27858, 34.15995], [-99.27737, 34.15996], [-99.27668, 34.1599], [-99.27583, 34.15976], [-99.27514, 34.15961], [-99.27115, 34.15859], [-99.26722, 34.15768], [-99.26608, 34.15742], [-99.26025, 34.15609], [-99.25644, 34.1552], [-99.25383, 34.15458], [-99.2487, 34.15337], [-99.24775, 34.15314]]}}, {"type": "Feature", "properties": {"name": "US Hwy 82"}, "geometry": {"type": "LineString", "coordinates": [[-99.23813, 33.61983], [-99.23907, 33.61934], [-99.2397, 33.61896], [-99.24039, 33.61843], [-99.24089, 33.61796], [-99.24137, 33.61746], [-99.24176, 33.61693], [-99.24221, 33.61618], [-99.2426, 33.61538], [-99.24295, 33.61428], [-99.24306, 33.61357], [-99.24313, 33.61275], [-99.24301, 33.61148], [-99.24284, 33.61013], [-99.2422, 33.60507], [-99.24198, 33.60334], [-99.24183, 33.60224], [-99.24147, 33.59904], [-99.24099, 33.5958], [-99.24074, 33.59328], [-99.24066, 33.59245], [-99.24065, 33.59152], [-99.2408, 33.59054], [-99.24093, 33.58975], [-99.24104, 33.58922], [-99.24124, 33.58857], [-99.24148, 33.58796], [-99.24193, 33.5869]]}}, {"type": "Feature", "properties": {"name": "US Hwy 82"}, "geometry": {"type": "LineString", "coordinates": [[-101.90045, 33.57785], [-101.90052, 33.57781], [-101.90081, 33.57763], [-101.90124, 33.57739], [-101.90199, 33.57698], [-101.90316, 33.57629], [-101.90511, 33.57501], [-101.9068, 33.57381], [-101.90826, 33.57277], [-101.91038, 33.57127], [-101.91207, 33.57017], [-101.91315, 33.56945], [-101.91596, 33.56768], [-101.91649, 33.56738], [-101.91926, 33.56584], [-101.92073, 33.56507], [-101.92243, 33.56417], [-101.92297, 33.5639], [-101.92387, 33.56345], [-101.92538, 33.56258], [-101.92595, 33.56225], [-101.92904, 33.5601], [-101.92997, 33.55938], [-101.93109, 33.55851], [-101.93156, 33.55821], [-101.93357, 33.55673], [-101.93375, 33.55659], [-101.93444, 33.55613], [-101.93608, 33.55507], [-101.93679, 33.5546], [-101.93711, 33.5544], [-101.93788, 33.55394], [-101.93829, 33.5537], [-101.9385, 33.55358], [-101.93865, 33.5535], [-101.93882, 33.55341], [-101.93937, 33.55309], [-101.93957, 33.55299], [-101.93974, 33.55288], [-101.9404, 33.55248], [-101.9406, 33.55238], [-101.9416, 33.55194], [-101.94195, 33.5518], [-101.94294, 33.55138], [-101.94491, 33.55043], [-101.94516, 33.55028], [-101.94634, 33.54957], [-101.94825, 33.54828]]}}, {"type": "Feature", "properties": {"name": "US Hwy 82"}, "geometry": {"type": "LineString", "coordinates": [[-101.83209, 33.59069], [-101.83259, 33.59066], [-101.83321, 33.59066], [-101.83394, 33.5907], [-101.83442, 33.59073], [-101.83507, 33.5908], [-101.83577, 33.59089], [-101.83643, 33.59097], [-101.83757, 33.59113], [-101.83826, 33.59122], [-101.83886, 33.59132], [-101.83913, 33.59136], [-101.83937, 33.59141], [-101.83939, 33.59142], [-101.84017, 33.59156], [-101.84083, 33.59168], [-101.84236, 33.592], [-101.84325, 33.59216], [-101.8438, 33.59227], [-101.8444, 33.5924], [-101.84606, 33.59273], [-101.84735, 33.59286], [-101.84745, 33.59287], [-101.84753, 33.59286], [-101.8491, 33.59286], [-101.85028, 33.59285], [-101.85138, 33.59287], [-101.85229, 33.59284], [-101.85322, 33.59286], [-101.85437, 33.59285], [-101.85525, 33.59285], [-101.85586, 33.59287], [-101.85651, 33.59289], [-101.85753, 33.59287], [-101.85858, 33.59284], [-101.8597, 33.59285], [-101.86069, 33.59285], [-101.86187, 33.59285], [-101.86306, 33.59284], [-101.8641, 33.59286], [-101.86515, 33.59286], [-101.86626, 33.59285], [-101.86726, 33.59283], [-101.86831, 33.59286], [-101.87037, 33.59286], [-101.87056, 33.59286], [-101.8708, 33.59285], [-101.87168, 33.59285], [-101.87351, 33.59282], [-101.87402, 33.5928], [-101.87423, 33.5928], [-101.87449, 33.5928], [-101.87465, 33.5928], [-101.87519, 33.59271], [-101.87531, 33.59269], [-101.87576, 33.5926], [-101.87642, 33.59241], [-101.87664, 33.59234], [-101.87692, 33.59225], [-101.87751, 33.59202], [-101.87775, 33.59186], [-101.87792, 33.59176], [-101.87824, 33.59156], [-101.87851, 33.59139], [-101.87885, 33.59119], [-101.87926, 33.59092], [-101.87946, 33.5908], [-101.88012, 33.59038], [-101.88171, 33.58924], [-101.88436, 33.58761], [-101.88855, 33.58502], [-101.88876, 33.58487], [-101.89119, 33.58335], [-101.89415, 33.58152], [-101.89433, 33.58141], [-101.89442, 33.58136], [-101.89818, 33.57929], [-101.89874, 33.57899], [-101.90012, 33.5782], [-101.90048, 33.578], [-101.90065, 33.5779], [-101.90068, 33.57789], [-101.90071, 33.57787], [-101.90078, 33.57783], [-101.9012, 33.57765]]}}, {"type": "Feature", "properties": {"name": "US Hwy 82"}, "geometry": {"type": "LineString", "coordinates": [[-102.02156, 33.50008], [-102.02094, 33.50012], [-102.01899, 33.50017], [-102.01803, 33.5002], [-102.01765, 33.50022], [-102.01681, 33.50026], [-102.01583, 33.50026], [-102.01513, 33.50029], [-102.01465, 33.50034], [-102.01435, 33.50039], [-102.01349, 33.50053], [-102.01303, 33.50063], [-102.01292, 33.50065], [-102.01277, 33.50069], [-102.01222, 33.50083], [-102.01139, 33.5011], [-102.01082, 33.50131], [-102.01054, 33.50143], [-102.00901, 33.50207], [-102.00898, 33.50209], [-102.00759, 33.50268], [-102.00722, 33.50284], [-102.007, 33.50294], [-102.00656, 33.50315], [-102.00633, 33.50327], [-102.00588, 33.50353], [-102.00565, 33.50367], [-102.00519, 33.50395], [-102.00474, 33.50426], [-102.00452, 33.50442], [-102.0041, 33.50476], [-102.0037, 33.50512], [-102.00361, 33.50521], [-102.00315, 33.50568], [-102.00292, 33.50594], [-102.00271, 33.50619], [-102.00246, 33.50652], [-102.00228, 33.50677], [-102.00199, 33.5072], [-102.00172, 33.50768], [-102.0013, 33.50848], [-102.00117, 33.50877], [-102.00086, 33.50949], [-102.00081, 33.50967], [-102.00065, 33.51001], [-102.00055, 33.51024], [-102.00014, 33.51123], [-101.99963, 33.51239], [-101.99961, 33.51244], [-101.99957, 33.51253], [-101.9994, 33.51293], [-101.99916, 33.51351], [-101.99912, 33.51358], [-101.99903, 33.51378], [-101.99885, 33.51416], [-101.99882, 33.51423], [-101.99852, 33.51479], [-101.99833, 33.5151], [-101.9981, 33.51545], [-101.99775, 33.51596], [-101.9975, 33.51629], [-101.99745, 33.51635], [-101.99701, 33.51686], [-101.99657, 33.51733], [-101.99621, 33.51768], [-101.99607, 33.51781], [-101.99583, 33.51802], [-101.99565, 33.51818], [-101.99529, 33.51846], [-101.99495, 33.51873], [-101.99385, 33.51954], [-101.9936, 33.51972], [-101.99333, 33.51992], [-101.99193, 33.52094], [-101.99191, 33.52095], [-101.99173, 33.52109], [-101.9917, 33.5211], [-101.99146, 33.52125], [-101.98883, 33.52304]]}}, {"type": "Feature", "properties": {"name": "US Hwy 82"}, "geometry": {"type": "LineString", "coordinates": [[-101.87891, 33.59091], [-101.87931, 33.59063], [-101.88052, 33.58977], [-101.883, 33.58817], [-101.88392, 33.58761], [-101.88851, 33.58478], [-101.8887, 33.58464], [-101.8902, 33.58373], [-101.89103, 33.58322], [-101.89178, 33.58276], [-101.89338, 33.58179], [-101.89401, 33.58141], [-101.89418, 33.58131], [-101.89431, 33.58123], [-101.89465, 33.58102], [-101.89545, 33.58053], [-101.89678, 33.5798], [-101.89827, 33.57897], [-101.89919, 33.57846], [-101.89972, 33.57821], [-101.89978, 33.57819]]}}, {"type": "Feature", "properties": {"name": "US Hwy 82"}, "geometry": {"type": "LineString", "coordinates": [[-101.90511, 33.57522], [-101.90622, 33.57446], [-101.90833, 33.57297], [-101.91056, 33.57147], [-101.91376, 33.56941], [-101.91427, 33.56906], [-101.91596, 33.56799], [-101.91721, 33.56717], [-101.91839, 33.56647], [-101.91937, 33.56597], [-101.92144, 33.56492], [-101.92243, 33.56438], [-101.92401, 33.56359], [-101.92551, 33.56273], [-101.92689, 33.56188], [-101.92818, 33.56101], [-101.93013, 33.55961], [-101.931, 33.55894], [-101.9314, 33.55864], [-101.9336, 33.55703], [-101.93406, 33.55669], [-101.93521, 33.55586], [-101.93704, 33.55475], [-101.93797, 33.55416], [-101.93874, 33.55367], [-101.93891, 33.55358], [-101.93932, 33.55334], [-101.93945, 33.55326], [-101.93964, 33.55315], [-101.93975, 33.55309], [-101.94038, 33.55275], [-101.94047, 33.5527], [-101.94072, 33.55257], [-101.94122, 33.55232], [-101.94168, 33.55214], [-101.94408, 33.55105], [-101.94495, 33.55065], [-101.9458, 33.55015], [-101.94673, 33.54953], [-101.94732, 33.54916], [-101.94836, 33.54852], [-101.9492, 33.54794]]}}, {"type": "Feature", "properties": {"name": "US Hwy 82"}, "geometry": {"type": "LineString", "coordinates": [[-102.02212, 33.50024], [-102.01767, 33.50039], [-102.01436, 33.50056], [-102.0129, 33.50082], [-102.01222, 33.501], [-102.01187, 33.5011], [-102.01158, 33.5012], [-102.01108, 33.50138], [-102.01064, 33.50155], [-102.00971, 33.50194], [-102.00901, 33.50224], [-102.00898, 33.50225], [-102.00737, 33.50295], [-102.00692, 33.50316], [-102.0067, 33.50327], [-102.00627, 33.50349], [-102.00606, 33.50361], [-102.00566, 33.50385], [-102.00557, 33.50392], [-102.00443, 33.50477], [-102.00397, 33.50518], [-102.0039, 33.50524], [-102.00343, 33.50571], [-102.00312, 33.50605], [-102.00287, 33.50634], [-102.00221, 33.50724], [-102.0018, 33.50798], [-102.00151, 33.50857], [-102.00135, 33.50895], [-102.00113, 33.50946], [-102.00078, 33.51032], [-102.00042, 33.51112], [-102.00011, 33.51181], [-101.99981, 33.51253], [-101.99954, 33.51317], [-101.99938, 33.51352], [-101.99916, 33.51401], [-101.99906, 33.51423], [-101.99878, 33.51476], [-101.99856, 33.51512], [-101.99831, 33.5155], [-101.99814, 33.51576], [-101.99787, 33.51615], [-101.99771, 33.51635], [-101.99755, 33.51656], [-101.99745, 33.51667], [-101.99733, 33.5168], [-101.99716, 33.517], [-101.99706, 33.51711], [-101.99697, 33.51721], [-101.99685, 33.51733], [-101.99676, 33.51743], [-101.99665, 33.51753], [-101.99652, 33.51765], [-101.99636, 33.51782], [-101.99625, 33.51792], [-101.99617, 33.51799], [-101.99607, 33.51807], [-101.99582, 33.51829], [-101.9956, 33.51848], [-101.99499, 33.51895], [-101.99415, 33.51956], [-101.99393, 33.51972], [-101.99365, 33.51993], [-101.99193, 33.52119], [-101.99171, 33.52135], [-101.98959, 33.5229]]}}, {"type": "Feature", "properties": {"name": "US Hwy 82"}, "geometry": {"type": "LineString", "coordinates": [[-101.8776, 33.59173], [-101.87744, 33.59181], [-101.87727, 33.59191], [-101.87652, 33.59217], [-101.87601, 33.5923], [-101.87558, 33.59239], [-101.87515, 33.59248], [-101.87472, 33.59255], [-101.87441, 33.59256], [-101.87391, 33.59258], [-101.87234, 33.5926], [-101.87177, 33.59258], [-101.87084, 33.59254], [-101.8706, 33.59253], [-101.8704, 33.59253], [-101.86943, 33.59256], [-101.86831, 33.59259], [-101.86726, 33.59261], [-101.86626, 33.59261], [-101.86515, 33.59263], [-101.8641, 33.59263], [-101.86307, 33.59262], [-101.86187, 33.59262], [-101.86069, 33.59265], [-101.85971, 33.59265], [-101.85858, 33.59265], [-101.85753, 33.59265], [-101.85651, 33.59262], [-101.856, 33.59265], [-101.85524, 33.59268], [-101.85437, 33.59265], [-101.85322, 33.59264], [-101.8523, 33.59265], [-101.85138, 33.59265], [-101.85028, 33.59265], [-101.84939, 33.59263], [-101.8491, 33.59262], [-101.84786, 33.59265], [-101.84749, 33.59263], [-101.84715, 33.5926], [-101.84704, 33.59259], [-101.84696, 33.59258], [-101.84671, 33.59255], [-101.84649, 33.59253], [-101.8456, 33.5924], [-101.84483, 33.59226], [-101.84439, 33.59217], [-101.8438, 33.59207], [-101.84325, 33.59194], [-101.84249, 33.59183], [-101.84172, 33.59166], [-101.84086, 33.5915], [-101.84015, 33.59136], [-101.83966, 33.59125], [-101.83936, 33.59121], [-101.83912, 33.59114], [-101.83825, 33.59101], [-101.8372, 33.59083], [-101.83638, 33.59076], [-101.83517, 33.5906], [-101.83451, 33.59053], [-101.83371, 33.59048], [-101.83311, 33.59048], [-101.83245, 33.59051], [-101.83166, 33.59054]]}}, {"type": "Feature", "properties": {"name": "US Hwy 82"}, "geometry": {"type": "LineString", "coordinates": [[-99.24287, 33.61547], [-99.24234, 33.61655], [-99.24191, 33.6172], [-99.24123, 33.61798], [-99.24062, 33.61854], [-99.24009, 33.61902], [-99.23962, 33.61932]]}}, {"type": "Feature", "properties": {"name": "S Loop 289"}, "geometry": {"type": "LineString", "coordinates": [[-101.84572, 33.53098], [-101.84575, 33.53094], [-101.84583, 33.53086], [-101.84598, 33.53073], [-101.84612, 33.53062], [-101.84628, 33.53052], [-101.84643, 33.53042], [-101.84659, 33.53034], [-101.84673, 33.53027], [-101.84692, 33.53019], [-101.84715, 33.53012], [-101.84746, 33.53005], [-101.84761, 33.53002], [-101.8478, 33.52999], [-101.84891, 33.52992], [-101.85012, 33.5298], [-101.85089, 33.52975], [-101.85136, 33.52971], [-101.85266, 33.52963], [-101.85307, 33.52961]]}}, {"type": "Feature", "properties": {"name": "I- 40"}, "geometry": {"type": "LineString", "coordinates": [[-105.29087, 34.99145], [-105.28977, 34.9914], [-105.28901, 34.99137], [-105.28882, 34.99135], [-105.28767, 34.9913], [-105.27625, 34.99075], [-105.25858, 34.9899], [-105.25748, 34.98983], [-105.25507, 34.98972], [-105.2544, 34.98968], [-105.25099, 34.98953], [-105.24999, 34.98947], [-105.24967, 34.98946], [-105.23796, 34.98889], [-105.23011, 34.98851], [-105.22821, 34.98843], [-105.2252, 34.98827], [-105.22431, 34.98822], [-105.22315, 34.98816], [-105.22171, 34.98809], [-105.22163, 34.98809], [-105.22074, 34.98805], [-105.22008, 34.98802], [-105.21994, 34.98801], [-105.21849, 34.98793], [-105.21755, 34.98789], [-105.21675, 34.98786], [-105.21557, 34.9878], [-105.21414, 34.98773], [-105.21267, 34.98765], [-105.21201, 34.98762], [-105.21083, 34.98757], [-105.20961, 34.98749], [-105.2034, 34.9872], [-105.20219, 34.98714], [-105.20039, 34.98705], [-105.1987, 34.98697], [-105.19707, 34.98688], [-105.18771, 34.98644], [-105.18749, 34.98642], [-105.17626, 34.98585], [-105.17619, 34.98585], [-105.17253, 34.98568], [-105.16762, 34.98544], [-105.15525, 34.98483], [-105.15408, 34.98478], [-105.15214, 34.98468], [-105.14582, 34.98437], [-105.14453, 34.98429], [-105.13018, 34.98359], [-105.12829, 34.9835], [-105.125, 34.98333], [-105.12472, 34.98331], [-105.12461, 34.98331], [-105.12274, 34.98321], [-105.11756, 34.98297], [-105.1147, 34.98281], [-105.10571, 34.98236], [-105.10428, 34.98229], [-105.09024, 34.98158], [-105.08998, 34.98157], [-105.08922, 34.98153], [-105.08897, 34.98152], [-105.0878, 34.98146], [-105.08428, 34.98129], [-105.08311, 34.98123], [-105.08206, 34.98118], [-105.0789, 34.98102], [-105.07785, 34.98097], [-105.07775, 34.98096], [-105.07744, 34.98095], [-105.07734, 34.98094], [-105.07698, 34.98092], [-105.07587, 34.98087], [-105.0755, 34.98085], [-105.07491, 34.98082], [-105.07313, 34.98073], [-105.07253, 34.9807], [-105.07208, 34.98067], [-105.07073, 34.9806], [-105.07028, 34.98058], [-105.06972, 34.98055], [-105.06964, 34.98055], [-105.0677, 34.98045], [-105.06747, 34.98044], [-105.06706, 34.98042], [-105.06694, 34.98041], [-105.06657, 34.98039], [-105.06645, 34.98038], [-105.06634, 34.98037], [-105.06601, 34.98036], [-105.06589, 34.98035], [-105.06538, 34.98033], [-105.06384, 34.98025], [-105.06332, 34.98023], [-105.0625, 34.98019], [-105.05916, 34.98001], [-105.05498, 34.97982], [-105.05174, 34.97964], [-105.05028, 34.97958], [-105.05015, 34.97957], [-105.04712, 34.9794], [-105.03771, 34.97894], [-105.03701, 34.97891], [-105.03598, 34.97885], [-105.03478, 34.9788], [-105.03292, 34.9787], [-105.03243, 34.97867], [-105.03174, 34.97864], [-105.02905, 34.97849], [-105.02782, 34.97844], [-105.02109, 34.9781], [-105.01963, 34.97802], [-105.01064, 34.97755], [-105.01036, 34.97754], [-105.00926, 34.9775], [-105.00266, 34.97715], [-105.00122, 34.97707], [-105.0, 34.97703], [-104.99747, 34.97691], [-104.99745, 34.97692], [-104.99706, 34.97689], [-104.99583, 34.97682], [-104.99542, 34.9768], [-104.99483, 34.97677], [-104.99306, 34.97667], [-104.99259, 34.97664], [-104.99247, 34.97663], [-104.9922, 34.97662], [-104.99138, 34.97657], [-104.99111, 34.97656], [-104.9909, 34.97655], [-104.99029, 34.97652], [-104.99008, 34.97651], [-104.98953, 34.97648], [-104.98811, 34.97641], [-104.98789, 34.9764], [-104.98735, 34.97638], [-104.98515, 34.97628], [-104.97752, 34.97589], [-104.97038, 34.97552], [-104.94804, 34.97437], [-104.93821, 34.97387], [-104.9375, 34.97383], [-104.92482, 34.97316], [-104.91751, 34.97278], [-104.91727, 34.97277], [-104.91493, 34.97266], [-104.91319, 34.97256], [-104.91197, 34.97251], [-104.90435, 34.97211], [-104.8992, 34.97184], [-104.88463, 34.97109], [-104.87325, 34.9705], [-104.87124, 34.97039], [-104.87096, 34.97038], [-104.87083, 34.97037], [-104.86997, 34.97032], [-104.86959, 34.9703], [-104.86918, 34.97028], [-104.86896, 34.97027], [-104.86831, 34.97024], [-104.86809, 34.97023], [-104.86793, 34.97022], [-104.86746, 34.97019], [-104.8673, 34.97019], [-104.86679, 34.97015], [-104.86634, 34.97013], [-104.86525, 34.97008], [-104.86474, 34.97006], [-104.85853, 34.96973], [-104.85788, 34.9697], [-104.85115, 34.96963], [-104.8386, 34.9695], [-104.8125, 34.96924], [-104.81036, 34.96922], [-104.8084, 34.9692], [-104.79676, 34.96907], [-104.79589, 34.96906], [-104.79328, 34.96903], [-104.79241, 34.96902], [-104.79227, 34.96901], [-104.79191, 34.96901], [-104.79184, 34.96901], [-104.7917, 34.96901], [-104.79144, 34.96901], [-104.79064, 34.969], [-104.79038, 34.969], [-104.79014, 34.969], [-104.78943, 34.96899], [-104.78937, 34.96899], [-104.78919, 34.96899], [-104.78865, 34.96897], [-104.78814, 34.96896], [-104.78744, 34.96891], [-104.78701, 34.96887], [-104.78647, 34.96881], [-104.78572, 34.96871], [-104.78483, 34.96855], [-104.78239, 34.96801], [-104.78139, 34.96778], [-104.77999, 34.96746], [-104.77945, 34.96733], [-104.77878, 34.96719], [-104.77819, 34.96709], [-104.77773, 34.967], [-104.77737, 34.96696], [-104.77668, 34.96687], [-104.77588, 34.96681], [-104.77541, 34.96679], [-104.77392, 34.96676], [-104.7691, 34.96672], [-104.76813, 34.96667], [-104.76683, 34.96658], [-104.76592, 34.96649], [-104.76076, 34.96601], [-104.7562, 34.96558], [-104.75428, 34.9654], [-104.75412, 34.96538], [-104.75266, 34.96524], [-104.75199, 34.96517], [-104.74996, 34.96498], [-104.7471, 34.9647], [-104.74651, 34.96463], [-104.74531, 34.96447], [-104.74411, 34.96428], [-104.74353, 34.96417], [-104.74297, 34.96405], [-104.74257, 34.96396], [-104.74224, 34.96388], [-104.74144, 34.96368], [-104.74063, 34.96346], [-104.73951, 34.96315], [-104.73878, 34.96291], [-104.73818, 34.9627], [-104.73761, 34.9625], [-104.73686, 34.9622], [-104.73638, 34.96199], [-104.7363, 34.96196], [-104.73536, 34.96155], [-104.73424, 34.96104], [-104.73394, 34.96087], [-104.73357, 34.96068], [-104.73327, 34.96052], [-104.73159, 34.95957], [-104.73121, 34.95937], [-104.73078, 34.95914], [-104.7298, 34.95852], [-104.72955, 34.95837], [-104.72885, 34.95797], [-104.72869, 34.95788], [-104.72807, 34.9575], [-104.72637, 34.95653], [-104.72613, 34.95639], [-104.72527, 34.95588], [-104.72405, 34.95516], [-104.72371, 34.95497], [-104.7223, 34.95416], [-104.72149, 34.95368], [-104.72097, 34.95339], [-104.719, 34.95225], [-104.71838, 34.95189], [-104.71744, 34.95134], [-104.71717, 34.95118], [-104.71636, 34.9507], [-104.71609, 34.95053], [-104.71577, 34.95034], [-104.71564, 34.95027], [-104.71481, 34.94978], [-104.71449, 34.9496], [-104.71434, 34.94951], [-104.71422, 34.94944], [-104.71391, 34.94927], [-104.71376, 34.94919], [-104.71304, 34.94875], [-104.71288, 34.94866], [-104.7127, 34.94856], [-104.71247, 34.94844], [-104.71176, 34.94801], [-104.71146, 34.94784], [-104.71112, 34.94767], [-104.71063, 34.94744], [-104.71021, 34.94725], [-104.71015, 34.94722], [-104.70981, 34.94708], [-104.7092, 34.94684], [-104.70907, 34.94679], [-104.70891, 34.94673], [-104.70872, 34.94665], [-104.7087, 34.94664], [-104.70858, 34.9466], [-104.70842, 34.94655], [-104.70796, 34.9464], [-104.7078, 34.94635], [-104.70769, 34.94631], [-104.70719, 34.9462], [-104.7067, 34.94607], [-104.70627, 34.94597], [-104.7061, 34.94593], [-104.70559, 34.94582], [-104.70542, 34.94579], [-104.70535, 34.94577], [-104.7053, 34.94576], [-104.70529, 34.94576], [-104.70495, 34.94571], [-104.70484, 34.94569], [-104.70466, 34.94566], [-104.70422, 34.94559], [-104.70414, 34.94558], [-104.70396, 34.94556], [-104.70383, 34.94555], [-104.70369, 34.94553], [-104.70354, 34.94552], [-104.70349, 34.94551], [-104.70342, 34.9455], [-104.70329, 34.94549], [-104.70319, 34.94548], [-104.70316, 34.94548], [-104.70295, 34.94547], [-104.70275, 34.94546], [-104.70262, 34.94546], [-104.70216, 34.94544], [-104.70136, 34.94542], [-104.70063, 34.94541], [-104.69937, 34.94549], [-104.69847, 34.94558], [-104.69763, 34.9457], [-104.69758, 34.94571], [-104.69634, 34.94595], [-104.69611, 34.946], [-104.6954, 34.94614], [-104.69517, 34.94618], [-104.69512, 34.94619], [-104.69498, 34.94622], [-104.69493, 34.94624], [-104.69454, 34.94632], [-104.69336, 34.94657], [-104.69297, 34.94666], [-104.69245, 34.94678], [-104.69179, 34.94693], [-104.69073, 34.94715], [-104.68991, 34.94735], [-104.68963, 34.94741], [-104.68879, 34.94758], [-104.68851, 34.94763], [-104.68698, 34.94792], [-104.68683, 34.94795], [-104.68638, 34.94805], [-104.68623, 34.94808], [-104.686, 34.94813], [-104.68532, 34.94828], [-104.6851, 34.94833], [-104.68499, 34.94835], [-104.68491, 34.94836], [-104.68436, 34.94847], [-104.68418, 34.94851], [-104.68416, 34.94851], [-104.68408, 34.94853], [-104.68388, 34.94857], [-104.68376, 34.94859], [-104.68365, 34.9486], [-104.68348, 34.94862], [-104.68337, 34.94864], [-104.68298, 34.94865], [-104.68284, 34.94865], [-104.68281, 34.94865], [-104.68241, 34.94863], [-104.68217, 34.94862], [-104.6818, 34.94858], [-104.68141, 34.94853], [-104.68123, 34.94849], [-104.68084, 34.94841], [-104.68062, 34.94837], [-104.68046, 34.94832], [-104.68018, 34.94822], [-104.67996, 34.94814], [-104.67939, 34.94788], [-104.67903, 34.94772], [-104.67889, 34.94766], [-104.67888, 34.94765], [-104.67841, 34.94742], [-104.67826, 34.94735], [-104.67794, 34.94719], [-104.67722, 34.94687], [-104.67525, 34.9459], [-104.67425, 34.94541], [-104.67371, 34.94518], [-104.67368, 34.94517], [-104.67342, 34.94505], [-104.67306, 34.94489], [-104.67269, 34.9447], [-104.6721, 34.94442], [-104.67178, 34.94427], [-104.67072, 34.94388], [-104.67036, 34.94378], [-104.67026, 34.94376], [-104.66989, 34.94366], [-104.66963, 34.94362], [-104.66953, 34.9436], [-104.66944, 34.94359], [-104.66939, 34.94358], [-104.66923, 34.94354], [-104.66913, 34.94352], [-104.66909, 34.94351], [-104.66899, 34.9435], [-104.66896, 34.9435], [-104.66877, 34.94347], [-104.66836, 34.94343], [-104.6678, 34.9434], [-104.66725, 34.94339], [-104.66682, 34.94341], [-104.66645, 34.94344], [-104.66622, 34.94345], [-104.66582, 34.94349], [-104.66485, 34.94366], [-104.65264, 34.94576], [-104.65257, 34.94577], [-104.65238, 34.9458], [-104.65221, 34.94583], [-104.64857, 34.94646], [-104.64695, 34.94674], [-104.64617, 34.94687], [-104.64591, 34.94692], [-104.64562, 34.94697], [-104.64444, 34.94717], [-104.64314, 34.94746], [-104.64267, 34.94756], [-104.6418, 34.94778], [-104.64166, 34.94782], [-104.64163, 34.94783], [-104.64153, 34.94785], [-104.64149, 34.94786], [-104.64142, 34.94788], [-104.64084, 34.94804], [-104.64028, 34.9482], [-104.63976, 34.94836], [-104.63903, 34.94862], [-104.63889, 34.94867], [-104.63825, 34.94889], [-104.63817, 34.94892], [-104.63807, 34.94896], [-104.63754, 34.94916], [-104.63736, 34.94923], [-104.63724, 34.94928], [-104.63691, 34.94941], [-104.63688, 34.94942], [-104.63676, 34.94947], [-104.63637, 34.94963], [-104.63598, 34.94979], [-104.63519, 34.95014], [-104.6348, 34.95032], [-104.63458, 34.95042], [-104.63379, 34.95079], [-104.6335, 34.95093], [-104.63232, 34.95148], [-104.63076, 34.95223], [-104.63061, 34.9523], [-104.62985, 34.95266], [-104.62974, 34.95271], [-104.62963, 34.95276], [-104.62814, 34.95349], [-104.62789, 34.95361], [-104.62624, 34.9544], [-104.62348, 34.95574], [-104.62192, 34.95648], [-104.62003, 34.95739], [-104.61659, 34.95904], [-104.61172, 34.96137], [-104.60984, 34.96228], [-104.60702, 34.9636], [-104.60533, 34.96442], [-104.60291, 34.96557], [-104.59867, 34.96761], [-104.59579, 34.96898], [-104.59323, 34.97022], [-104.59307, 34.9703], [-104.59088, 34.97133], [-104.58839, 34.97254], [-104.58717, 34.97311], [-104.58258, 34.97531], [-104.58171, 34.97572], [-104.57858, 34.97721], [-104.57708, 34.97793], [-104.57178, 34.98048], [-104.57033, 34.98117], [-104.56808, 34.98227], [-104.56392, 34.98424], [-104.56176, 34.98526], [-104.56114, 34.98556], [-104.55281, 34.98956], [-104.55004, 34.9909], [-104.54942, 34.99119], [-104.54757, 34.99208], [-104.54695, 34.99237], [-104.54417, 34.9937], [-104.53583, 34.99768], [-104.53328, 34.99889], [-104.53304, 34.999], [-104.53188, 34.99954], [-104.53086, 35.00001], [-104.52937, 35.00068], [-104.52854, 35.00107], [-104.52838, 35.00115], [-104.52723, 35.00172], [-104.52659, 35.00202], [-104.52637, 35.00212], [-104.5238, 35.00334], [-104.52295, 35.00375], [-104.52287, 35.00379], [-104.52263, 35.0039], [-104.52255, 35.00394], [-104.5219, 35.00425], [-104.52161, 35.00439], [-104.52068, 35.00484], [-104.51994, 35.00519], [-104.51966, 35.00532], [-104.51928, 35.0055], [-104.519, 35.00563], [-104.51842, 35.00591], [-104.51816, 35.00604], [-104.51788, 35.00618], [-104.51741, 35.00639], [-104.51686, 35.00662], [-104.51567, 35.00706], [-104.5149, 35.0073], [-104.51318, 35.00775], [-104.50242, 35.01047], [-104.50182, 35.01062], [-104.50063, 35.01093], [-104.49926, 35.01127], [-104.49854, 35.01142], [-104.49775, 35.01156], [-104.49667, 35.01171], [-104.49606, 35.01177], [-104.49527, 35.01184], [-104.49417, 35.01187], [-104.49304, 35.01186], [-104.48427, 35.01173], [-104.4729, 35.01157], [-104.46683, 35.01149], [-104.46641, 35.0115], [-104.46604, 35.01153], [-104.46561, 35.01158], [-104.46501, 35.01167], [-104.46415, 35.01184], [-104.459, 35.01288], [-104.45887, 35.01291], [-104.45216, 35.01429], [-104.449, 35.01494], [-104.44731, 35.01532], [-104.44598, 35.01569], [-104.44445, 35.01616], [-104.44342, 35.01651], [-104.44218, 35.01697], [-104.44108, 35.01743], [-104.43638, 35.01951], [-104.4359, 35.01972], [-104.43392, 35.02063], [-104.43222, 35.02138], [-104.43127, 35.0218], [-104.41972, 35.02696], [-104.41555, 35.02882], [-104.41541, 35.02888], [-104.41499, 35.02906], [-104.41485, 35.02912], [-104.41468, 35.02919], [-104.41419, 35.0294], [-104.41403, 35.02947], [-104.41369, 35.02962], [-104.41325, 35.02981], [-104.41266, 35.03007], [-104.41232, 35.03022], [-104.41154, 35.03056], [-104.41, 35.03122], [-104.40927, 35.03153], [-104.40307, 35.03422], [-104.40076, 35.03523], [-104.40059, 35.0353], [-104.4004, 35.03538], [-104.40008, 35.03552], [-104.39991, 35.03559], [-104.39905, 35.03596], [-104.39895, 35.03601], [-104.39735, 35.03676], [-104.39652, 35.03719], [-104.3964, 35.03725], [-104.39569, 35.03763], [-104.3952, 35.0379], [-104.39391, 35.03858], [-104.39253, 35.03933], [-104.39153, 35.03986], [-104.38666, 35.04244], [-104.3838, 35.04399], [-104.37915, 35.04645], [-104.37851, 35.04679], [-104.37804, 35.04701], [-104.37749, 35.04722], [-104.37684, 35.04743], [-104.37621, 35.04761], [-104.37542, 35.04777], [-104.375, 35.04783], [-104.3739, 35.04796], [-104.37209, 35.04818], [-104.37186, 35.0482], [-104.36092, 35.04947], [-104.35921, 35.04966], [-104.35642, 35.05], [-104.35579, 35.05006], [-104.3446, 35.05135], [-104.34444, 35.05137], [-104.34259, 35.05159], [-104.34011, 35.05188], [-104.33952, 35.05194], [-104.33907, 35.05199], [-104.33833, 35.05209], [-104.33718, 35.05228], [-104.33668, 35.05237], [-104.33624, 35.05247], [-104.33589, 35.05256], [-104.32389, 35.05586], [-104.32369, 35.05592], [-104.3125, 35.05899], [-104.30581, 35.06083], [-104.30405, 35.06132], [-104.30215, 35.0618], [-104.30155, 35.06193], [-104.30086, 35.06207], [-104.29992, 35.06223], [-104.29895, 35.06238], [-104.29815, 35.06251], [-104.29721, 35.06262], [-104.29318, 35.06306], [-104.29203, 35.06318], [-104.29121, 35.06327], [-104.28535, 35.0639], [-104.28506, 35.06392], [-104.28434, 35.06399], [-104.28203, 35.06424], [-104.28079, 35.06438], [-104.27873, 35.06458], [-104.27796, 35.06467], [-104.27335, 35.06519], [-104.27154, 35.06537], [-104.27097, 35.06544], [-104.27044, 35.0655], [-104.26905, 35.06565], [-104.26887, 35.06567], [-104.26834, 35.06572], [-104.26816, 35.06574], [-104.26803, 35.06575], [-104.26763, 35.0658], [-104.26745, 35.06582], [-104.26735, 35.06583], [-104.26705, 35.06586], [-104.26695, 35.06587], [-104.26649, 35.06592], [-104.26567, 35.066], [-104.26511, 35.06606], [-104.26466, 35.06611], [-104.26454, 35.06612], [-104.26421, 35.06616], [-104.2641, 35.06617], [-104.26316, 35.06627], [-104.26258, 35.06634], [-104.26032, 35.06656], [-104.25938, 35.06666], [-104.25896, 35.0667], [-104.25699, 35.06692], [-104.25405, 35.06724], [-104.25, 35.06764], [-104.2498, 35.06766], [-104.2488, 35.06777], [-104.24741, 35.06793], [-104.24723, 35.06796], [-104.24645, 35.06804], [-104.2456, 35.06814], [-104.24358, 35.06834], [-104.24262, 35.06843], [-104.24119, 35.06859], [-104.24021, 35.0687], [-104.23923, 35.06879], [-104.23811, 35.0689], [-104.23691, 35.06904], [-104.23627, 35.06911], [-104.23548, 35.06919], [-104.23432, 35.0693], [-104.23079, 35.06968], [-104.22953, 35.06982], [-104.2265, 35.07012], [-104.22508, 35.07025], [-104.22369, 35.07032], [-104.22229, 35.07038], [-104.22062, 35.07035], [-104.21925, 35.0703], [-104.218, 35.07023], [-104.21759, 35.07019], [-104.21668, 35.07008], [-104.212, 35.0695], [-104.21192, 35.06949], [-104.20942, 35.06915], [-104.2057, 35.06868], [-104.20428, 35.0685], [-104.20239, 35.06829], [-104.19757, 35.06768], [-104.19679, 35.06759], [-104.19578, 35.06746], [-104.19047, 35.06678], [-104.18879, 35.06661], [-104.1875, 35.06653], [-104.18674, 35.06651], [-104.18608, 35.06649], [-104.18522, 35.06648], [-104.1841, 35.06649], [-104.18287, 35.06653], [-104.18212, 35.06657], [-104.1812, 35.06665], [-104.18039, 35.06673], [-104.18021, 35.06675], [-104.17986, 35.06678], [-104.17967, 35.06681], [-104.17949, 35.06683], [-104.17799, 35.06704], [-104.175, 35.06766], [-104.17141, 35.06855], [-104.16968, 35.06894], [-104.16892, 35.06916], [-104.16307, 35.07062], [-104.16238, 35.0708], [-104.12622, 35.0797], [-104.12514, 35.07996]]}}, {"type": "Feature", "properties": {"name": "I- 40"}, "geometry": {"type": "LineString", "coordinates": [[-105.29087, 34.99124], [-105.28984, 34.99118], [-105.28909, 34.99115], [-105.28884, 34.99113], [-105.28802, 34.99109], [-105.28768, 34.99108], [-105.2673, 34.99008], [-105.26602, 34.99003], [-105.26424, 34.98993], [-105.26336, 34.9899], [-105.26016, 34.98974], [-105.25712, 34.98958], [-105.25561, 34.98952], [-105.25407, 34.98944], [-105.25285, 34.98939], [-105.25192, 34.98934], [-105.25085, 34.98929], [-105.25001, 34.98924], [-105.24969, 34.98923], [-105.24848, 34.98918], [-105.22544, 34.98804], [-105.22355, 34.98795], [-105.2224, 34.9879], [-105.22098, 34.98783], [-105.22076, 34.98783], [-105.22007, 34.98779], [-105.21872, 34.98772], [-105.21678, 34.98761], [-105.21101, 34.98735], [-105.17257, 34.98545], [-105.16764, 34.98521], [-105.16684, 34.98518], [-105.16547, 34.9851], [-105.16428, 34.98505], [-105.1601, 34.98483], [-105.15206, 34.98443], [-105.15097, 34.98439], [-105.14821, 34.98425], [-105.13089, 34.98339], [-105.13018, 34.98336], [-105.13008, 34.98336], [-105.12865, 34.98328], [-105.12767, 34.98325], [-105.12596, 34.98316], [-105.12501, 34.9831], [-105.12473, 34.98309], [-105.1133, 34.98252], [-105.11203, 34.98244], [-105.11071, 34.98239], [-105.10465, 34.98208], [-105.10282, 34.98199], [-105.10149, 34.98191], [-105.09675, 34.98168], [-105.09562, 34.98161], [-105.09463, 34.98158], [-105.09358, 34.98153], [-105.09243, 34.98149], [-105.09126, 34.98142], [-105.09007, 34.98137], [-105.08939, 34.98133], [-105.08849, 34.98131], [-105.08351, 34.98105], [-105.08316, 34.98103], [-105.08086, 34.98091], [-105.07949, 34.98085], [-105.07762, 34.98074], [-105.07537, 34.98062], [-105.07431, 34.98057], [-105.07278, 34.98049], [-105.0726, 34.98048], [-105.07086, 34.98038], [-105.07017, 34.98035], [-105.06874, 34.98028], [-105.06822, 34.98026], [-105.06646, 34.98016], [-105.06609, 34.98014], [-105.0647, 34.98008], [-105.06231, 34.97996], [-105.06102, 34.97988], [-105.05965, 34.97983], [-105.05659, 34.97966], [-105.05496, 34.97958], [-105.03246, 34.97844], [-105.01844, 34.97773], [-105.0, 34.9768], [-104.99977, 34.97678], [-104.99768, 34.97666], [-104.99641, 34.9766], [-104.99539, 34.97655], [-104.99381, 34.97648], [-104.99176, 34.97637], [-104.99112, 34.97633], [-104.98983, 34.97627], [-104.98839, 34.97621], [-104.98674, 34.97611], [-104.9704, 34.97528], [-104.94525, 34.97399], [-104.94275, 34.97384], [-104.93838, 34.97364], [-104.93827, 34.97363], [-104.93823, 34.97362], [-104.9375, 34.97358], [-104.93501, 34.97346], [-104.93335, 34.97335], [-104.93275, 34.97332], [-104.93136, 34.97327], [-104.91728, 34.97255], [-104.90435, 34.97189], [-104.89923, 34.97163], [-104.89482, 34.9714], [-104.89347, 34.97132], [-104.89243, 34.97127], [-104.875, 34.97036], [-104.87142, 34.97017], [-104.86956, 34.97008], [-104.86817, 34.97], [-104.86811, 34.97], [-104.8664, 34.96991], [-104.86477, 34.96983], [-104.85992, 34.96956], [-104.85843, 34.9695], [-104.8583, 34.9695], [-104.85787, 34.96948], [-104.85737, 34.96947], [-104.83841, 34.96927], [-104.81297, 34.969], [-104.8125, 34.969], [-104.80847, 34.96896], [-104.79711, 34.96885], [-104.79668, 34.96884], [-104.79479, 34.96884], [-104.79283, 34.96881], [-104.79171, 34.9688], [-104.789, 34.96877], [-104.78833, 34.96876], [-104.78717, 34.96868], [-104.78611, 34.96855], [-104.78564, 34.9685], [-104.7842, 34.96826], [-104.77883, 34.96702], [-104.77818, 34.96691], [-104.77749, 34.96681], [-104.77696, 34.96674], [-104.77642, 34.96668], [-104.77563, 34.96663], [-104.77538, 34.96662], [-104.77402, 34.96659], [-104.76916, 34.96656], [-104.76869, 34.96654], [-104.76762, 34.96647], [-104.76649, 34.96639], [-104.76066, 34.96584], [-104.75299, 34.96511], [-104.75001, 34.96482], [-104.74998, 34.96482], [-104.74757, 34.96459], [-104.74642, 34.96446], [-104.74555, 34.96435], [-104.74508, 34.96427], [-104.74454, 34.96419], [-104.74364, 34.96401], [-104.74257, 34.96379], [-104.7414, 34.96351], [-104.74045, 34.96325], [-104.73969, 34.96303], [-104.73897, 34.96278], [-104.73808, 34.96249], [-104.73801, 34.96246], [-104.73626, 34.96177], [-104.73552, 34.96145], [-104.73466, 34.96104], [-104.73416, 34.96079], [-104.73356, 34.96048], [-104.73299, 34.96017], [-104.73135, 34.95922], [-104.73039, 34.95864], [-104.72969, 34.95824], [-104.72896, 34.95783], [-104.72807, 34.9573], [-104.72735, 34.95689], [-104.72536, 34.95573], [-104.72519, 34.95563], [-104.72421, 34.95507], [-104.72374, 34.95479], [-104.72337, 34.95457], [-104.72233, 34.95398], [-104.72112, 34.95325], [-104.71772, 34.95129], [-104.71757, 34.9512], [-104.71658, 34.95061], [-104.71622, 34.9504], [-104.71581, 34.95017], [-104.7146, 34.94945], [-104.71271, 34.94833], [-104.71191, 34.94786], [-104.71152, 34.94765], [-104.70977, 34.94685], [-104.70925, 34.94665], [-104.70879, 34.94649], [-104.7081, 34.94624], [-104.70791, 34.94619], [-104.70695, 34.94597], [-104.70652, 34.94585], [-104.70512, 34.94559], [-104.70508, 34.94558], [-104.70449, 34.94547], [-104.70375, 34.94536], [-104.7036, 34.94534], [-104.70337, 34.94532], [-104.70327, 34.94531], [-104.70323, 34.94531], [-104.703, 34.94529], [-104.70268, 34.94527], [-104.70264, 34.94527], [-104.70228, 34.94526], [-104.70198, 34.94525], [-104.70047, 34.94525], [-104.69921, 34.94533], [-104.6982, 34.94544], [-104.69701, 34.94564], [-104.69627, 34.94579], [-104.69612, 34.94582], [-104.69513, 34.94603], [-104.6949, 34.94608], [-104.6929, 34.9465], [-104.69169, 34.94676], [-104.69073, 34.94696], [-104.69016, 34.94708], [-104.68996, 34.94712], [-104.68972, 34.94717], [-104.6883, 34.94746], [-104.68792, 34.94754], [-104.68693, 34.94775], [-104.68612, 34.94792], [-104.68426, 34.9483], [-104.68422, 34.94831], [-104.68356, 34.94843], [-104.68346, 34.94844], [-104.68302, 34.94847], [-104.68263, 34.94847], [-104.6826, 34.94847], [-104.68217, 34.94846], [-104.68163, 34.9484], [-104.68136, 34.94836], [-104.68102, 34.94828], [-104.68097, 34.94827], [-104.68052, 34.94815], [-104.68013, 34.94799], [-104.67975, 34.94786], [-104.67928, 34.94764], [-104.67856, 34.94729], [-104.67804, 34.94705], [-104.67716, 34.94665], [-104.67534, 34.94581], [-104.67481, 34.94553], [-104.67405, 34.94514], [-104.67311, 34.94467], [-104.67274, 34.94451], [-104.67219, 34.94428], [-104.67166, 34.94404], [-104.67111, 34.94383], [-104.67048, 34.94364], [-104.67042, 34.94363], [-104.66987, 34.94349], [-104.66945, 34.9434], [-104.66934, 34.94338], [-104.66877, 34.9433], [-104.6682, 34.94325], [-104.66766, 34.94323], [-104.66711, 34.94324], [-104.66646, 34.94327], [-104.66567, 34.94335], [-104.66506, 34.94346], [-104.66439, 34.94357], [-104.66315, 34.94378], [-104.66051, 34.94424], [-104.6584, 34.9446], [-104.65667, 34.9449], [-104.65527, 34.94515], [-104.65281, 34.94557], [-104.65122, 34.94585], [-104.64896, 34.94623], [-104.64851, 34.94627], [-104.64848, 34.94628], [-104.64842, 34.94629], [-104.64781, 34.9464], [-104.64774, 34.94641], [-104.64699, 34.94655], [-104.64629, 34.94667], [-104.64602, 34.94672], [-104.64596, 34.94673], [-104.64546, 34.94682], [-104.64459, 34.94696], [-104.64314, 34.94723], [-104.64311, 34.94723], [-104.64207, 34.94748], [-104.64159, 34.9476], [-104.64104, 34.94773], [-104.64008, 34.94799], [-104.63895, 34.94834], [-104.63785, 34.94872], [-104.63744, 34.94885], [-104.63668, 34.94913], [-104.63661, 34.94916], [-104.63647, 34.94922], [-104.63558, 34.94958], [-104.63471, 34.94995], [-104.63355, 34.95048], [-104.63301, 34.95074], [-104.63158, 34.95142], [-104.63052, 34.95191], [-104.62961, 34.95236], [-104.62949, 34.95242], [-104.62938, 34.95247], [-104.62839, 34.95294], [-104.6277, 34.95328], [-104.62698, 34.95364], [-104.62549, 34.95436], [-104.625, 34.95458], [-104.62324, 34.95543], [-104.61783, 34.95803], [-104.6106, 34.96149], [-104.60589, 34.96373], [-104.59277, 34.97001], [-104.58814, 34.97223], [-104.58624, 34.97314], [-104.58469, 34.97389], [-104.58147, 34.97542], [-104.57928, 34.97646], [-104.57621, 34.97794], [-104.57201, 34.97995], [-104.56367, 34.98393], [-104.5633, 34.98411], [-104.5625, 34.98449], [-104.56069, 34.98534], [-104.55878, 34.98628], [-104.5563, 34.98745], [-104.55415, 34.98851], [-104.54983, 34.99057], [-104.54455, 34.9931], [-104.54223, 34.99419], [-104.53786, 34.99629], [-104.53572, 34.99734], [-104.53356, 34.99842], [-104.5328, 34.99877], [-104.53022, 35.00001], [-104.53002, 35.0001], [-104.52891, 35.00064], [-104.52832, 35.00091], [-104.52588, 35.00209], [-104.52515, 35.00244], [-104.52389, 35.00303], [-104.52279, 35.00355], [-104.52169, 35.00409], [-104.5206, 35.0046], [-104.51947, 35.00515], [-104.51839, 35.00566], [-104.51772, 35.00595], [-104.51701, 35.00624], [-104.51632, 35.0065], [-104.51558, 35.00674], [-104.51477, 35.00697], [-104.50484, 35.00948], [-104.5037, 35.00976], [-104.5, 35.0107], [-104.49858, 35.01104], [-104.49743, 35.01125], [-104.49692, 35.01132], [-104.49622, 35.0114], [-104.49569, 35.01145], [-104.49511, 35.01148], [-104.49434, 35.01151], [-104.49243, 35.01149], [-104.48427, 35.01137], [-104.47326, 35.01121], [-104.46889, 35.01115], [-104.46681, 35.01114], [-104.46621, 35.01116], [-104.46557, 35.01121], [-104.46452, 35.01138], [-104.45894, 35.01253], [-104.45875, 35.01257], [-104.44925, 35.01452], [-104.44792, 35.01481], [-104.44685, 35.01508], [-104.44514, 35.01557], [-104.44415, 35.01589], [-104.44234, 35.01655], [-104.44156, 35.01687], [-104.44053, 35.0173], [-104.43749, 35.01868], [-104.43618, 35.01926], [-104.41831, 35.02726], [-104.41536, 35.02857], [-104.41481, 35.02881], [-104.41411, 35.02911], [-104.41273, 35.02972], [-104.41215, 35.02996], [-104.41122, 35.03037], [-104.40362, 35.03364], [-104.4015, 35.03459], [-104.39887, 35.0357], [-104.39855, 35.03585], [-104.39686, 35.03666], [-104.39571, 35.03726], [-104.39545, 35.0374], [-104.3921, 35.0392], [-104.39133, 35.03961], [-104.3906, 35.03999], [-104.37897, 35.04619], [-104.37815, 35.04661], [-104.37762, 35.04685], [-104.37675, 35.04715], [-104.37601, 35.04734], [-104.37545, 35.04747], [-104.37428, 35.04763], [-104.37342, 35.04772], [-104.37183, 35.04791], [-104.35823, 35.04949], [-104.3568, 35.04964], [-104.35392, 35.04998], [-104.35318, 35.05006], [-104.35166, 35.05025], [-104.34443, 35.05108], [-104.33967, 35.05162], [-104.33865, 35.05175], [-104.33768, 35.05189], [-104.33694, 35.05203], [-104.3363, 35.05216], [-104.33531, 35.0524], [-104.32358, 35.05564], [-104.31168, 35.05892], [-104.30992, 35.05939], [-104.30829, 35.05985], [-104.30575, 35.06055], [-104.3045, 35.06089], [-104.30243, 35.06142], [-104.30149, 35.06163], [-104.30059, 35.06182], [-104.29988, 35.06195], [-104.29914, 35.06206], [-104.29744, 35.0623], [-104.29674, 35.06238], [-104.28506, 35.06362], [-104.282, 35.06395], [-104.27422, 35.06478], [-104.27277, 35.06491], [-104.271, 35.06511], [-104.27058, 35.06516], [-104.26999, 35.06524], [-104.26852, 35.0654], [-104.26755, 35.06551], [-104.26742, 35.06552], [-104.2659, 35.06566], [-104.26359, 35.0659], [-104.25951, 35.06633], [-104.24964, 35.06738], [-104.24883, 35.06746], [-104.24735, 35.06762], [-104.24663, 35.0677], [-104.24599, 35.06776], [-104.24381, 35.06799], [-104.24242, 35.06813], [-104.24227, 35.06815], [-104.24202, 35.06818], [-104.24161, 35.06823], [-104.2413, 35.06826], [-104.23591, 35.0688], [-104.23527, 35.0689], [-104.22716, 35.06976], [-104.22664, 35.06982], [-104.22535, 35.06993], [-104.22404, 35.07001], [-104.22282, 35.07006], [-104.22179, 35.07006], [-104.22076, 35.07005], [-104.21901, 35.06997], [-104.21834, 35.06993], [-104.21755, 35.06986], [-104.21665, 35.06976], [-104.21606, 35.0697], [-104.21546, 35.06962], [-104.21469, 35.06953], [-104.21262, 35.06926], [-104.21203, 35.06918], [-104.212, 35.06917], [-104.20098, 35.0678], [-104.20048, 35.06775], [-104.19812, 35.06746], [-104.1976, 35.06738], [-104.19581, 35.06715], [-104.19106, 35.06656], [-104.18994, 35.06643], [-104.18933, 35.06637], [-104.18832, 35.06629], [-104.1875, 35.06625], [-104.18648, 35.06622], [-104.1851, 35.06621], [-104.18385, 35.06623], [-104.18285, 35.06627], [-104.18163, 35.06635], [-104.1807, 35.06644], [-104.17965, 35.06655], [-104.17914, 35.06662], [-104.17791, 35.0668], [-104.17666, 35.06701], [-104.17528, 35.06731], [-104.17377, 35.06769], [-104.17144, 35.06826], [-104.16883, 35.06893], [-104.16533, 35.06979], [-104.16336, 35.07028], [-104.16228, 35.07055], [-104.12623, 35.07944], [-104.12514, 35.07971]]}}, {"type": "Feature", "properties": {"name": "US Hwy 277"}, "geometry": {"type": "LineString", "coordinates": [[-99.23962, 33.61932], [-99.24009, 33.61902], [-99.24062, 33.61854], [-99.24123, 33.61798], [-99.24191, 33.6172], [-99.24234, 33.61655], [-99.24287, 33.61547], [-99.2432, 33.61442], [-99.2434, 33.61312], [-99.24336, 33.61218], [-99.24306, 33.61002], [-99.24283, 33.60808], [-99.24247, 33.60501], [-99.24227, 33.60334], [-99.24213, 33.60225], [-99.24127, 33.5958], [-99.24103, 33.59347], [-99.24093, 33.59262], [-99.24093, 33.59185], [-99.24099, 33.59107], [-99.24113, 33.59021], [-99.24132, 33.58929], [-99.24152, 33.58862], [-99.24176, 33.58798], [-99.24224, 33.58689], [-99.2426, 33.58625], [-99.24298, 33.58573], [-99.24341, 33.58512], [-99.24391, 33.58455], [-99.24433, 33.58406], [-99.24473, 33.58364], [-99.24522, 33.58318], [-99.24575, 33.58278], [-99.24617, 33.58247], [-99.24653, 33.58223], [-99.24718, 33.58184], [-99.24785, 33.58146], [-99.24863, 33.58107], [-99.24927, 33.58078], [-99.25021, 33.58043], [-99.25075, 33.58026], [-99.25092, 33.58021], [-99.25119, 33.58012], [-99.2518, 33.57997], [-99.25191, 33.57995], [-99.25272, 33.57979], [-99.25315, 33.57972], [-99.25448, 33.57956], [-99.25591, 33.57949], [-99.26014, 33.57946], [-99.26637, 33.57941]]}}, {"type": "Feature", "properties": {"name": "US Hwy 277"}, "geometry": {"type": "LineString", "coordinates": [[-99.23813, 33.61983], [-99.23907, 33.61934], [-99.2397, 33.61896], [-99.24039, 33.61843], [-99.24089, 33.61796], [-99.24137, 33.61746], [-99.24176, 33.61693], [-99.24221, 33.61618], [-99.2426, 33.61538], [-99.24295, 33.61428], [-99.24306, 33.61357], [-99.24313, 33.61275], [-99.24301, 33.61148], [-99.24284, 33.61013], [-99.2422, 33.60507], [-99.24198, 33.60334], [-99.24183, 33.60224], [-99.24147, 33.59904], [-99.24099, 33.5958], [-99.24074, 33.59328], [-99.24066, 33.59245], [-99.24065, 33.59152], [-99.2408, 33.59054], [-99.24093, 33.58975], [-99.24104, 33.58922], [-99.24124, 33.58857], [-99.24148, 33.58796], [-99.24193, 33.5869], [-99.24229, 33.58624], [-99.2427, 33.58563], [-99.24317, 33.585], [-99.24358, 33.58453], [-99.24389, 33.58418], [-99.24429, 33.58377], [-99.24459, 33.58346], [-99.24496, 33.58312], [-99.24532, 33.58282], [-99.24566, 33.58255], [-99.24624, 33.58213], [-99.24678, 33.58179], [-99.24765, 33.58129], [-99.24873, 33.58075], [-99.24954, 33.58042], [-99.25048, 33.58009], [-99.25068, 33.58004], [-99.25134, 33.57986], [-99.25191, 33.57974], [-99.2522, 33.57968], [-99.25288, 33.57953], [-99.25356, 33.57942], [-99.25459, 33.57933], [-99.25581, 33.57928], [-99.25848, 33.57925], [-99.26013, 33.57924], [-99.26679, 33.57917]]}}, {"type": "Feature", "properties": {"name": "US Hwy 277"}, "geometry": {"type": "LineString", "coordinates": [[-99.78592, 32.42683], [-99.7867, 32.42847], [-99.787, 32.42968], [-99.78712, 32.43036], [-99.78717, 32.43102], [-99.78717, 32.43162], [-99.78716, 32.43208], [-99.78714, 32.43333], [-99.78712, 32.43442], [-99.78712, 32.43487], [-99.78711, 32.43503], [-99.78709, 32.4357], [-99.78711, 32.43697], [-99.7871, 32.43715], [-99.78705, 32.43875], [-99.78703, 32.43966], [-99.78701, 32.44069], [-99.787, 32.44108], [-99.787, 32.44172], [-99.787, 32.44214], [-99.787, 32.44235], [-99.78698, 32.44308], [-99.78695, 32.44387], [-99.78691, 32.44452], [-99.78678, 32.44577], [-99.7867, 32.44673], [-99.78668, 32.44704], [-99.78662, 32.44759], [-99.78645, 32.44919], [-99.78632, 32.45042], [-99.78614, 32.45223], [-99.78612, 32.4524], [-99.78608, 32.45285], [-99.78606, 32.45299], [-99.78585, 32.45511], [-99.78575, 32.45632], [-99.78558, 32.4579], [-99.78556, 32.45805], [-99.7853, 32.45985], [-99.78517, 32.46035], [-99.78494, 32.46104], [-99.78459, 32.46187], [-99.78451, 32.46204], [-99.78355, 32.46413], [-99.7833, 32.46456], [-99.78292, 32.46514], [-99.78254, 32.46565], [-99.78187, 32.46654], [-99.77947, 32.46977], [-99.7786, 32.47092], [-99.77853, 32.47101], [-99.77803, 32.47168], [-99.77727, 32.47272], [-99.7765, 32.47394], [-99.77541, 32.47533], [-99.77449, 32.47652], [-99.77418, 32.47693], [-99.77344, 32.47782], [-99.77263, 32.47885], [-99.77173, 32.4801], [-99.77171, 32.48014], [-99.771, 32.48108], [-99.77028, 32.48203], [-99.76965, 32.48288], [-99.76906, 32.48367], [-99.76858, 32.48434], [-99.76814, 32.48494], [-99.76782, 32.48537], [-99.76577, 32.48807], [-99.76429, 32.49006], [-99.76371, 32.49075], [-99.76341, 32.49117], [-99.76283, 32.49197], [-99.76221, 32.4928], [-99.76113, 32.49421], [-99.76036, 32.4952], [-99.75981, 32.49594], [-99.75957, 32.49627], [-99.7595, 32.49637], [-99.7587, 32.4975], [-99.75829, 32.49821], [-99.75773, 32.49896], [-99.75729, 32.49959], [-99.7569, 32.5002], [-99.75618, 32.50162], [-99.75538, 32.50321], [-99.75519, 32.50357], [-99.75476, 32.50474], [-99.75408, 32.50686]]}}, {"type": "Feature", "properties": {"name": "US Hwy 277"}, "geometry": {"type": "LineString", "coordinates": [[-99.78575, 32.427], [-99.78598, 32.42749], [-99.78647, 32.42852], [-99.7868, 32.42975], [-99.78691, 32.43045], [-99.78695, 32.43097], [-99.78696, 32.43103], [-99.78697, 32.43154], [-99.78697, 32.43175], [-99.78694, 32.43288], [-99.78692, 32.43333], [-99.78688, 32.43442], [-99.78688, 32.43642], [-99.78686, 32.43851], [-99.78684, 32.43961], [-99.78684, 32.43985], [-99.78684, 32.44], [-99.78683, 32.44046], [-99.78679, 32.44212], [-99.78679, 32.44214], [-99.78676, 32.44357], [-99.78674, 32.44387], [-99.78671, 32.44442], [-99.78656, 32.44686], [-99.78652, 32.44734], [-99.78649, 32.44761], [-99.78638, 32.44895], [-99.7862, 32.45067], [-99.78609, 32.4516], [-99.78606, 32.45187], [-99.78603, 32.45222], [-99.78601, 32.45239], [-99.78598, 32.45266], [-99.78597, 32.45283], [-99.78595, 32.45298], [-99.78577, 32.45497], [-99.78549, 32.45771], [-99.78547, 32.45789], [-99.78533, 32.45901], [-99.78521, 32.45961], [-99.78515, 32.45979], [-99.78514, 32.45982], [-99.78499, 32.4604], [-99.78469, 32.46113], [-99.78429, 32.46204], [-99.78365, 32.46349], [-99.78332, 32.46416], [-99.78305, 32.46459], [-99.78282, 32.46495], [-99.78259, 32.46524], [-99.7815, 32.46672], [-99.77928, 32.46969], [-99.77833, 32.47096], [-99.77774, 32.47174], [-99.77747, 32.47212], [-99.77523, 32.47522], [-99.77422, 32.47662], [-99.77344, 32.47756], [-99.77248, 32.47879], [-99.77224, 32.4791], [-99.77091, 32.48088], [-99.77023, 32.48178], [-99.77, 32.48208], [-99.76877, 32.48374], [-99.76831, 32.48435], [-99.76789, 32.48489], [-99.76728, 32.48572], [-99.76592, 32.48754], [-99.76588, 32.48755], [-99.76423, 32.48974], [-99.76323, 32.49106], [-99.76286, 32.49156], [-99.75956, 32.49599], [-99.75806, 32.498], [-99.75763, 32.49858], [-99.75675, 32.49976], [-99.75586, 32.50153], [-99.75513, 32.50299], [-99.75482, 32.50375], [-99.7543, 32.50519], [-99.75391, 32.50669]]}}, {"type": "Feature", "properties": {"name": "US Hwy 277"}, "geometry": {"type": "LineString", "coordinates": [[-100.38355, 31.4845], [-100.38389, 31.48398], [-100.38464, 31.48302], [-100.38502, 31.48252], [-100.38512, 31.4824], [-100.3853, 31.48218], [-100.38595, 31.48147], [-100.38671, 31.48079], [-100.38694, 31.4806], [-100.38725, 31.48036], [-100.38773, 31.48003], [-100.38798, 31.47985], [-100.38814, 31.47975], [-100.39004, 31.4788], [-100.39326, 31.47797], [-100.39496, 31.4776], [-100.39726, 31.4771], [-100.39793, 31.47696], [-100.39817, 31.47691], [-100.39835, 31.47687], [-100.39901, 31.47674], [-100.40172, 31.47615], [-100.40278, 31.47599], [-100.40324, 31.47593], [-100.40412, 31.47583], [-100.40462, 31.4758], [-100.40591, 31.4758], [-100.40595, 31.4758], [-100.40612, 31.47581], [-100.40734, 31.47579], [-100.40774, 31.47579], [-100.40959, 31.4758], [-100.40964, 31.4758], [-100.41143, 31.4758], [-100.41145, 31.4758], [-100.41332, 31.47578], [-100.41466, 31.4758], [-100.41605, 31.47578], [-100.41742, 31.47581], [-100.4178, 31.47581], [-100.41843, 31.47581], [-100.41874, 31.47582], [-100.41891, 31.47582], [-100.41893, 31.47582], [-100.41909, 31.47582], [-100.41948, 31.47581], [-100.42127, 31.4758], [-100.42424, 31.47579], [-100.42463, 31.47578], [-100.42507, 31.47578], [-100.42571, 31.47581], [-100.42669, 31.47576], [-100.4271, 31.47574], [-100.42712, 31.47574], [-100.42751, 31.47575], [-100.42832, 31.4757], [-100.42855, 31.47567], [-100.42956, 31.47547], [-100.43041, 31.4752], [-100.43216, 31.47439], [-100.43223, 31.47436], [-100.43309, 31.47394], [-100.43695, 31.47202], [-100.43768, 31.47173], [-100.43821, 31.47148], [-100.43845, 31.47137], [-100.4386, 31.4713], [-100.43872, 31.47124], [-100.43908, 31.47107], [-100.43969, 31.47076], [-100.44029, 31.47046], [-100.44136, 31.46993], [-100.44154, 31.46984], [-100.44168, 31.46977], [-100.44221, 31.46953], [-100.44257, 31.46934], [-100.44479, 31.46826], [-100.44486, 31.46823], [-100.4457, 31.46784], [-100.44596, 31.46773], [-100.44678, 31.46739], [-100.44697, 31.4673], [-100.44717, 31.46721]]}}, {"type": "Feature", "properties": {"name": "US Hwy 277"}, "geometry": {"type": "LineString", "coordinates": [[-100.38483, 31.48241], [-100.38515, 31.48199], [-100.38544, 31.48164], [-100.38574, 31.48132], [-100.38598, 31.4811], [-100.38623, 31.48084], [-100.38658, 31.48053], [-100.38715, 31.4801], [-100.38784, 31.47962], [-100.38813, 31.47946], [-100.38847, 31.47927], [-100.38902, 31.47898], [-100.3894, 31.47879], [-100.38952, 31.47872], [-100.38959, 31.47868], [-100.3898, 31.47859], [-100.38988, 31.47857], [-100.38996, 31.47854], [-100.39066, 31.47829], [-100.39083, 31.47824], [-100.3913, 31.4781], [-100.39243, 31.47782], [-100.39309, 31.47769], [-100.39329, 31.47764], [-100.39391, 31.47753], [-100.39412, 31.47749], [-100.39432, 31.47745], [-100.39472, 31.47736], [-100.39493, 31.47731], [-100.39556, 31.47717], [-100.39557, 31.47717], [-100.39745, 31.47677], [-100.39789, 31.47668], [-100.39798, 31.47666], [-100.39808, 31.47663], [-100.39817, 31.47662], [-100.39826, 31.4766], [-100.39964, 31.47632], [-100.39996, 31.47625], [-100.40145, 31.47594], [-100.40263, 31.47572], [-100.40296, 31.47567], [-100.40373, 31.47558], [-100.40433, 31.47553], [-100.40441, 31.47552], [-100.40592, 31.47549], [-100.40598, 31.47549], [-100.40617, 31.47549], [-100.40623, 31.47549], [-100.40638, 31.47549], [-100.40677, 31.47549], [-100.40682, 31.47549], [-100.40697, 31.4755], [-100.40702, 31.4755], [-100.40714, 31.4755], [-100.40719, 31.4755], [-100.40767, 31.47551], [-100.40811, 31.47552], [-100.40911, 31.47551], [-100.4096, 31.47551], [-100.40964, 31.47551], [-100.40998, 31.47551], [-100.41112, 31.47551], [-100.41143, 31.47551], [-100.4115, 31.47551], [-100.41187, 31.47551], [-100.41297, 31.4755], [-100.41334, 31.4755], [-100.41434, 31.47548], [-100.41466, 31.47547], [-100.41604, 31.4755], [-100.41733, 31.47549], [-100.4174, 31.47549], [-100.41748, 31.47549], [-100.4179, 31.4755], [-100.41832, 31.4755], [-100.41842, 31.4755], [-100.4187, 31.4755], [-100.41879, 31.47551], [-100.41883, 31.47551], [-100.41888, 31.47551], [-100.41894, 31.47551], [-100.41898, 31.47552], [-100.41904, 31.47552], [-100.41925, 31.47553], [-100.41932, 31.47553], [-100.41971, 31.47553], [-100.41997, 31.47553], [-100.42088, 31.47553], [-100.42127, 31.47553], [-100.42201, 31.47554], [-100.42316, 31.47554], [-100.42422, 31.47552], [-100.42426, 31.47552], [-100.42496, 31.47552], [-100.42506, 31.47552], [-100.42533, 31.47552], [-100.42542, 31.47552], [-100.42548, 31.47551], [-100.42564, 31.47551], [-100.4257, 31.47551], [-100.42636, 31.47556], [-100.42705, 31.47556], [-100.42709, 31.47556], [-100.42733, 31.47556], [-100.42776, 31.47554], [-100.42852, 31.47544], [-100.42904, 31.47532], [-100.42955, 31.47519], [-100.4304, 31.47493], [-100.43097, 31.47467], [-100.43185, 31.47428], [-100.43214, 31.47415], [-100.4322, 31.47412], [-100.43236, 31.47404], [-100.43237, 31.47403], [-100.4329, 31.47375], [-100.43308, 31.47365], [-100.43415, 31.47313], [-100.43737, 31.47157], [-100.4375, 31.47151], [-100.43819, 31.47115], [-100.43828, 31.47111], [-100.43836, 31.47107], [-100.43843, 31.47104], [-100.43849, 31.47101], [-100.43855, 31.47098], [-100.43866, 31.47092], [-100.43903, 31.47075], [-100.44028, 31.47014], [-100.4408, 31.46989], [-100.44102, 31.46978], [-100.44118, 31.4697], [-100.44129, 31.46965], [-100.44139, 31.4696], [-100.44146, 31.46957], [-100.44152, 31.46954], [-100.44205, 31.46928], [-100.44291, 31.46887], [-100.44402, 31.46832], [-100.44449, 31.46809], [-100.44468, 31.46801], [-100.44499, 31.46786], [-100.4459, 31.46743], [-100.44619, 31.4673], [-100.4462, 31.46729], [-100.44632, 31.46724], [-100.44644, 31.46718], [-100.44653, 31.46714], [-100.44661, 31.46711], [-100.44668, 31.46708], [-100.4467, 31.46707], [-100.4468, 31.46703]]}}, {"type": "Feature", "properties": {"name": "US Hwy 283"}, "geometry": {"type": "LineString", "coordinates": [[-99.23813, 33.61983], [-99.23907, 33.61934], [-99.2397, 33.61896], [-99.24039, 33.61843], [-99.24089, 33.61796], [-99.24137, 33.61746], [-99.24176, 33.61693], [-99.24221, 33.61618], [-99.2426, 33.61538], [-99.24295, 33.61428], [-99.24306, 33.61357], [-99.24313, 33.61275], [-99.24301, 33.61148], [-99.24284, 33.61013], [-99.2422, 33.60507], [-99.24198, 33.60334], [-99.24183, 33.60224], [-99.24147, 33.59904], [-99.24099, 33.5958], [-99.24074, 33.59328], [-99.24066, 33.59245], [-99.24065, 33.59152], [-99.2408, 33.59054], [-99.24093, 33.58975], [-99.24104, 33.58922], [-99.24124, 33.58857], [-99.24148, 33.58796], [-99.24193, 33.5869], [-99.24229, 33.58624], [-99.2427, 33.58563], [-99.24317, 33.585], [-99.24358, 33.58453], [-99.24389, 33.58418], [-99.24429, 33.58377], [-99.24459, 33.58346], [-99.24496, 33.58312], [-99.24532, 33.58282], [-99.24566, 33.58255], [-99.24624, 33.58213], [-99.24678, 33.58179], [-99.24765, 33.58129], [-99.24873, 33.58075], [-99.24954, 33.58042], [-99.25048, 33.58009], [-99.25068, 33.58004], [-99.25134, 33.57986], [-99.25191, 33.57974], [-99.2522, 33.57968], [-99.25288, 33.57953], [-99.25356, 33.57942], [-99.25459, 33.57933], [-99.25581, 33.57928], [-99.25848, 33.57925], [-99.26013, 33.57924]]}}, {"type": "Feature", "properties": {"name": "US Hwy 283"}, "geometry": {"type": "LineString", "coordinates": [[-99.23962, 33.61932], [-99.24009, 33.61902], [-99.24062, 33.61854], [-99.24123, 33.61798], [-99.24191, 33.6172], [-99.24234, 33.61655], [-99.24287, 33.61547], [-99.2432, 33.61442], [-99.2434, 33.61312], [-99.24336, 33.61218], [-99.24306, 33.61002], [-99.24283, 33.60808], [-99.24247, 33.60501], [-99.24227, 33.60334], [-99.24213, 33.60225], [-99.24127, 33.5958], [-99.24103, 33.59347], [-99.24093, 33.59262], [-99.24093, 33.59185], [-99.24099, 33.59107], [-99.24113, 33.59021], [-99.24132, 33.58929], [-99.24152, 33.58862], [-99.24176, 33.58798], [-99.24224, 33.58689], [-99.2426, 33.58625], [-99.24298, 33.58573], [-99.24341, 33.58512], [-99.24391, 33.58455], [-99.24433, 33.58406], [-99.24473, 33.58364], [-99.24522, 33.58318], [-99.24575, 33.58278], [-99.24617, 33.58247], [-99.24653, 33.58223], [-99.24718, 33.58184], [-99.24785, 33.58146], [-99.24863, 33.58107], [-99.24927, 33.58078], [-99.25021, 33.58043], [-99.25075, 33.58026], [-99.25092, 33.58021], [-99.25119, 33.58012], [-99.2518, 33.57997], [-99.25191, 33.57995], [-99.25272, 33.57979], [-99.25315, 33.57972], [-99.25448, 33.57956], [-99.25591, 33.57949], [-99.26014, 33.57946], [-99.26637, 33.57941]]}}, {"type": "Feature", "properties": {"name": "I- 10"}, "geometry": {"type": "LineString", "coordinates": [[-101.80954, 30.71763], [-101.80617, 30.7167], [-101.80169, 30.71546], [-101.80146, 30.7154], [-101.8008, 30.71521], [-101.80058, 30.71515], [-101.80042, 30.71511], [-101.79995, 30.71497], [-101.79979, 30.71493], [-101.79888, 30.71468], [-101.79789, 30.7144], [-101.79749, 30.7143], [-101.79663, 30.71411], [-101.79614, 30.71402], [-101.79598, 30.71399], [-101.79521, 30.71387], [-101.79507, 30.71385], [-101.79475, 30.71382], [-101.79464, 30.71381], [-101.7945, 30.7138], [-101.79389, 30.71375], [-101.79327, 30.71372], [-101.79254, 30.71371], [-101.79229, 30.71371], [-101.79201, 30.71371], [-101.7912, 30.71375], [-101.79099, 30.71376], [-101.79044, 30.71381], [-101.78995, 30.71386], [-101.7895, 30.71392], [-101.78864, 30.71406], [-101.78821, 30.71415], [-101.78743, 30.71433], [-101.78643, 30.71459], [-101.78578, 30.71475], [-101.78532, 30.71486], [-101.7839, 30.71523], [-101.78364, 30.71529], [-101.78348, 30.71534], [-101.77977, 30.71628], [-101.77856, 30.71658], [-101.77354, 30.71786], [-101.77312, 30.71797], [-101.77083, 30.71856], [-101.76986, 30.7188], [-101.76898, 30.71902], [-101.76865, 30.71911], [-101.76795, 30.71928], [-101.76734, 30.71945], [-101.76705, 30.71951], [-101.76564, 30.71987], [-101.76531, 30.71996], [-101.76381, 30.72034], [-101.76351, 30.72042], [-101.76247, 30.72069], [-101.76181, 30.72088], [-101.76156, 30.72097], [-101.76086, 30.72119], [-101.76032, 30.72137], [-101.75968, 30.7216], [-101.75898, 30.72186], [-101.75859, 30.72201], [-101.75836, 30.7221], [-101.75765, 30.72238], [-101.75723, 30.72256], [-101.75708, 30.72264], [-101.75652, 30.7229], [-101.75153, 30.7253], [-101.75037, 30.72586], [-101.7498, 30.72614], [-101.74969, 30.72619], [-101.74931, 30.72638], [-101.74906, 30.7265], [-101.74718, 30.72741], [-101.74712, 30.72743], [-101.74654, 30.7277], [-101.74643, 30.72775], [-101.74623, 30.72784], [-101.74608, 30.72792], [-101.74597, 30.72797], [-101.74526, 30.72832], [-101.74459, 30.72865], [-101.74375, 30.72903], [-101.74298, 30.7294], [-101.7421, 30.72978], [-101.74102, 30.73019], [-101.74089, 30.73023], [-101.73991, 30.73053], [-101.73909, 30.73074], [-101.73861, 30.73083], [-101.73826, 30.73089], [-101.73796, 30.73093], [-101.7373, 30.73104], [-101.73598, 30.73121], [-101.73424, 30.73141], [-101.73372, 30.73149], [-101.73341, 30.73154], [-101.73251, 30.7317], [-101.73149, 30.73193], [-101.73068, 30.73217], [-101.73046, 30.73224], [-101.72972, 30.73249], [-101.72921, 30.73269], [-101.72852, 30.73298], [-101.72757, 30.73341], [-101.72652, 30.73399], [-101.72593, 30.73436], [-101.72537, 30.73473], [-101.72509, 30.73494], [-101.72443, 30.73543], [-101.72079, 30.73847], [-101.72062, 30.73861], [-101.7203, 30.73887], [-101.72015, 30.73901], [-101.71888, 30.74], [-101.71882, 30.74005], [-101.71831, 30.74044], [-101.71786, 30.74078], [-101.71733, 30.74118], [-101.71649, 30.74177], [-101.71603, 30.7421], [-101.71601, 30.74211], [-101.71598, 30.74213], [-101.71597, 30.74214], [-101.71533, 30.74254], [-101.71496, 30.74275], [-101.71468, 30.74292], [-101.71408, 30.74323], [-101.71315, 30.74368], [-101.71246, 30.74397], [-101.71198, 30.74417], [-101.71176, 30.74424], [-101.71089, 30.74454], [-101.71065, 30.74461], [-101.71025, 30.74471], [-101.70971, 30.74486], [-101.70927, 30.74495], [-101.70906, 30.745], [-101.70878, 30.74507], [-101.70866, 30.74509], [-101.70852, 30.74512], [-101.70843, 30.74514], [-101.708, 30.74523], [-101.70775, 30.74528], [-101.70752, 30.74533], [-101.70721, 30.74541], [-101.70562, 30.74574], [-101.70309, 30.74629], [-101.70149, 30.74664], [-101.70076, 30.7468], [-101.70047, 30.74686], [-101.69992, 30.74697], [-101.699, 30.74714], [-101.69899, 30.74714], [-101.69864, 30.74719], [-101.69755, 30.74729], [-101.69732, 30.74732], [-101.69707, 30.74734], [-101.69689, 30.74734], [-101.69667, 30.74735], [-101.69615, 30.74736], [-101.6954, 30.74735], [-101.69457, 30.74733], [-101.69342, 30.74721], [-101.69283, 30.74714], [-101.69211, 30.74703], [-101.69132, 30.74686], [-101.69088, 30.74676], [-101.69043, 30.74664], [-101.68968, 30.74641], [-101.68913, 30.74625], [-101.68829, 30.74594], [-101.68753, 30.74567], [-101.68541, 30.74492], [-101.68521, 30.74486], [-101.68367, 30.74432], [-101.68323, 30.74418], [-101.68318, 30.74416], [-101.68299, 30.74411], [-101.6826, 30.74397], [-101.68169, 30.74372], [-101.68093, 30.74351], [-101.68035, 30.74336], [-101.67956, 30.74318], [-101.67892, 30.74304], [-101.67795, 30.74286], [-101.67654, 30.74259], [-101.67584, 30.74246], [-101.67428, 30.74218], [-101.67419, 30.74216], [-101.67394, 30.74212], [-101.67385, 30.7421], [-101.67334, 30.74201], [-101.6724, 30.74183], [-101.66805, 30.74101], [-101.66797, 30.74099], [-101.66709, 30.74084], [-101.66669, 30.74075], [-101.66659, 30.74074], [-101.66598, 30.74062], [-101.66413, 30.74029], [-101.66375, 30.74022], [-101.66351, 30.74017], [-101.66109, 30.73971], [-101.66069, 30.73964], [-101.65989, 30.7395], [-101.6592, 30.73936], [-101.65623, 30.73881], [-101.65212, 30.73804], [-101.65182, 30.73798], [-101.64937, 30.73752], [-101.64921, 30.73749], [-101.64903, 30.73747], [-101.6476, 30.73719], [-101.64642, 30.73698], [-101.6443, 30.73657], [-101.64128, 30.73602], [-101.64047, 30.73586], [-101.63805, 30.7354], [-101.63756, 30.73531], [-101.63748, 30.7353], [-101.6353, 30.73489], [-101.63423, 30.73471], [-101.63403, 30.73468], [-101.63379, 30.73464], [-101.63256, 30.73449], [-101.63201, 30.73443], [-101.63112, 30.73435], [-101.63029, 30.73429], [-101.62901, 30.73421], [-101.62833, 30.73415], [-101.62656, 30.73403], [-101.62537, 30.73395], [-101.62482, 30.73391], [-101.62333, 30.7338], [-101.6229, 30.73376], [-101.62191, 30.73368], [-101.62063, 30.73356], [-101.61976, 30.73349], [-101.61875, 30.73339], [-101.61804, 30.73333], [-101.61571, 30.73311], [-101.61469, 30.73302], [-101.61421, 30.73297], [-101.61412, 30.73296], [-101.61391, 30.73294], [-101.61282, 30.73285], [-101.61204, 30.73277], [-101.61113, 30.73269], [-101.61025, 30.73259], [-101.60948, 30.7325], [-101.60646, 30.73202], [-101.60634, 30.732], [-101.60507, 30.73179], [-101.60461, 30.73172], [-101.60432, 30.73167], [-101.6024, 30.73136], [-101.60191, 30.73128], [-101.59972, 30.73095], [-101.5988, 30.73082], [-101.59861, 30.7308], [-101.5977, 30.73071], [-101.59607, 30.73059], [-101.59594, 30.73059], [-101.59573, 30.73058], [-101.59564, 30.73058], [-101.59435, 30.73054], [-101.59349, 30.73054], [-101.59284, 30.73053], [-101.5909, 30.73053], [-101.59025, 30.73053], [-101.59006, 30.73052], [-101.5895, 30.73052], [-101.58931, 30.73052], [-101.58796, 30.73052], [-101.5839, 30.7305], [-101.58362, 30.7305], [-101.58225, 30.73051], [-101.5806, 30.7305], [-101.57952, 30.73051], [-101.57942, 30.73051], [-101.57679, 30.73048], [-101.57519, 30.73046], [-101.57338, 30.73034], [-101.57254, 30.73023], [-101.57203, 30.73016], [-101.57135, 30.7301], [-101.57041, 30.72995], [-101.5701, 30.7299], [-101.56867, 30.72972], [-101.56775, 30.72958], [-101.56734, 30.72952], [-101.56578, 30.72931], [-101.56239, 30.72886], [-101.56202, 30.72881], [-101.56158, 30.72875], [-101.56091, 30.72866], [-101.56054, 30.72861], [-101.55681, 30.72812], [-101.55654, 30.72808], [-101.55526, 30.72791], [-101.55011, 30.72723], [-101.54881, 30.72704], [-101.54857, 30.72701], [-101.54452, 30.72647], [-101.54398, 30.72639], [-101.54246, 30.72617], [-101.54215, 30.72613], [-101.54139, 30.72598], [-101.54042, 30.72574], [-101.53956, 30.72549], [-101.53907, 30.72531], [-101.53873, 30.72519], [-101.5386, 30.72514], [-101.53756, 30.7247], [-101.53667, 30.7243], [-101.53587, 30.72386], [-101.53496, 30.7233], [-101.53421, 30.72277], [-101.53332, 30.72209], [-101.53255, 30.72142], [-101.53194, 30.72083], [-101.53106, 30.71989], [-101.53038, 30.71919], [-101.52957, 30.71831], [-101.52934, 30.71807], [-101.52924, 30.71797], [-101.52814, 30.7168], [-101.52693, 30.7155], [-101.5266, 30.71514], [-101.52634, 30.71486], [-101.52559, 30.71408], [-101.52526, 30.71373], [-101.52508, 30.71354], [-101.52411, 30.7125], [-101.52395, 30.71233], [-101.52302, 30.71133], [-101.52214, 30.71037], [-101.52108, 30.70934], [-101.52043, 30.7088], [-101.5195, 30.70808], [-101.5187, 30.70748], [-101.51789, 30.70695], [-101.51692, 30.70637], [-101.51606, 30.70593], [-101.51496, 30.70537], [-101.51336, 30.70471], [-101.51207, 30.70425], [-101.51077, 30.70386], [-101.50978, 30.70362], [-101.50837, 30.70333], [-101.50754, 30.70319], [-101.50718, 30.70312], [-101.50712, 30.70311], [-101.50587, 30.70289], [-101.49668, 30.70126], [-101.49657, 30.70124], [-101.49404, 30.70078], [-101.49281, 30.70056], [-101.49279, 30.70056], [-101.48922, 30.69993], [-101.48844, 30.69979], [-101.485, 30.69917], [-101.48113, 30.69849], [-101.4808, 30.69843], [-101.47724, 30.69779], [-101.47688, 30.69772], [-101.47585, 30.69754], [-101.47392, 30.6972], [-101.47168, 30.69681], [-101.4703, 30.69656], [-101.46922, 30.69637], [-101.46884, 30.69631], [-101.46599, 30.6958], [-101.46553, 30.69572], [-101.46491, 30.69561], [-101.46463, 30.69556], [-101.46381, 30.69542], [-101.46353, 30.69537], [-101.46263, 30.69521], [-101.45994, 30.69474], [-101.45904, 30.69458], [-101.45766, 30.69433], [-101.45672, 30.69417], [-101.45165, 30.69328], [-101.45141, 30.69323], [-101.45068, 30.6931], [-101.45044, 30.69306], [-101.44942, 30.69287], [-101.44635, 30.69232], [-101.44533, 30.69214], [-101.4416, 30.69146], [-101.43673, 30.69061], [-101.43523, 30.69035], [-101.43399, 30.69012], [-101.43208, 30.68985], [-101.43104, 30.68974], [-101.43021, 30.68967], [-101.42943, 30.68963], [-101.42795, 30.68958], [-101.42254, 30.68955], [-101.41227, 30.68947], [-101.41059, 30.68946], [-101.40891, 30.68945], [-101.40276, 30.68939], [-101.40186, 30.68938], [-101.4015, 30.68937], [-101.39659, 30.68934], [-101.39579, 30.68934], [-101.38858, 30.68928], [-101.38753, 30.68924], [-101.38582, 30.68911], [-101.38487, 30.68901], [-101.38255, 30.68867], [-101.38196, 30.68857], [-101.38086, 30.68833], [-101.38009, 30.68816], [-101.37869, 30.68781], [-101.37811, 30.68765], [-101.37722, 30.68739], [-101.37578, 30.68693], [-101.37256, 30.68591], [-101.37041, 30.68523], [-101.36559, 30.68371], [-101.36444, 30.68339], [-101.36355, 30.68316], [-101.36298, 30.68303], [-101.36175, 30.68277], [-101.36041, 30.68255], [-101.35814, 30.68214], [-101.35519, 30.68162], [-101.35399, 30.6814], [-101.35188, 30.68103], [-101.34858, 30.68044], [-101.34845, 30.68042], [-101.34758, 30.68028], [-101.34731, 30.68022], [-101.34674, 30.68012], [-101.34547, 30.67989], [-101.34246, 30.67934], [-101.34162, 30.67919], [-101.33991, 30.6789], [-101.33755, 30.67848], [-101.33644, 30.67829], [-101.33286, 30.67766], [-101.3325, 30.6776], [-101.33131, 30.67745], [-101.33054, 30.67737], [-101.33044, 30.67736], [-101.32987, 30.67731], [-101.32889, 30.67724], [-101.32804, 30.67719], [-101.32738, 30.67717], [-101.3267, 30.67717], [-101.32576, 30.67717], [-101.32463, 30.6772], [-101.32419, 30.67722], [-101.32359, 30.67726], [-101.32273, 30.67733], [-101.32246, 30.67735], [-101.32133, 30.67746], [-101.32064, 30.67756], [-101.31969, 30.6777], [-101.31869, 30.67788], [-101.31819, 30.67797], [-101.31726, 30.67816], [-101.3167, 30.67828], [-101.31559, 30.67857], [-101.31486, 30.67878], [-101.31414, 30.67899], [-101.31367, 30.67914], [-101.31274, 30.67944], [-101.3117, 30.6798], [-101.31037, 30.68027], [-101.30929, 30.68063], [-101.30822, 30.68101], [-101.30734, 30.68132], [-101.30715, 30.68138], [-101.3054, 30.68201], [-101.30339, 30.68269], [-101.30232, 30.68307], [-101.30185, 30.68323], [-101.29856, 30.68439], [-101.29775, 30.68467], [-101.29336, 30.68621], [-101.29171, 30.68677], [-101.29028, 30.68728], [-101.28834, 30.68795], [-101.28662, 30.68855], [-101.28331, 30.68971], [-101.28207, 30.69015], [-101.28006, 30.69084], [-101.27901, 30.69121], [-101.27894, 30.69123], [-101.27837, 30.69143], [-101.27805, 30.69153], [-101.27778, 30.69162], [-101.27634, 30.69206], [-101.27581, 30.6922], [-101.27533, 30.69232], [-101.27477, 30.69247], [-101.27441, 30.69254], [-101.27344, 30.69276], [-101.27318, 30.69281], [-101.27269, 30.6929], [-101.27218, 30.69299], [-101.27124, 30.69314], [-101.27081, 30.69321], [-101.27049, 30.69325], [-101.2695, 30.69337], [-101.26934, 30.69339], [-101.26915, 30.69342], [-101.26886, 30.69345], [-101.2687, 30.69347], [-101.26815, 30.69353], [-101.26713, 30.69365], [-101.26246, 30.69423], [-101.26157, 30.69434], [-101.2609, 30.69442], [-101.25902, 30.69464], [-101.25885, 30.69466], [-101.25766, 30.69482], [-101.25592, 30.69503], [-101.25103, 30.69563], [-101.24601, 30.69623], [-101.24488, 30.69638], [-101.24177, 30.69675], [-101.24099, 30.69684], [-101.24089, 30.69686], [-101.23902, 30.69709], [-101.23657, 30.69752], [-101.23604, 30.69764], [-101.23204, 30.69875], [-101.22841, 30.69986], [-101.2282, 30.69992], [-101.22744, 30.70016], [-101.22523, 30.70086], [-101.22451, 30.70107], [-101.22353, 30.70137], [-101.22185, 30.70189], [-101.22044, 30.70233], [-101.21901, 30.70277], [-101.21645, 30.70357], [-101.21476, 30.70408], [-101.21398, 30.70428], [-101.21283, 30.70456], [-101.21185, 30.70478], [-101.21112, 30.70492], [-101.21099, 30.70494], [-101.21063, 30.705], [-101.20926, 30.70521], [-101.20811, 30.70537], [-101.20793, 30.70539], [-101.20758, 30.70542], [-101.20746, 30.70543], [-101.20687, 30.70547], [-101.20675, 30.70549], [-101.20606, 30.70555], [-101.20559, 30.70555], [-101.20542, 30.70556], [-101.20521, 30.70557], [-101.20496, 30.70558], [-101.20407, 30.7056], [-101.20389, 30.70561], [-101.20369, 30.70561], [-101.20328, 30.70561], [-101.20237, 30.70562], [-101.20205, 30.70561], [-101.20199, 30.70561], [-101.20164, 30.70561], [-101.20139, 30.7056], [-101.20117, 30.7056], [-101.19974, 30.7056], [-101.19927, 30.70561], [-101.19891, 30.70561], [-101.19864, 30.70561], [-101.19844, 30.70561], [-101.19707, 30.7056], [-101.19606, 30.70561], [-101.19595, 30.70561], [-101.19547, 30.70562], [-101.19512, 30.70564], [-101.19489, 30.70566], [-101.19479, 30.70566], [-101.19419, 30.70569], [-101.19396, 30.70571], [-101.19349, 30.70575], [-101.19267, 30.70582], [-101.19212, 30.70589], [-101.19171, 30.70594], [-101.19071, 30.70607], [-101.18967, 30.70624], [-101.1885, 30.70647], [-101.18725, 30.70671], [-101.18627, 30.70691], [-101.18505, 30.70715], [-101.18315, 30.70753], [-101.18284, 30.70759], [-101.18093, 30.70797], [-101.17916, 30.70832], [-101.17762, 30.70863], [-101.17525, 30.70909], [-101.1752, 30.7091], [-101.17423, 30.7093], [-101.17329, 30.70948], [-101.17291, 30.70955], [-101.1726, 30.70961], [-101.17227, 30.70968], [-101.17137, 30.70984], [-101.17068, 30.70995], [-101.17051, 30.70997], [-101.16981, 30.71006], [-101.16896, 30.71016], [-101.16837, 30.71022], [-101.16639, 30.71033], [-101.16623, 30.71034], [-101.16554, 30.71036], [-101.16531, 30.71037], [-101.16477, 30.71036], [-101.16428, 30.71036], [-101.16321, 30.71035], [-101.16249, 30.7103], [-101.16173, 30.71025], [-101.16131, 30.71023], [-101.16066, 30.71016], [-101.15943, 30.71002], [-101.15884, 30.70994], [-101.1582, 30.70985], [-101.15675, 30.70959], [-101.15667, 30.70957], [-101.1562, 30.70947], [-101.15517, 30.70925], [-101.1535, 30.70887], [-101.15056, 30.70822], [-101.14951, 30.70798], [-101.14838, 30.70772], [-101.14372, 30.70668], [-101.14047, 30.70594], [-101.13983, 30.7058], [-101.13755, 30.70529], [-101.13437, 30.70457], [-101.13088, 30.70378], [-101.12932, 30.70344], [-101.12785, 30.7031], [-101.12753, 30.70304], [-101.1271, 30.70295], [-101.12563, 30.7026], [-101.12433, 30.70231], [-101.12354, 30.70212], [-101.11935, 30.70114], [-101.11873, 30.70099], [-101.11811, 30.70084], [-101.11627, 30.7004], [-101.11567, 30.70027], [-101.11487, 30.70007], [-101.11154, 30.69929], [-101.10933, 30.69876], [-101.10704, 30.69823], [-101.10687, 30.69819], [-101.10573, 30.69791], [-101.10453, 30.69763], [-101.10281, 30.69721], [-101.10201, 30.69704], [-101.10021, 30.69662], [-101.09991, 30.69654], [-101.09922, 30.69639], [-101.0985, 30.6962], [-101.09756, 30.69599], [-101.09754, 30.69598], [-101.09682, 30.69582], [-101.09655, 30.69575], [-101.09557, 30.69551], [-101.09423, 30.6952], [-101.09355, 30.69503], [-101.09303, 30.69491], [-101.09255, 30.69481], [-101.09242, 30.69478], [-101.09205, 30.69469], [-101.09192, 30.69466], [-101.09069, 30.69437], [-101.08992, 30.69419], [-101.08839, 30.69382], [-101.08786, 30.6937], [-101.087, 30.6935], [-101.08577, 30.69321], [-101.08245, 30.6924], [-101.08004, 30.69184], [-101.06207, 30.68758], [-101.06075, 30.68726], [-101.06068, 30.68724], [-101.05703, 30.68639], [-101.05572, 30.68607], [-101.05228, 30.68527], [-101.05122, 30.68501], [-101.04833, 30.68434], [-101.04701, 30.68401], [-101.04178, 30.68278], [-101.03869, 30.68202], [-101.037, 30.68158], [-101.03159, 30.68021], [-101.03054, 30.67993], [-101.02882, 30.6795], [-101.02766, 30.6792], [-101.02554, 30.67865], [-101.02377, 30.67821], [-101.02283, 30.67797], [-101.0217, 30.67768], [-101.01619, 30.6763], [-101.01451, 30.67589], [-101.01353, 30.67564], [-101.01201, 30.67525], [-101.01125, 30.67505], [-101.00856, 30.67439], [-101.00576, 30.67366], [-101.0044, 30.67332], [-101.00242, 30.67281], [-101.00129, 30.67253], [-100.99929, 30.67203], [-100.99778, 30.67169], [-100.99654, 30.67142], [-100.99446, 30.67098], [-100.99294, 30.67066], [-100.99195, 30.67044], [-100.98934, 30.66988], [-100.98697, 30.66937], [-100.98581, 30.66911], [-100.98578, 30.66911], [-100.98548, 30.66905], [-100.98449, 30.66884], [-100.98352, 30.66862], [-100.9808, 30.66804], [-100.98071, 30.66802], [-100.97886, 30.66764], [-100.97808, 30.66746], [-100.97597, 30.667], [-100.9732, 30.66638], [-100.96793, 30.66525], [-100.96685, 30.66502], [-100.9659, 30.66482], [-100.96395, 30.66442], [-100.96308, 30.66422], [-100.96166, 30.66391], [-100.96065, 30.66368]]}}, {"type": "Feature", "properties": {"name": "I- 10"}, "geometry": {"type": "LineString", "coordinates": [[-98.92059, 29.98679], [-98.92424, 29.98828], [-98.92441, 29.98835], [-98.92561, 29.98883], [-98.9268, 29.98936], [-98.92737, 29.98965], [-98.92773, 29.98985], [-98.92863, 29.99036], [-98.92982, 29.9911], [-98.9303, 29.99141], [-98.93066, 29.99169], [-98.93136, 29.99224], [-98.93216, 29.99285], [-98.93289, 29.99343], [-98.93337, 29.99381], [-98.93463, 29.99482], [-98.936, 29.99591], [-98.93622, 29.99611], [-98.93885, 29.99824], [-98.93941, 29.99868], [-98.93978, 29.99897], [-98.94085, 29.99979], [-98.94102, 29.99993], [-98.94374, 30.00216], [-98.94452, 30.0028], [-98.94471, 30.00295], [-98.9451, 30.00326], [-98.94562, 30.00367], [-98.94751, 30.0052], [-98.95044, 30.00754], [-98.95209, 30.00888], [-98.95355, 30.01005], [-98.95669, 30.01253], [-98.95798, 30.0135], [-98.95918, 30.01435], [-98.96011, 30.01502], [-98.96065, 30.01539], [-98.96112, 30.01572], [-98.96244, 30.01667], [-98.96316, 30.0172], [-98.96325, 30.01726], [-98.96385, 30.01766], [-98.96474, 30.01831], [-98.96555, 30.01889], [-98.96648, 30.01959], [-98.96734, 30.02034], [-98.96776, 30.02076], [-98.96838, 30.02143], [-98.96852, 30.02157], [-98.96904, 30.0222], [-98.9697, 30.02312], [-98.97039, 30.02421], [-98.97131, 30.02575], [-98.97225, 30.02731], [-98.97345, 30.02923], [-98.97419, 30.03046], [-98.9749, 30.03152], [-98.97514, 30.03185], [-98.97565, 30.03241], [-98.97599, 30.03275], [-98.97639, 30.03314], [-98.97684, 30.03353], [-98.97686, 30.03355], [-98.97737, 30.03394], [-98.9776, 30.03411], [-98.9778, 30.03423], [-98.98037, 30.03564], [-98.98267, 30.03689], [-98.98296, 30.03704], [-98.98707, 30.0393], [-98.99275, 30.0424], [-98.99299, 30.04253], [-99.00266, 30.0478], [-99.00288, 30.04792], [-99.00312, 30.04808], [-99.00337, 30.04823], [-99.00341, 30.04825], [-99.00364, 30.04837], [-99.00387, 30.04848], [-99.00424, 30.04866], [-99.00906, 30.05128], [-99.00919, 30.05137], [-99.00932, 30.05144], [-99.00944, 30.0515], [-99.00959, 30.05159], [-99.00995, 30.05179], [-99.01019, 30.05192], [-99.01041, 30.05202], [-99.01102, 30.0523], [-99.01151, 30.05249], [-99.01173, 30.05257], [-99.01189, 30.05261], [-99.01192, 30.05262], [-99.01205, 30.05264], [-99.01231, 30.05267], [-99.01289, 30.05276], [-99.01347, 30.05283], [-99.01379, 30.05286], [-99.01407, 30.05288], [-99.01443, 30.05288], [-99.01551, 30.05284], [-99.01644, 30.05278], [-99.01738, 30.05274], [-99.01823, 30.05267], [-99.01934, 30.05257], [-99.02068, 30.05248], [-99.02153, 30.05254], [-99.02212, 30.0526], [-99.02328, 30.0528], [-99.02453, 30.05307], [-99.02637, 30.05347], [-99.02671, 30.05351], [-99.027, 30.05354], [-99.02715, 30.05355], [-99.02841, 30.05359], [-99.03129, 30.05342], [-99.03193, 30.05338], [-99.0321, 30.05338], [-99.03229, 30.05336], [-99.0331, 30.05333], [-99.03348, 30.05336], [-99.03387, 30.0534], [-99.03432, 30.05349], [-99.03483, 30.05364], [-99.03534, 30.05381], [-99.0357, 30.05397], [-99.03651, 30.05439], [-99.03671, 30.05451], [-99.0377, 30.05498], [-99.03875, 30.0555], [-99.04144, 30.05683], [-99.04177, 30.05698], [-99.04189, 30.05703], [-99.04232, 30.05721], [-99.04245, 30.05727], [-99.04259, 30.05731], [-99.04395, 30.05766], [-99.04413, 30.0577], [-99.04482, 30.05788], [-99.04531, 30.05805], [-99.04591, 30.05833], [-99.04648, 30.05861], [-99.04701, 30.05891], [-99.04776, 30.05942], [-99.04812, 30.05973], [-99.04824, 30.05983], [-99.04871, 30.06028], [-99.04924, 30.06085], [-99.0499, 30.06167], [-99.05054, 30.06244], [-99.05084, 30.06279], [-99.05175, 30.06392], [-99.05245, 30.06476], [-99.05266, 30.06503], [-99.05289, 30.06531], [-99.05317, 30.06559], [-99.05349, 30.06589], [-99.05375, 30.06608], [-99.05434, 30.06649], [-99.05487, 30.06677], [-99.05543, 30.06702], [-99.05597, 30.06722], [-99.05642, 30.06738], [-99.05681, 30.06748], [-99.05698, 30.06751], [-99.05762, 30.06759], [-99.05793, 30.06761], [-99.06163, 30.06766], [-99.06269, 30.06763], [-99.06412, 30.06763], [-99.06518, 30.0676], [-99.06607, 30.06762], [-99.06871, 30.06761], [-99.06888, 30.06761], [-99.07, 30.06752], [-99.07055, 30.06747], [-99.07178, 30.06739], [-99.07185, 30.06739], [-99.07202, 30.06737], [-99.07235, 30.06736], [-99.073, 30.06733], [-99.07318, 30.06733], [-99.07361, 30.06735], [-99.07398, 30.06738], [-99.07476, 30.06752], [-99.07539, 30.0677], [-99.07614, 30.06793], [-99.07697, 30.06818], [-99.0786, 30.0686], [-99.07989, 30.06884], [-99.0811, 30.06903], [-99.0815, 30.06906], [-99.08202, 30.06911], [-99.08251, 30.06916], [-99.08463, 30.06937], [-99.08523, 30.06939], [-99.08713, 30.06936], [-99.08733, 30.06936], [-99.08995, 30.06938], [-99.09304, 30.06934], [-99.09415, 30.06935], [-99.0956, 30.06937], [-99.09617, 30.0694], [-99.09634, 30.06941], [-99.09679, 30.06942], [-99.09746, 30.06946], [-99.09798, 30.06952], [-99.09832, 30.06957], [-99.09875, 30.06965], [-99.09919, 30.06973], [-99.09995, 30.0699], [-99.10021, 30.06995], [-99.10056, 30.07002], [-99.101, 30.07009], [-99.10133, 30.07013], [-99.10155, 30.07013], [-99.10206, 30.07016], [-99.10296, 30.0702], [-99.10376, 30.07022], [-99.10434, 30.07023], [-99.10506, 30.07022], [-99.10576, 30.07022], [-99.10607, 30.07021], [-99.10614, 30.07021], [-99.10626, 30.07021], [-99.10651, 30.07022], [-99.10738, 30.07026], [-99.10823, 30.07028], [-99.1097, 30.0703], [-99.11023, 30.07033], [-99.11139, 30.07036], [-99.11399, 30.07044], [-99.11603, 30.07047], [-99.11641, 30.07048], [-99.11677, 30.07049], [-99.1178, 30.07052], [-99.11931, 30.07059], [-99.12007, 30.07069], [-99.12026, 30.07071], [-99.1207, 30.07081], [-99.12111, 30.07092], [-99.12153, 30.07105], [-99.12268, 30.07141], [-99.12319, 30.07156], [-99.12355, 30.07166], [-99.12452, 30.07194], [-99.12496, 30.07208], [-99.12547, 30.07227], [-99.12596, 30.07244], [-99.12666, 30.07268], [-99.12765, 30.07293], [-99.12799, 30.073], [-99.12822, 30.07302], [-99.12851, 30.07305], [-99.12869, 30.07303], [-99.12893, 30.07303], [-99.12976, 30.07306], [-99.13037, 30.0731], [-99.13084, 30.07314], [-99.13189, 30.07324], [-99.13242, 30.07328], [-99.13289, 30.0733], [-99.13324, 30.07334], [-99.1335, 30.07338], [-99.13372, 30.07343], [-99.13408, 30.07351], [-99.13423, 30.07354], [-99.13459, 30.07365], [-99.1351, 30.07384], [-99.13557, 30.07405], [-99.13569, 30.0741], [-99.13573, 30.07412], [-99.13624, 30.07441], [-99.13654, 30.07459], [-99.13712, 30.07503], [-99.13724, 30.07513], [-99.13753, 30.0754], [-99.13827, 30.07615], [-99.13916, 30.07715], [-99.14041, 30.07842], [-99.14171, 30.07978], [-99.14427, 30.08244], [-99.14483, 30.08302], [-99.14506, 30.08325], [-99.14549, 30.08364], [-99.1457, 30.08381], [-99.1471, 30.08488], [-99.1485, 30.08597], [-99.14998, 30.08709], [-99.15109, 30.08793], [-99.15125, 30.08806], [-99.15197, 30.08861], [-99.15388, 30.09007], [-99.15421, 30.09029], [-99.15461, 30.09054], [-99.15511, 30.09081], [-99.15525, 30.09089], [-99.15537, 30.09095], [-99.15551, 30.09102], [-99.15579, 30.09115], [-99.15595, 30.09122], [-99.15624, 30.09134], [-99.15688, 30.09157], [-99.15753, 30.09178], [-99.15769, 30.09182], [-99.15781, 30.09186], [-99.15788, 30.09188], [-99.15799, 30.0919], [-99.15813, 30.09194], [-99.15832, 30.09198], [-99.1585, 30.09203], [-99.16146, 30.09273], [-99.16261, 30.093], [-99.16338, 30.0932], [-99.1634, 30.09321], [-99.16384, 30.09334], [-99.1649, 30.0937], [-99.16577, 30.09404], [-99.16733, 30.09467], [-99.16804, 30.09498], [-99.16837, 30.09515], [-99.16863, 30.0953], [-99.1689, 30.09545], [-99.16939, 30.09582], [-99.16963, 30.09602], [-99.17002, 30.09642], [-99.17019, 30.09664], [-99.17051, 30.09707], [-99.17065, 30.09731], [-99.17078, 30.09756], [-99.1709, 30.09783], [-99.17105, 30.0982], [-99.17115, 30.09846], [-99.17143, 30.09915], [-99.17182, 30.10012], [-99.17188, 30.10025], [-99.17202, 30.1005], [-99.17215, 30.10071], [-99.17227, 30.10094], [-99.17235, 30.10107], [-99.17259, 30.1014], [-99.17269, 30.10152], [-99.17298, 30.10185], [-99.17333, 30.10218], [-99.17353, 30.10236], [-99.17374, 30.10253], [-99.17409, 30.10281], [-99.17477, 30.10339], [-99.17565, 30.10409], [-99.1758, 30.10422], [-99.1766, 30.10489], [-99.17777, 30.10582], [-99.1783, 30.10628], [-99.17852, 30.10647], [-99.17868, 30.10659], [-99.17874, 30.10664], [-99.17894, 30.10678], [-99.17916, 30.10692], [-99.17951, 30.10712], [-99.17974, 30.10724], [-99.17995, 30.10735], [-99.18017, 30.10745], [-99.18042, 30.10755], [-99.18065, 30.10764], [-99.18092, 30.10772], [-99.18118, 30.10781], [-99.18165, 30.10793], [-99.18192, 30.10799], [-99.18215, 30.10804], [-99.18235, 30.10807], [-99.18259, 30.10809], [-99.18381, 30.10811], [-99.18408, 30.1081], [-99.18583, 30.10806], [-99.18734, 30.10804], [-99.18789, 30.10805], [-99.18815, 30.10807], [-99.1885, 30.10812], [-99.18877, 30.10818], [-99.18894, 30.10823], [-99.18923, 30.10833], [-99.18942, 30.10839], [-99.18962, 30.10847], [-99.19045, 30.10888], [-99.19058, 30.10895], [-99.19075, 30.10903], [-99.19159, 30.10956], [-99.19169, 30.10964], [-99.19426, 30.11145], [-99.19614, 30.11292], [-99.19638, 30.11316], [-99.19686, 30.11362], [-99.19699, 30.11373], [-99.19705, 30.11378], [-99.19716, 30.11386], [-99.19724, 30.1139], [-99.19771, 30.11428], [-99.19936, 30.11553], [-99.19971, 30.11576], [-99.19996, 30.11589], [-99.20008, 30.11597], [-99.20016, 30.11601], [-99.20046, 30.11616], [-99.20074, 30.11628], [-99.20089, 30.11635], [-99.20205, 30.11681], [-99.20212, 30.11684], [-99.20215, 30.11685], [-99.20358, 30.11739], [-99.2041, 30.11761], [-99.20525, 30.11808], [-99.20559, 30.11825], [-99.20594, 30.11842], [-99.20637, 30.11868], [-99.20661, 30.11882], [-99.20679, 30.11892], [-99.20746, 30.11934], [-99.20906, 30.12044], [-99.20974, 30.12099], [-99.21007, 30.12124], [-99.21102, 30.12179], [-99.21209, 30.12249], [-99.21294, 30.12311], [-99.21634, 30.12536], [-99.21655, 30.12549], [-99.21699, 30.12574], [-99.21719, 30.12583], [-99.21793, 30.12615], [-99.2184, 30.12631], [-99.21865, 30.12639], [-99.22043, 30.12687], [-99.22157, 30.12715], [-99.22247, 30.12738], [-99.2228, 30.12751], [-99.22303, 30.12759], [-99.22329, 30.1277], [-99.22351, 30.1278], [-99.224, 30.12804], [-99.22438, 30.12824], [-99.22468, 30.12842], [-99.22491, 30.12858], [-99.22567, 30.12926], [-99.22577, 30.12938], [-99.22779, 30.13179], [-99.22854, 30.13267], [-99.22893, 30.13322], [-99.22943, 30.13406], [-99.22965, 30.13457], [-99.22975, 30.1349]]}}, {"type": "Feature", "properties": {"name": "I- 10"}, "geometry": {"type": "LineString", "coordinates": [[-103.40889, 30.95202], [-103.4119, 30.95228], [-103.4166, 30.95271], [-103.43149, 30.95404], [-103.44851, 30.95555], [-103.45447, 30.95607], [-103.45499, 30.95615], [-103.45551, 30.95623], [-103.45596, 30.95632], [-103.4565, 30.95647], [-103.45697, 30.95661], [-103.46029, 30.95764], [-103.46355, 30.95865], [-103.46358, 30.95866], [-103.46586, 30.95935], [-103.4668, 30.95964], [-103.47524, 30.96228], [-103.48063, 30.96394], [-103.48708, 30.96596], [-103.48843, 30.96641], [-103.49081, 30.96713], [-103.49238, 30.96765], [-103.49299, 30.96785], [-103.49487, 30.96844], [-103.49568, 30.96862], [-103.49615, 30.96873], [-103.49725, 30.96892], [-103.49846, 30.96909], [-103.49954, 30.96929], [-103.50003, 30.96939], [-103.5048, 30.97019], [-103.52849, 30.97419], [-103.52962, 30.97431], [-103.53084, 30.97436], [-103.54885, 30.9749], [-103.56151, 30.97529], [-103.56242, 30.97535], [-103.56325, 30.97543], [-103.56379, 30.9755], [-103.56458, 30.97563], [-103.57349, 30.97728], [-103.58655, 30.97972], [-103.58695, 30.97979], [-103.59498, 30.98127], [-103.59897, 30.98202], [-103.60025, 30.98225], [-103.61149, 30.98433], [-103.61321, 30.98463], [-103.61499, 30.9849], [-103.61895, 30.98554], [-103.62342, 30.98635], [-103.6283, 30.98728], [-103.62945, 30.9875], [-103.63109, 30.98779], [-103.64778, 30.99091], [-103.65314, 30.9919], [-103.6565, 30.99249], [-103.65933, 30.99309], [-103.66157, 30.99348], [-103.66189, 30.99353], [-103.66391, 30.99392], [-103.66662, 30.99438], [-103.67781, 30.99656], [-103.67837, 30.99667], [-103.68148, 30.99724], [-103.68884, 30.9986], [-103.69222, 30.99924], [-103.69585, 30.99988], [-103.70297, 31.00123], [-103.70314, 31.00126], [-103.70725, 31.00199], [-103.70765, 31.00206], [-103.71129, 31.00271], [-103.71314, 31.00307], [-103.71463, 31.00333], [-103.71725, 31.00382], [-103.71877, 31.00408], [-103.72154, 31.00453], [-103.72501, 31.00514], [-103.72538, 31.00521], [-103.72586, 31.0053], [-103.72647, 31.00542], [-103.73418, 31.00682], [-103.73906, 31.00773], [-103.74101, 31.00806], [-103.7415, 31.00814], [-103.74156, 31.00815], [-103.74757, 31.00871], [-103.75316, 31.00919], [-103.75845, 31.00961], [-103.76146, 31.00987], [-103.77307, 31.01081], [-103.77619, 31.01106], [-103.77872, 31.01128], [-103.78058, 31.01142], [-103.78254, 31.01157], [-103.78469, 31.01175], [-103.78583, 31.01183], [-103.78717, 31.01195], [-103.7901, 31.01217], [-103.7908, 31.01218], [-103.79181, 31.01215], [-103.79301, 31.01205], [-103.79338, 31.012], [-103.79424, 31.0119], [-103.7961, 31.01169], [-103.79684, 31.0116], [-103.79727, 31.01154], [-103.81803, 31.00923], [-103.82286, 31.00869], [-103.82296, 31.00867], [-103.83718, 31.00708], [-103.84337, 31.00636], [-103.84538, 31.00613], [-103.84626, 31.0061], [-103.84676, 31.00611], [-103.84741, 31.00615], [-103.84804, 31.00623], [-103.84867, 31.00631], [-103.84925, 31.00642], [-103.84986, 31.00655], [-103.85045, 31.00671], [-103.85106, 31.0069], [-103.85168, 31.00715], [-103.8523, 31.00741], [-103.853, 31.00774], [-103.85577, 31.00898], [-103.86301, 31.01221], [-103.86418, 31.01274], [-103.86467, 31.01296], [-103.87459, 31.01741], [-103.87516, 31.01767], [-103.87583, 31.01798], [-103.88182, 31.02067], [-103.88192, 31.02071], [-103.88845, 31.02362], [-103.88861, 31.0237], [-103.8969, 31.02744], [-103.89927, 31.0285], [-103.89982, 31.02875], [-103.92182, 31.03858], [-103.92227, 31.03879], [-103.92449, 31.0398], [-103.92628, 31.04062], [-103.92788, 31.04133], [-103.92915, 31.04191], [-103.92925, 31.04196], [-103.93068, 31.04261], [-103.93098, 31.04274], [-103.93188, 31.04314], [-103.93348, 31.04386], [-103.93426, 31.04417], [-103.9347, 31.04434], [-103.93528, 31.04453], [-103.93624, 31.0448], [-103.93755, 31.04512], [-103.9383, 31.04526], [-103.93912, 31.04539], [-103.93969, 31.04545], [-103.94061, 31.04553], [-103.941, 31.04553], [-103.94276, 31.04564], [-103.94336, 31.04568], [-103.95, 31.04607], [-103.9542, 31.04629], [-103.9602, 31.04661], [-103.96172, 31.04671], [-103.96416, 31.04682], [-103.96524, 31.04689], [-103.96629, 31.04697], [-103.96692, 31.04702], [-103.96753, 31.04712], [-103.96847, 31.04728], [-103.96897, 31.04739], [-103.97001, 31.04765], [-103.97075, 31.04787], [-103.97244, 31.04854], [-103.97322, 31.0489], [-103.97346, 31.049], [-103.97419, 31.04934], [-103.97534, 31.05004], [-103.97582, 31.05039], [-103.97637, 31.0507], [-103.97675, 31.05108], [-103.97693, 31.05121], [-103.97739, 31.05161], [-103.97798, 31.05216], [-103.97859, 31.05275], [-103.97934, 31.05352], [-103.97981, 31.054], [-103.97995, 31.05413], [-103.98043, 31.05463], [-103.98141, 31.05563], [-103.98198, 31.0562], [-103.98252, 31.05677], [-103.98308, 31.05736], [-103.98406, 31.05833], [-103.9846, 31.05889], [-103.98512, 31.05943], [-103.98523, 31.05954], [-103.98576, 31.0601], [-103.98685, 31.06121], [-103.98737, 31.0617], [-103.988, 31.06227], [-103.98869, 31.06278], [-103.98942, 31.06331], [-103.99118, 31.0645], [-103.99497, 31.06681], [-103.99919, 31.06934], [-104.00192, 31.07113], [-104.00508, 31.07308], [-104.00782, 31.07418], [-104.01277, 31.07571], [-104.01767, 31.07724], [-104.02008, 31.07797], [-104.021, 31.07825], [-104.0229, 31.07904], [-104.02427, 31.07974], [-104.02494, 31.0801], [-104.02524, 31.08026], [-104.02554, 31.08043], [-104.03154, 31.08394], [-104.03182, 31.0841], [-104.03286, 31.08474], [-104.03354, 31.08515], [-104.03407, 31.08544], [-104.03492, 31.08591], [-104.0356, 31.08623], [-104.03638, 31.08657], [-104.03725, 31.0869], [-104.03873, 31.08734], [-104.03972, 31.08759], [-104.04062, 31.08779], [-104.04187, 31.08799], [-104.04288, 31.08817], [-104.04408, 31.08838], [-104.0467, 31.08884], [-104.04763, 31.089], [-104.04912, 31.08912], [-104.05028, 31.08908], [-104.05038, 31.08907], [-104.0513, 31.08895], [-104.05132, 31.08895], [-104.05228, 31.08873], [-104.0524, 31.08869], [-104.05345, 31.08836], [-104.05429, 31.08801], [-104.05493, 31.08769], [-104.0555, 31.08736], [-104.05648, 31.0868], [-104.05702, 31.08649], [-104.05755, 31.08621], [-104.05869, 31.08565], [-104.05874, 31.08563], [-104.05927, 31.08543], [-104.05968, 31.08527], [-104.05997, 31.08516], [-104.06094, 31.08487], [-104.06136, 31.08474], [-104.06141, 31.08472], [-104.0623, 31.0845], [-104.06295, 31.08436], [-104.06346, 31.08425], [-104.06432, 31.08411], [-104.06512, 31.08398], [-104.06762, 31.0836], [-104.06918, 31.08337]]}}, {"type": "Feature", "properties": {"name": "I- 10"}, "geometry": {"type": "LineString", "coordinates": [[-100.11663, 30.46884], [-100.11657, 30.46885], [-100.11626, 30.46894], [-100.11369, 30.46976], [-100.10875, 30.47132], [-100.10621, 30.47211], [-100.10372, 30.47291], [-100.10112, 30.47372], [-100.09855, 30.47452], [-100.0963, 30.47523], [-100.09415, 30.4759], [-100.09197, 30.47659], [-100.08981, 30.47728], [-100.08735, 30.47804], [-100.08493, 30.4788], [-100.08219, 30.47967], [-100.08196, 30.47974], [-100.07899, 30.48068], [-100.07829, 30.48089], [-100.07752, 30.48112], [-100.07618, 30.4815], [-100.07543, 30.48165], [-100.07471, 30.48177], [-100.07402, 30.48187], [-100.07335, 30.48196], [-100.0717, 30.4821], [-100.0707, 30.48214], [-100.0687, 30.4823], [-100.06805, 30.48235], [-100.066, 30.48249], [-100.06363, 30.48267], [-100.05945, 30.48297], [-100.05668, 30.48318], [-100.05533, 30.48328], [-100.05281, 30.48347], [-100.05022, 30.48365], [-100.04957, 30.48371], [-100.04938, 30.48372], [-100.04756, 30.48387], [-100.04744, 30.48388], [-100.04699, 30.48395], [-100.04638, 30.48407], [-100.04614, 30.48412], [-100.04589, 30.48417], [-100.04519, 30.48435], [-100.04448, 30.48453], [-100.04384, 30.48474], [-100.04311, 30.48497], [-100.04196, 30.48544], [-100.04099, 30.48585], [-100.0409, 30.48588], [-100.04085, 30.4859], [-100.04067, 30.48597], [-100.0393, 30.48652], [-100.03875, 30.48674], [-100.0366, 30.4876], [-100.03453, 30.48843], [-100.03223, 30.48936], [-100.02977, 30.49034], [-100.02522, 30.49218], [-100.02401, 30.49267], [-100.02298, 30.49311], [-100.0227, 30.49324], [-100.0194, 30.49458], [-100.01734, 30.4954], [-100.01723, 30.49544], [-100.01716, 30.49546], [-100.01656, 30.49567], [-100.01603, 30.49588], [-100.01532, 30.49615], [-100.01466, 30.49637], [-100.01404, 30.49655], [-100.01338, 30.4967], [-100.01314, 30.49675], [-100.01272, 30.49684], [-100.01226, 30.49692], [-100.01174, 30.49699], [-100.01092, 30.49705], [-100.01008, 30.4971], [-100.00932, 30.4971], [-100.00857, 30.49705], [-100.00823, 30.49702], [-100.0077, 30.49696], [-100.00733, 30.49692], [-100.00689, 30.49686], [-100.006, 30.49671], [-100.00504, 30.49657], [-100.00443, 30.49649], [-100.00384, 30.49638], [-100.00318, 30.49627], [-100.00258, 30.49619], [-100.0014, 30.49599], [-100.00024, 30.49582], [-99.99775, 30.49538], [-99.99527, 30.495], [-99.99481, 30.49494], [-99.99428, 30.49489], [-99.99278, 30.4948], [-99.99223, 30.49483], [-99.99167, 30.49484], [-99.99057, 30.4949], [-99.98955, 30.49502], [-99.98949, 30.49503], [-99.98805, 30.49528], [-99.98753, 30.49541], [-99.98683, 30.49558], [-99.9862, 30.49576], [-99.98577, 30.49587], [-99.9847, 30.49616], [-99.98295, 30.49663], [-99.98178, 30.49694], [-99.98151, 30.49702], [-99.98024, 30.49737], [-99.97747, 30.49809], [-99.97724, 30.49816], [-99.97673, 30.49832], [-99.97602, 30.49852], [-99.97527, 30.49873], [-99.97452, 30.49895], [-99.97403, 30.49909], [-99.97285, 30.49939], [-99.97129, 30.49982], [-99.96983, 30.50023], [-99.96842, 30.5006], [-99.96697, 30.50098], [-99.96577, 30.50131], [-99.96436, 30.5017], [-99.96219, 30.50231], [-99.96114, 30.50258], [-99.96006, 30.50282], [-99.95959, 30.50291], [-99.95913, 30.50301], [-99.95842, 30.50313], [-99.95787, 30.50319], [-99.95755, 30.50322], [-99.95737, 30.50323], [-99.95687, 30.50328], [-99.95597, 30.50331], [-99.95454, 30.50328], [-99.95373, 30.50323], [-99.95326, 30.50318], [-99.95278, 30.50313], [-99.95216, 30.50303], [-99.95084, 30.50278], [-99.94847, 30.50235], [-99.94699, 30.50208], [-99.94584, 30.50188], [-99.94476, 30.50167], [-99.94389, 30.50151], [-99.94341, 30.5014], [-99.94125, 30.50101], [-99.9393, 30.50064], [-99.93913, 30.50062], [-99.93719, 30.50025], [-99.93627, 30.50009], [-99.93545, 30.49995], [-99.93475, 30.49985], [-99.93393, 30.49978], [-99.93303, 30.49979], [-99.93194, 30.49984], [-99.93106, 30.49995], [-99.93042, 30.50006], [-99.92999, 30.50017], [-99.92948, 30.50032], [-99.92894, 30.50049], [-99.92819, 30.50078], [-99.92756, 30.50106], [-99.92686, 30.50142], [-99.92562, 30.50219], [-99.92432, 30.50304], [-99.92375, 30.50342], [-99.92243, 30.50428], [-99.92163, 30.5048], [-99.91957, 30.50612], [-99.9171, 30.50778], [-99.91598, 30.50852], [-99.91412, 30.50975], [-99.91329, 30.51026], [-99.90935, 30.51287], [-99.90738, 30.51417], [-99.90604, 30.51503], [-99.90543, 30.51543], [-99.90384, 30.51652], [-99.90375, 30.51658], [-99.90185, 30.51779], [-99.90121, 30.51813], [-99.90042, 30.51852], [-99.89975, 30.51877], [-99.89901, 30.51902], [-99.8985, 30.51917], [-99.89811, 30.51925], [-99.89773, 30.51934], [-99.89639, 30.51958], [-99.89617, 30.51961], [-99.8958, 30.51966], [-99.89519, 30.51975], [-99.89482, 30.51981], [-99.89419, 30.5199], [-99.8928, 30.52012], [-99.89165, 30.52029], [-99.89097, 30.52038], [-99.88313, 30.52158], [-99.88038, 30.52198], [-99.88, 30.52206], [-99.87945, 30.52213], [-99.879, 30.52219], [-99.87859, 30.52226], [-99.87811, 30.52232], [-99.87682, 30.5225], [-99.87623, 30.5226], [-99.87499, 30.52279], [-99.87437, 30.5229], [-99.87399, 30.52295], [-99.87333, 30.52307], [-99.87229, 30.52328], [-99.8712, 30.52356], [-99.86828, 30.52427], [-99.86789, 30.52437], [-99.86756, 30.52445], [-99.86747, 30.52447], [-99.86539, 30.52499], [-99.85929, 30.52649], [-99.85623, 30.52725], [-99.8542, 30.52776], [-99.85343, 30.52789], [-99.85237, 30.52807], [-99.85132, 30.52817], [-99.85067, 30.52821], [-99.84928, 30.52823], [-99.84815, 30.52818], [-99.84757, 30.52812], [-99.84668, 30.52801], [-99.84644, 30.52798], [-99.84597, 30.52789], [-99.84494, 30.52768], [-99.84232, 30.52705], [-99.84195, 30.52695], [-99.83879, 30.52616], [-99.8377, 30.5259], [-99.83562, 30.52541], [-99.83256, 30.52467], [-99.83245, 30.52464], [-99.83157, 30.52442], [-99.82933, 30.52385], [-99.82884, 30.52374], [-99.82599, 30.52306], [-99.81968, 30.52151], [-99.81773, 30.52105], [-99.81666, 30.52079], [-99.81477, 30.52032], [-99.81357, 30.52003], [-99.81086, 30.51937], [-99.80786, 30.51863], [-99.80486, 30.5179], [-99.79872, 30.51641], [-99.79554, 30.51564], [-99.79081, 30.51449], [-99.79064, 30.51444], [-99.78916, 30.51408], [-99.78719, 30.51359], [-99.78598, 30.5133], [-99.78491, 30.51304], [-99.78275, 30.51251], [-99.78163, 30.51213], [-99.78077, 30.51179], [-99.77987, 30.5114], [-99.77878, 30.51084], [-99.77823, 30.51052], [-99.77787, 30.51029], [-99.7775, 30.51004], [-99.77666, 30.50947], [-99.77586, 30.50891], [-99.77491, 30.50825], [-99.77318, 30.50704], [-99.77164, 30.50596], [-99.77087, 30.50544], [-99.76954, 30.50449], [-99.76789, 30.50336], [-99.76454, 30.50102], [-99.76326, 30.50023], [-99.76193, 30.49948], [-99.76093, 30.49895], [-99.75968, 30.49829], [-99.75719, 30.49694], [-99.75595, 30.49629], [-99.75472, 30.49563], [-99.75357, 30.49498], [-99.75355, 30.49497], [-99.7534, 30.49489], [-99.75323, 30.4948], [-99.7531, 30.49473], [-99.75303, 30.4947], [-99.75268, 30.49451], [-99.75246, 30.4944], [-99.75211, 30.49423], [-99.7519, 30.49413], [-99.75169, 30.49401], [-99.75158, 30.49395], [-99.75149, 30.49389], [-99.7509, 30.49356], [-99.75084, 30.49352], [-99.75059, 30.4934], [-99.75042, 30.49331], [-99.75036, 30.49327], [-99.74972, 30.49295], [-99.74916, 30.49263], [-99.74855, 30.49231], [-99.74792, 30.49198], [-99.74758, 30.49179], [-99.74702, 30.4915], [-99.74686, 30.49141], [-99.74573, 30.49078], [-99.74525, 30.49052], [-99.74471, 30.49028], [-99.7442, 30.48998], [-99.74357, 30.48963], [-99.74227, 30.48892], [-99.74181, 30.48861], [-99.74094, 30.48788], [-99.74046, 30.48732], [-99.74022, 30.48704], [-99.73969, 30.48631], [-99.7393, 30.48561], [-99.73898, 30.485], [-99.73808, 30.48346], [-99.73718, 30.48184], [-99.73619, 30.48006], [-99.73615, 30.47999], [-99.73545, 30.47876], [-99.73497, 30.47792], [-99.73473, 30.47748], [-99.73461, 30.47726], [-99.73389, 30.47598], [-99.73348, 30.47521], [-99.73324, 30.47479], [-99.73307, 30.4745], [-99.73268, 30.47377], [-99.7326, 30.47361], [-99.73234, 30.47308], [-99.73201, 30.47226], [-99.73168, 30.47147], [-99.73137, 30.47059], [-99.73123, 30.47019], [-99.73074, 30.4687], [-99.73048, 30.46792], [-99.73024, 30.46714], [-99.72969, 30.4655], [-99.72942, 30.4647], [-99.7291, 30.4638], [-99.72893, 30.46321], [-99.72884, 30.46296], [-99.72873, 30.46267], [-99.72845, 30.46197], [-99.72814, 30.46131], [-99.72793, 30.46094], [-99.72774, 30.46056], [-99.72773, 30.46054], [-99.72726, 30.45983], [-99.72724, 30.4598], [-99.72688, 30.45923], [-99.72636, 30.45845], [-99.72524, 30.4568], [-99.72474, 30.45605], [-99.72422, 30.4553], [-99.72319, 30.45374], [-99.72268, 30.453], [-99.72218, 30.45223], [-99.71991, 30.44884], [-99.71965, 30.4485], [-99.7194, 30.4481], [-99.71912, 30.44772], [-99.71813, 30.44623], [-99.71763, 30.44547], [-99.71663, 30.44397], [-99.71611, 30.44321], [-99.71531, 30.44203], [-99.71449, 30.44081], [-99.71406, 30.44016], [-99.71338, 30.43922], [-99.71302, 30.43872], [-99.71252, 30.43812], [-99.71198, 30.43754], [-99.71144, 30.43699], [-99.71082, 30.43646], [-99.71022, 30.43598], [-99.70959, 30.4355], [-99.70854, 30.43479], [-99.70776, 30.43436], [-99.70666, 30.43381], [-99.70555, 30.43335], [-99.70434, 30.43294], [-99.70388, 30.43279], [-99.70342, 30.43264], [-99.70207, 30.43225], [-99.70078, 30.43186], [-99.69814, 30.4311], [-99.69546, 30.43029], [-99.69279, 30.42948], [-99.69012, 30.42867], [-99.6885, 30.42819], [-99.68827, 30.42813], [-99.68811, 30.42808], [-99.68745, 30.42789], [-99.68567, 30.42732], [-99.68493, 30.42706], [-99.68379, 30.42662], [-99.6827, 30.42611], [-99.68097, 30.42531], [-99.67904, 30.42441], [-99.67784, 30.42387], [-99.67735, 30.42363], [-99.67685, 30.42336], [-99.67612, 30.42292], [-99.67541, 30.42246], [-99.67442, 30.42165], [-99.67398, 30.42124], [-99.67373, 30.42097], [-99.67238, 30.41951], [-99.67178, 30.41889], [-99.67105, 30.4181], [-99.67034, 30.41735], [-99.66938, 30.41628], [-99.66907, 30.41598], [-99.6683, 30.41515], [-99.66761, 30.41439], [-99.66709, 30.41382], [-99.66691, 30.41363], [-99.66552, 30.41214], [-99.66483, 30.41142], [-99.66413, 30.41069], [-99.66343, 30.40992], [-99.66274, 30.40916], [-99.66192, 30.4083], [-99.66107, 30.40745], [-99.6607, 30.40712], [-99.66031, 30.4068], [-99.65974, 30.4064], [-99.65933, 30.40614], [-99.6583, 30.40556], [-99.65719, 30.40508], [-99.6564, 30.4048], [-99.65596, 30.40466], [-99.65545, 30.40451], [-99.65479, 30.40439], [-99.6543, 30.40432], [-99.65314, 30.40414], [-99.65296, 30.40412], [-99.6511, 30.40386], [-99.64965, 30.40367], [-99.64848, 30.40351], [-99.64835, 30.40349], [-99.64784, 30.40342], [-99.64678, 30.40328], [-99.64589, 30.40316], [-99.64557, 30.40311], [-99.64525, 30.40307], [-99.64193, 30.40262], [-99.64006, 30.40237], [-99.63405, 30.40156], [-99.63241, 30.40132], [-99.63199, 30.40125], [-99.63081, 30.40103], [-99.62935, 30.40058], [-99.62878, 30.40035], [-99.62866, 30.4003], [-99.62807, 30.40003], [-99.62751, 30.39977], [-99.62662, 30.39921], [-99.62654, 30.39916], [-99.62583, 30.39864], [-99.62533, 30.39819], [-99.62375, 30.39663], [-99.62134, 30.3942], [-99.62131, 30.39417], [-99.62049, 30.39335], [-99.61985, 30.39272], [-99.61958, 30.39244], [-99.61925, 30.39211], [-99.61901, 30.39186], [-99.61877, 30.39162], [-99.61781, 30.39063], [-99.61687, 30.38966], [-99.61635, 30.38913], [-99.61511, 30.38773], [-99.61469, 30.3872], [-99.61429, 30.38669], [-99.61384, 30.38608], [-99.6134, 30.38546], [-99.61182, 30.38325], [-99.61107, 30.38221], [-99.61031, 30.38115], [-99.60953, 30.3801], [-99.60879, 30.37901], [-99.60801, 30.37795], [-99.60771, 30.37752], [-99.60726, 30.37686], [-99.60665, 30.376], [-99.6054, 30.37431], [-99.60478, 30.37341], [-99.60344, 30.37152], [-99.60209, 30.36968], [-99.60146, 30.3688], [-99.60085, 30.36797], [-99.60082, 30.36793], [-99.60022, 30.36711], [-99.59962, 30.36626], [-99.5986, 30.36467], [-99.59814, 30.36388], [-99.59769, 30.36304], [-99.59691, 30.36148], [-99.59612, 30.35979], [-99.59515, 30.35771], [-99.59493, 30.35722], [-99.59453, 30.35635], [-99.59417, 30.35563], [-99.59386, 30.35497], [-99.59363, 30.35442], [-99.59289, 30.35287], [-99.59229, 30.35174], [-99.59101, 30.34944], [-99.58927, 30.34718], [-99.58773, 30.34515], [-99.58703, 30.34416], [-99.58633, 30.34315], [-99.58428, 30.34013], [-99.5829, 30.33808], [-99.58221, 30.33708], [-99.58151, 30.33609], [-99.57949, 30.33312], [-99.57876, 30.33206], [-99.57808, 30.33104], [-99.57738, 30.33004], [-99.57667, 30.32899], [-99.57598, 30.328], [-99.57461, 30.32599], [-99.5739, 30.32498], [-99.57321, 30.32393], [-99.57251, 30.32294], [-99.57242, 30.32279], [-99.57234, 30.32265], [-99.57229, 30.32257], [-99.57122, 30.3209], [-99.57061, 30.31999], [-99.56994, 30.31897], [-99.56933, 30.31818], [-99.5688, 30.31754], [-99.5681, 30.31685], [-99.56718, 30.31602], [-99.56583, 30.31504], [-99.55928, 30.31054], [-99.55849, 30.30998], [-99.55298, 30.30599], [-99.55291, 30.30594], [-99.54865, 30.30296], [-99.54766, 30.30224], [-99.54671, 30.30156], [-99.54568, 30.30084], [-99.54466, 30.30015], [-99.54443, 30.30001], [-99.54413, 30.29981], [-99.5427, 30.29893], [-99.5414, 30.29821], [-99.53972, 30.29737], [-99.53692, 30.29598], [-99.53583, 30.29545], [-99.53527, 30.29513], [-99.53276, 30.29388], [-99.53084, 30.29292], [-99.52959, 30.29229], [-99.52835, 30.29167], [-99.52823, 30.29162], [-99.52784, 30.29144], [-99.52358, 30.2893], [-99.52286, 30.28892], [-99.52215, 30.28859]]}}, {"type": "Feature", "properties": {"name": "I- 10"}, "geometry": {"type": "LineString", "coordinates": [[-105.97227, 31.40831], [-105.96721, 31.40547], [-105.96511, 31.40429], [-105.95844, 31.40056], [-105.9497, 31.39567], [-105.94306, 31.39195], [-105.9383, 31.38929], [-105.93263, 31.38611], [-105.92991, 31.38459], [-105.92846, 31.38374], [-105.92802, 31.38345], [-105.92687, 31.38271], [-105.92602, 31.38212], [-105.92488, 31.38126], [-105.92347, 31.38014], [-105.92289, 31.37961], [-105.92248, 31.37924], [-105.9218, 31.37858], [-105.9208, 31.37756], [-105.91964, 31.37624], [-105.91757, 31.37385], [-105.91551, 31.37143], [-105.91533, 31.37123], [-105.91388, 31.36952], [-105.90859, 31.3633], [-105.90787, 31.36244], [-105.90263, 31.35628], [-105.90142, 31.35485], [-105.89958, 31.35269], [-105.89561, 31.34802], [-105.89513, 31.34746], [-105.89485, 31.34713], [-105.89376, 31.34586], [-105.89199, 31.34379], [-105.89083, 31.34241], [-105.88948, 31.34065], [-105.88817, 31.33928], [-105.88603, 31.33678], [-105.88101, 31.33091], [-105.87986, 31.32979], [-105.87868, 31.32885], [-105.87833, 31.3286], [-105.87774, 31.32818], [-105.87534, 31.32668], [-105.87059, 31.32369], [-105.86795, 31.322], [-105.86619, 31.32087], [-105.85905, 31.3163], [-105.85785, 31.31552], [-105.8501, 31.31054], [-105.84892, 31.30978], [-105.84347, 31.30628], [-105.84329, 31.30613], [-105.84268, 31.30577], [-105.83999, 31.30404], [-105.83933, 31.30362], [-105.83699, 31.30211], [-105.83677, 31.30194], [-105.83645, 31.30176], [-105.83012, 31.29773], [-105.83009, 31.29771], [-105.8282, 31.2965], [-105.82212, 31.29257], [-105.81994, 31.29116], [-105.81765, 31.28968], [-105.81337, 31.28692], [-105.8109, 31.28533], [-105.8086, 31.28385], [-105.80649, 31.28249], [-105.80433, 31.2811], [-105.80293, 31.28019], [-105.80153, 31.27915], [-105.80054, 31.27836], [-105.80007, 31.27793], [-105.79915, 31.27709], [-105.79813, 31.27598], [-105.79774, 31.27549], [-105.79703, 31.27444], [-105.79676, 31.27397], [-105.79619, 31.273], [-105.79568, 31.27184], [-105.79524, 31.2707], [-105.79489, 31.26968], [-105.79463, 31.26886], [-105.79457, 31.26865], [-105.79438, 31.26791], [-105.79339, 31.26403], [-105.79281, 31.2617], [-105.7922, 31.25926], [-105.79098, 31.2544], [-105.79056, 31.25274], [-105.78975, 31.24953], [-105.78903, 31.24662], [-105.78732, 31.23978], [-105.78723, 31.23942], [-105.78723, 31.23939], [-105.78718, 31.2392], [-105.78705, 31.23873], [-105.78682, 31.23781], [-105.78669, 31.2374], [-105.78654, 31.23701], [-105.78641, 31.23675], [-105.78595, 31.23599], [-105.78565, 31.23563], [-105.78522, 31.23519], [-105.78324, 31.23363], [-105.78281, 31.23328], [-105.77905, 31.23042], [-105.77787, 31.2295], [-105.77569, 31.22783], [-105.76289, 31.21798], [-105.7613, 31.21677], [-105.75229, 31.20994], [-105.75153, 31.20937], [-105.74719, 31.20607], [-105.74499, 31.2044], [-105.74402, 31.20365], [-105.74091, 31.20128], [-105.73491, 31.19676], [-105.73365, 31.1958], [-105.73207, 31.1946], [-105.72955, 31.19268], [-105.71925, 31.18484], [-105.71366, 31.18059], [-105.7131, 31.18017], [-105.7119, 31.17927], [-105.71148, 31.17897], [-105.71112, 31.17872], [-105.71052, 31.17838], [-105.71003, 31.17814], [-105.70941, 31.17788], [-105.70858, 31.1776], [-105.70793, 31.17743], [-105.70722, 31.17729], [-105.70507, 31.17702], [-105.70499, 31.17701], [-105.7035, 31.1768], [-105.70092, 31.17645], [-105.69708, 31.17597], [-105.69358, 31.17548], [-105.69325, 31.17544], [-105.68571, 31.17444], [-105.68045, 31.17375], [-105.67078, 31.17247], [-105.66752, 31.17204], [-105.66316, 31.17148], [-105.66005, 31.17107], [-105.65911, 31.17107], [-105.6583, 31.17109], [-105.65754, 31.17119], [-105.65634, 31.17143], [-105.65284, 31.17256], [-105.64792, 31.17414], [-105.64729, 31.17434], [-105.64292, 31.17575], [-105.63153, 31.17943], [-105.62095, 31.18284], [-105.62048, 31.18304], [-105.62022, 31.18314], [-105.61992, 31.1833], [-105.61913, 31.18373], [-105.61843, 31.18422], [-105.61719, 31.18523], [-105.61299, 31.18877], [-105.61161, 31.18985], [-105.61069, 31.19047], [-105.61007, 31.19087], [-105.60941, 31.19123], [-105.60832, 31.19177], [-105.60721, 31.19222], [-105.60609, 31.19261], [-105.59297, 31.19652], [-105.59203, 31.19677], [-105.59175, 31.19684], [-105.59107, 31.19698], [-105.59069, 31.19703], [-105.59022, 31.19708], [-105.58955, 31.1971], [-105.58831, 31.1971], [-105.58468, 31.19701], [-105.58292, 31.19696], [-105.57706, 31.19682], [-105.56823, 31.19659], [-105.56459, 31.19646], [-105.54843, 31.19523], [-105.54615, 31.19503], [-105.54526, 31.19493], [-105.54398, 31.19474], [-105.54225, 31.19443], [-105.53542, 31.19308], [-105.53411, 31.19288], [-105.5337, 31.19285], [-105.5331, 31.19285], [-105.53246, 31.19286], [-105.53176, 31.19292], [-105.53137, 31.19299], [-105.53096, 31.19308], [-105.53063, 31.19315], [-105.53007, 31.19329], [-105.52964, 31.19343], [-105.52899, 31.19368], [-105.52833, 31.19398], [-105.52653, 31.195], [-105.52513, 31.1958], [-105.52448, 31.19616], [-105.52397, 31.19646], [-105.52178, 31.19771], [-105.51939, 31.1991], [-105.51924, 31.19918], [-105.51648, 31.20077], [-105.51368, 31.20238], [-105.51036, 31.20429], [-105.50845, 31.20539], [-105.50689, 31.20628], [-105.50386, 31.20802], [-105.50113, 31.20962], [-105.50051, 31.20997], [-105.49815, 31.21132], [-105.49689, 31.21204], [-105.49684, 31.21207], [-105.49533, 31.21292], [-105.49521, 31.21299], [-105.49268, 31.21444], [-105.4925, 31.21455], [-105.49007, 31.21595], [-105.48997, 31.21601], [-105.48844, 31.21685], [-105.4879, 31.21709], [-105.48708, 31.21737], [-105.48707, 31.21738], [-105.48665, 31.21747], [-105.48624, 31.21752], [-105.486, 31.21754], [-105.48575, 31.21754], [-105.48564, 31.21753], [-105.48532, 31.21752], [-105.48525, 31.21751], [-105.48489, 31.21751], [-105.48436, 31.21745], [-105.48408, 31.21738], [-105.48242, 31.21689], [-105.48045, 31.21615], [-105.47923, 31.21568], [-105.47857, 31.21544], [-105.47634, 31.2146], [-105.4736, 31.21359], [-105.47291, 31.21333], [-105.4716, 31.21282], [-105.47099, 31.21255], [-105.47042, 31.21227], [-105.47009, 31.21208], [-105.46927, 31.21154], [-105.46867, 31.21105], [-105.46832, 31.21073], [-105.46805, 31.2105], [-105.46725, 31.20977], [-105.46644, 31.20903], [-105.46558, 31.20828], [-105.45948, 31.20294], [-105.45862, 31.20219], [-105.45684, 31.20063], [-105.45594, 31.19996], [-105.45551, 31.19971], [-105.45453, 31.19918], [-105.45377, 31.19885], [-105.453, 31.19856], [-105.44955, 31.19753], [-105.44739, 31.19689], [-105.44102, 31.195], [-105.43967, 31.19459], [-105.43339, 31.1927], [-105.43315, 31.19263], [-105.43126, 31.19202], [-105.42856, 31.1912], [-105.42777, 31.19099], [-105.4273, 31.19086], [-105.42417, 31.19012], [-105.41958, 31.18906], [-105.41805, 31.18871], [-105.41415, 31.18783], [-105.39041, 31.18235], [-105.38396, 31.18087], [-105.38315, 31.18066], [-105.38251, 31.18053], [-105.38187, 31.18041], [-105.38134, 31.1803], [-105.38048, 31.18009], [-105.37937, 31.17979], [-105.37829, 31.1794], [-105.37722, 31.179], [-105.37505, 31.17816], [-105.36882, 31.17576], [-105.36696, 31.17511], [-105.36534, 31.17458], [-105.36355, 31.17415], [-105.36217, 31.17392], [-105.361, 31.17372], [-105.36035, 31.17361], [-105.35813, 31.17323], [-105.35693, 31.17302], [-105.356, 31.17282], [-105.35524, 31.17264], [-105.35402, 31.17232], [-105.35366, 31.17224], [-105.35242, 31.17203], [-105.35128, 31.17186], [-105.34568, 31.17109], [-105.34482, 31.17098], [-105.34436, 31.17091], [-105.34318, 31.17073], [-105.34259, 31.17062], [-105.34135, 31.17036], [-105.3403, 31.17009], [-105.3335, 31.16807], [-105.32557, 31.16573], [-105.31807, 31.16351], [-105.30838, 31.16064], [-105.2752, 31.15082], [-105.27456, 31.15064], [-105.25344, 31.14437], [-105.2501, 31.14338], [-105.24158, 31.14086], [-105.21876, 31.1341], [-105.20668, 31.13053], [-105.19945, 31.12842], [-105.1963, 31.12749], [-105.19493, 31.12709], [-105.19468, 31.127], [-105.19437, 31.12689], [-105.17037, 31.11976], [-105.16797, 31.11905], [-105.16795, 31.11904], [-105.16596, 31.11845], [-105.14971, 31.11364], [-105.14368, 31.11185], [-105.14252, 31.1115], [-105.14113, 31.1111], [-105.13948, 31.11065], [-105.13671, 31.10993], [-105.13414, 31.1093], [-105.12707, 31.10758], [-105.11759, 31.10527], [-105.11388, 31.10437], [-105.10722, 31.10275], [-105.10146, 31.10131], [-105.09606, 31.09997], [-105.08236, 31.09655], [-105.0773, 31.09529], [-105.068, 31.09299], [-105.05272, 31.08922], [-105.05255, 31.08917], [-105.05091, 31.08866], [-105.04977, 31.08826], [-105.04489, 31.08638], [-105.03556, 31.08278], [-105.0248, 31.07863], [-105.02219, 31.07762], [-105.01197, 31.07368], [-105.00963, 31.07277], [-105.00505, 31.07099], [-105.00037, 31.06918], [-104.99974, 31.06893], [-104.99898, 31.06863], [-104.99864, 31.06848], [-104.99845, 31.0684], [-104.99768, 31.06814], [-104.9963, 31.06761], [-104.99267, 31.06621], [-104.99254, 31.06616], [-104.99085, 31.0655], [-104.9893, 31.0649], [-104.98637, 31.06377], [-104.9853, 31.06337], [-104.98401, 31.06289], [-104.98235, 31.06233], [-104.9817, 31.06213], [-104.97916, 31.0615], [-104.97753, 31.06118], [-104.97624, 31.06097], [-104.97576, 31.06091], [-104.97473, 31.06078], [-104.9745, 31.06076], [-104.9736, 31.06067], [-104.97277, 31.06061], [-104.97094, 31.06054], [-104.96987, 31.06054], [-104.96774, 31.06058], [-104.96717, 31.0606], [-104.96666, 31.0606], [-104.96623, 31.06059], [-104.96602, 31.06057], [-104.96574, 31.06055], [-104.96499, 31.06046], [-104.96458, 31.06039], [-104.9639, 31.06023], [-104.96339, 31.06008], [-104.96303, 31.05998], [-104.96247, 31.05978], [-104.96226, 31.05969], [-104.96201, 31.05959], [-104.96172, 31.05946], [-104.96134, 31.05926], [-104.96066, 31.05889], [-104.9602, 31.05859], [-104.95991, 31.0584], [-104.95956, 31.05813], [-104.95925, 31.05788], [-104.95914, 31.05779], [-104.95821, 31.05692], [-104.95745, 31.05627], [-104.95694, 31.05587], [-104.95639, 31.0555], [-104.95557, 31.05503], [-104.95506, 31.05478], [-104.95438, 31.05449], [-104.95421, 31.05444], [-104.95365, 31.05426], [-104.95291, 31.05406], [-104.95286, 31.05405], [-104.95252, 31.05397], [-104.95209, 31.0539], [-104.95192, 31.05386], [-104.95184, 31.05385], [-104.94429, 31.05299], [-104.94345, 31.05284], [-104.94255, 31.05266], [-104.94163, 31.05243], [-104.93941, 31.05175], [-104.93571, 31.0506], [-104.93311, 31.0498], [-104.93112, 31.04918], [-104.93044, 31.04898], [-104.92246, 31.04665], [-104.9218, 31.04645], [-104.92153, 31.04636], [-104.91857, 31.04547], [-104.91742, 31.04515], [-104.91601, 31.04475], [-104.9143, 31.04426], [-104.91262, 31.04378], [-104.91197, 31.0436], [-104.91148, 31.04344], [-104.91123, 31.04335], [-104.91077, 31.04316], [-104.91055, 31.04306], [-104.90919, 31.04239], [-104.90886, 31.04223]]}}, {"type": "Feature", "properties": {"name": "I- 10"}, "geometry": {"type": "LineString", "coordinates": [[-99.3014, 30.18332], [-99.3012, 30.18328], [-99.29947, 30.18295], [-99.29849, 30.18276], [-99.29796, 30.18266], [-99.29757, 30.18258], [-99.29576, 30.18226], [-99.29397, 30.18192], [-99.29236, 30.18159], [-99.29151, 30.18144], [-99.29084, 30.18129], [-99.29037, 30.18117], [-99.28987, 30.18103], [-99.28893, 30.18073], [-99.28577, 30.17965], [-99.28443, 30.17917], [-99.28379, 30.17893], [-99.28233, 30.17843], [-99.28056, 30.17781], [-99.27877, 30.17718], [-99.27772, 30.17682], [-99.27748, 30.17673], [-99.27673, 30.17646], [-99.27483, 30.17579], [-99.27342, 30.1753], [-99.27154, 30.17467], [-99.2713, 30.17458], [-99.26676, 30.17298], [-99.2633, 30.17177], [-99.26157, 30.17117], [-99.2565, 30.1694], [-99.25519, 30.16895], [-99.25418, 30.1686], [-99.25247, 30.16798], [-99.25236, 30.16794], [-99.25155, 30.16768], [-99.25037, 30.16725], [-99.24919, 30.16684], [-99.24776, 30.16634], [-99.24756, 30.16627], [-99.24625, 30.1658], [-99.2461, 30.16575], [-99.24526, 30.16545], [-99.24458, 30.16521], [-99.24407, 30.165], [-99.24381, 30.16488], [-99.24349, 30.1647], [-99.24298, 30.1644], [-99.24213, 30.16382], [-99.24156, 30.1634], [-99.24061, 30.16268], [-99.24025, 30.16238], [-99.24003, 30.16218], [-99.23976, 30.16192], [-99.23935, 30.16146], [-99.23925, 30.16135], [-99.23908, 30.16114], [-99.2388, 30.16071], [-99.23846, 30.16008], [-99.23817, 30.15941], [-99.23799, 30.15899], [-99.2379, 30.15879], [-99.23779, 30.15852], [-99.23747, 30.15778], [-99.23718, 30.15702], [-99.23658, 30.15553], [-99.23592, 30.15384], [-99.23558, 30.15302], [-99.23528, 30.1524], [-99.23489, 30.15162], [-99.23447, 30.1509], [-99.23403, 30.15006], [-99.23317, 30.1485], [-99.23273, 30.14777], [-99.2323, 30.14699], [-99.23183, 30.14616], [-99.23134, 30.1453], [-99.23093, 30.14451], [-99.23065, 30.1439], [-99.23053, 30.14356], [-99.23043, 30.14322], [-99.23034, 30.14291], [-99.23024, 30.14249], [-99.23019, 30.14216], [-99.23014, 30.14132], [-99.2301, 30.139], [-99.23003, 30.13813], [-99.23001, 30.13798], [-99.22999, 30.13781], [-99.22993, 30.13744], [-99.22982, 30.13687], [-99.22966, 30.13631], [-99.22949, 30.13563], [-99.22928, 30.1349]]}}, {"type": "Feature", "properties": {"name": "I- 10"}, "geometry": {"type": "LineString", "coordinates": [[-99.22975, 30.1349], [-99.22976, 30.13492], [-99.22986, 30.1352], [-99.22992, 30.13547], [-99.23021, 30.13655], [-99.23039, 30.13734], [-99.23047, 30.13787], [-99.23049, 30.13793], [-99.2305, 30.138], [-99.23051, 30.13816], [-99.23056, 30.13865], [-99.23059, 30.13918], [-99.23061, 30.14022], [-99.23063, 30.14142], [-99.23068, 30.14204], [-99.23077, 30.14263], [-99.23086, 30.14298], [-99.231, 30.14342], [-99.2314, 30.1444], [-99.23182, 30.14518], [-99.23258, 30.14647], [-99.23292, 30.14709], [-99.23349, 30.1482], [-99.23459, 30.15011], [-99.23486, 30.15061], [-99.23505, 30.15091], [-99.23519, 30.15114], [-99.23531, 30.15137], [-99.23544, 30.15161], [-99.23557, 30.15185], [-99.23568, 30.15211], [-99.23595, 30.15267], [-99.23604, 30.15292], [-99.23626, 30.15345], [-99.23711, 30.15561], [-99.23738, 30.15626], [-99.23764, 30.15692], [-99.23791, 30.15758], [-99.23812, 30.15806], [-99.23836, 30.15861], [-99.23843, 30.15881], [-99.23864, 30.15925], [-99.23874, 30.15952], [-99.23887, 30.15983], [-99.23899, 30.16007], [-99.2391, 30.16027], [-99.23913, 30.16033], [-99.23925, 30.16053], [-99.23949, 30.16086], [-99.23983, 30.16128], [-99.24004, 30.16152], [-99.24032, 30.1618], [-99.24057, 30.16202], [-99.24085, 30.16229], [-99.24262, 30.16363], [-99.24309, 30.16395], [-99.24337, 30.16416], [-99.24373, 30.16438], [-99.24408, 30.16459], [-99.24454, 30.16483], [-99.245, 30.16504], [-99.2454, 30.1652], [-99.24585, 30.16537], [-99.24621, 30.16549], [-99.24637, 30.16554], [-99.24748, 30.16593], [-99.24796, 30.1661], [-99.25029, 30.1669], [-99.25251, 30.1677], [-99.2526, 30.16774], [-99.25431, 30.16833], [-99.2553, 30.16867], [-99.25831, 30.16973], [-99.26019, 30.1704], [-99.26187, 30.17097], [-99.26354, 30.17156], [-99.26514, 30.17212], [-99.26665, 30.17264], [-99.26811, 30.17316], [-99.26993, 30.17379], [-99.27137, 30.1743], [-99.27161, 30.17439], [-99.27475, 30.17546], [-99.27504, 30.17556], [-99.2776, 30.17648], [-99.27766, 30.1765], [-99.27882, 30.17689], [-99.2845, 30.17888], [-99.28615, 30.17946], [-99.28849, 30.18028], [-99.28879, 30.18039], [-99.28915, 30.18051], [-99.2899, 30.18074], [-99.2905, 30.1809], [-99.29127, 30.18109], [-99.29213, 30.18128], [-99.29305, 30.18145], [-99.29806, 30.18238], [-99.2981, 30.18239], [-99.29816, 30.1824], [-99.3014, 30.18302]]}}, {"type": "Feature", "properties": {"name": "I- 10"}, "geometry": {"type": "LineString", "coordinates": [[-104.90886, 31.04237], [-104.90907, 31.0425], [-104.90962, 31.04275], [-104.91067, 31.04324], [-104.91118, 31.04345], [-104.91172, 31.04366], [-104.91424, 31.04441], [-104.91524, 31.0447], [-104.92051, 31.04631], [-104.92179, 31.04672], [-104.92495, 31.04775], [-104.9295, 31.04929], [-104.92993, 31.04942], [-104.93026, 31.04952], [-104.93032, 31.04953], [-104.9305, 31.04959], [-104.93057, 31.04961], [-104.93287, 31.05024], [-104.93473, 31.05075], [-104.93549, 31.05096], [-104.93813, 31.05168], [-104.93894, 31.05192], [-104.9393, 31.05203], [-104.93994, 31.05223], [-104.94134, 31.05271], [-104.94226, 31.05296], [-104.94302, 31.0532], [-104.94369, 31.05335], [-104.94463, 31.05356], [-104.94526, 31.05367], [-104.94571, 31.05373], [-104.94642, 31.05381], [-104.94726, 31.05391], [-104.94859, 31.05406], [-104.94948, 31.05416], [-104.95154, 31.0544], [-104.9516, 31.05441], [-104.95177, 31.05443], [-104.95183, 31.05444], [-104.95197, 31.05445], [-104.95199, 31.05445], [-104.95243, 31.05453], [-104.95247, 31.05454], [-104.95263, 31.05457], [-104.95277, 31.0546], [-104.95285, 31.05461], [-104.95324, 31.05469], [-104.95352, 31.05477], [-104.95374, 31.05483], [-104.95376, 31.05483], [-104.95394, 31.05489], [-104.95431, 31.05501], [-104.95454, 31.05511], [-104.95473, 31.05519], [-104.95504, 31.05533], [-104.95579, 31.05569], [-104.9563, 31.056], [-104.95645, 31.0561], [-104.95715, 31.05658], [-104.95818, 31.05737], [-104.959, 31.05804], [-104.9591, 31.05812], [-104.95972, 31.0586], [-104.96043, 31.05908], [-104.96055, 31.05915], [-104.96104, 31.05942], [-104.9617, 31.05976], [-104.96214, 31.05993], [-104.96245, 31.06005], [-104.96321, 31.0603], [-104.96324, 31.06031], [-104.96401, 31.06051], [-104.96499, 31.0607], [-104.96547, 31.06076], [-104.96612, 31.06081], [-104.96657, 31.06083], [-104.96665, 31.06083], [-104.96771, 31.0608], [-104.96919, 31.06078], [-104.97113, 31.06079], [-104.97285, 31.06087], [-104.97286, 31.06088], [-104.97394, 31.06097], [-104.97447, 31.06102], [-104.97511, 31.06108], [-104.97597, 31.0612], [-104.97681, 31.06135], [-104.97807, 31.06157], [-104.97902, 31.06176], [-104.98033, 31.06208], [-104.98115, 31.06231], [-104.98259, 31.06272], [-104.98349, 31.06302], [-104.98504, 31.06359], [-104.98774, 31.06462], [-104.99217, 31.0663], [-104.99254, 31.06645], [-104.99326, 31.06673], [-104.994, 31.06702], [-104.99544, 31.06756], [-104.99617, 31.06783], [-104.99639, 31.06791], [-104.99665, 31.06801], [-104.99811, 31.06856], [-104.9982, 31.0686], [-104.99859, 31.06874], [-104.99966, 31.06915], [-104.9997, 31.06917], [-105.00037, 31.06942], [-105.00302, 31.07046], [-105.00412, 31.07089], [-105.0043, 31.07096], [-105.00481, 31.07116], [-105.00499, 31.07123], [-105.00514, 31.07129], [-105.00561, 31.07147], [-105.00577, 31.07153], [-105.007, 31.072], [-105.00951, 31.07297], [-105.01068, 31.07342], [-105.0119, 31.07389], [-105.01394, 31.07468], [-105.02007, 31.07705], [-105.02211, 31.07784], [-105.02261, 31.07803], [-105.02412, 31.07861], [-105.02463, 31.07881], [-105.02865, 31.08037], [-105.03548, 31.083], [-105.04073, 31.08503], [-105.04475, 31.08659], [-105.04934, 31.08836], [-105.05051, 31.08878], [-105.05206, 31.08927], [-105.05226, 31.08933], [-105.05248, 31.08939], [-105.06795, 31.09322], [-105.07474, 31.0949], [-105.07904, 31.09596], [-105.0823, 31.09678], [-105.08612, 31.09773], [-105.09602, 31.10021], [-105.09758, 31.1006], [-105.1014, 31.10156], [-105.10388, 31.10218], [-105.10465, 31.10237], [-105.11133, 31.104], [-105.11382, 31.1046], [-105.11455, 31.10478], [-105.11676, 31.10532], [-105.1175, 31.1055], [-105.1194, 31.10596], [-105.12243, 31.1067], [-105.12511, 31.10735], [-105.12701, 31.10782], [-105.13407, 31.10955], [-105.13527, 31.10984], [-105.13677, 31.11021], [-105.1395, 31.11089], [-105.14178, 31.11153], [-105.14637, 31.11289], [-105.14965, 31.11387], [-105.15105, 31.11428], [-105.1598, 31.11688], [-105.16587, 31.11868], [-105.16795, 31.1193], [-105.16842, 31.11944], [-105.16983, 31.11986], [-105.1703, 31.11999], [-105.17516, 31.12143], [-105.18971, 31.12575], [-105.19456, 31.12719], [-105.19552, 31.12747], [-105.19839, 31.12833], [-105.19935, 31.12861], [-105.21452, 31.13311], [-105.21857, 31.13431], [-105.2188, 31.13438], [-105.22426, 31.13598], [-105.23079, 31.13794], [-105.24059, 31.14083], [-105.24661, 31.14262], [-105.26006, 31.14659], [-105.27524, 31.15108], [-105.28164, 31.15298], [-105.28379, 31.15361], [-105.30843, 31.16092], [-105.30943, 31.16121], [-105.31798, 31.16373], [-105.32142, 31.16475], [-105.33174, 31.16779], [-105.33518, 31.16881], [-105.33611, 31.16908], [-105.3372, 31.16941], [-105.34044, 31.17038], [-105.34143, 31.17063], [-105.34202, 31.17075], [-105.34258, 31.17088], [-105.34334, 31.17101], [-105.34382, 31.17108], [-105.34543, 31.17131], [-105.34647, 31.17146], [-105.34856, 31.17171], [-105.35258, 31.17229], [-105.35458, 31.17274], [-105.35475, 31.17278], [-105.35496, 31.17283], [-105.35527, 31.1729], [-105.35544, 31.17294], [-105.35563, 31.17299], [-105.35601, 31.17308], [-105.35619, 31.17312], [-105.35639, 31.17317], [-105.35654, 31.1732], [-105.35689, 31.17328], [-105.35701, 31.1733], [-105.35717, 31.17333], [-105.35734, 31.17337], [-105.35786, 31.17347], [-105.35803, 31.1735], [-105.35846, 31.17357], [-105.35973, 31.17379], [-105.36016, 31.17386], [-105.36033, 31.17389], [-105.36084, 31.17397], [-105.36101, 31.174], [-105.36123, 31.17404], [-105.36191, 31.17416], [-105.36213, 31.17419], [-105.36271, 31.17428], [-105.36314, 31.17435], [-105.36382, 31.17447], [-105.36394, 31.1745], [-105.36531, 31.17482], [-105.36575, 31.17496], [-105.36648, 31.1752], [-105.3675, 31.17557], [-105.36916, 31.1762], [-105.36928, 31.17625], [-105.3694, 31.17629], [-105.37087, 31.17686], [-105.37184, 31.17723], [-105.37382, 31.17799], [-105.37477, 31.17835], [-105.37575, 31.17872], [-105.37597, 31.1788], [-105.37663, 31.17905], [-105.37685, 31.17913], [-105.37725, 31.1793], [-105.37808, 31.17958], [-105.37878, 31.17983], [-105.37928, 31.17998], [-105.37981, 31.18014], [-105.38033, 31.18028], [-105.38075, 31.18036], [-105.38325, 31.18095], [-105.38326, 31.18095], [-105.38418, 31.18118], [-105.38455, 31.18126], [-105.38816, 31.18209], [-105.39031, 31.18258], [-105.41164, 31.1875], [-105.41947, 31.18931], [-105.42354, 31.19025], [-105.42374, 31.19029], [-105.426, 31.1908], [-105.42739, 31.19114], [-105.43181, 31.19244], [-105.43253, 31.19266], [-105.43458, 31.19328], [-105.43559, 31.19359], [-105.43959, 31.19479], [-105.44112, 31.19525], [-105.44574, 31.19665], [-105.44728, 31.19711], [-105.44774, 31.19725], [-105.44831, 31.19742], [-105.44913, 31.19766], [-105.44959, 31.1978], [-105.45161, 31.1984], [-105.45174, 31.19844], [-105.45263, 31.19872], [-105.45307, 31.19888], [-105.4536, 31.19908], [-105.45458, 31.19954], [-105.45554, 31.20007], [-105.45594, 31.20033], [-105.45677, 31.20095], [-105.45758, 31.20164], [-105.45766, 31.20171], [-105.45842, 31.20238], [-105.45884, 31.20275], [-105.45927, 31.20312], [-105.46104, 31.20468], [-105.46533, 31.20843], [-105.46637, 31.20934], [-105.46713, 31.21001], [-105.46814, 31.2109], [-105.46921, 31.21184], [-105.46935, 31.21194], [-105.46952, 31.21206], [-105.46983, 31.21227], [-105.46996, 31.21234], [-105.4705, 31.21264], [-105.47111, 31.21293], [-105.4735, 31.21381], [-105.47367, 31.21388], [-105.47516, 31.21443], [-105.47621, 31.21482], [-105.47659, 31.21496], [-105.47844, 31.21566], [-105.48034, 31.21637], [-105.48087, 31.21657], [-105.4823, 31.21711], [-105.48268, 31.21724], [-105.48278, 31.21728], [-105.48301, 31.21738], [-105.4835, 31.21753], [-105.48383, 31.21761], [-105.48396, 31.21764], [-105.48423, 31.2177], [-105.48431, 31.21772], [-105.48452, 31.21775], [-105.48469, 31.21777], [-105.48511, 31.2178], [-105.48542, 31.2178], [-105.48572, 31.21779], [-105.48579, 31.21779], [-105.48601, 31.21778], [-105.48619, 31.21776], [-105.4866, 31.21771], [-105.48687, 31.21766], [-105.48716, 31.21759], [-105.48739, 31.21755], [-105.48759, 31.21748], [-105.48785, 31.21739], [-105.48853, 31.2171], [-105.48881, 31.21695], [-105.4892, 31.21674], [-105.48985, 31.21637], [-105.48997, 31.2163], [-105.49179, 31.21525], [-105.49244, 31.21488], [-105.49258, 31.2148], [-105.493, 31.21456], [-105.49314, 31.21448], [-105.49363, 31.2142], [-105.49511, 31.21335], [-105.4956, 31.21307], [-105.49589, 31.2129], [-105.49676, 31.2124], [-105.49699, 31.21227], [-105.49704, 31.21223], [-105.49774, 31.21184], [-105.49981, 31.21064], [-105.50051, 31.21025], [-105.50073, 31.21011], [-105.50141, 31.20973], [-105.50164, 31.2096], [-105.50211, 31.20932], [-105.50355, 31.2085], [-105.50402, 31.20823], [-105.50496, 31.20768], [-105.50705, 31.20649], [-105.50779, 31.20606], [-105.50873, 31.20552], [-105.50969, 31.20497], [-105.51259, 31.2033], [-105.51355, 31.20275], [-105.51438, 31.20227], [-105.51568, 31.20154], [-105.51767, 31.20041], [-105.51974, 31.19922], [-105.52205, 31.1979], [-105.52258, 31.19759], [-105.52416, 31.19667], [-105.52474, 31.19633], [-105.52548, 31.1959], [-105.52792, 31.19451], [-105.52889, 31.19401], [-105.52942, 31.19378], [-105.52952, 31.19375], [-105.53004, 31.19356], [-105.53079, 31.19337], [-105.53098, 31.19333], [-105.53122, 31.19328], [-105.53168, 31.1932], [-105.53195, 31.19316], [-105.53238, 31.19312], [-105.53329, 31.1931], [-105.53402, 31.19313], [-105.53443, 31.19318], [-105.53459, 31.1932], [-105.53645, 31.19353], [-105.54189, 31.19463], [-105.54319, 31.19486], [-105.54464, 31.19508], [-105.54576, 31.19525], [-105.54809, 31.19543], [-105.55361, 31.19587], [-105.55529, 31.19599], [-105.55688, 31.19611], [-105.56281, 31.19656], [-105.56488, 31.19673], [-105.56847, 31.19685], [-105.5737, 31.19696], [-105.57693, 31.19706], [-105.57703, 31.19706], [-105.58415, 31.19724], [-105.58425, 31.19724], [-105.58457, 31.19725], [-105.58468, 31.19725], [-105.58586, 31.19728], [-105.58855, 31.19733], [-105.58981, 31.19734], [-105.59035, 31.19731], [-105.59132, 31.1972], [-105.59163, 31.19714], [-105.59255, 31.1969], [-105.59436, 31.19637], [-105.59485, 31.19622], [-105.60606, 31.19289], [-105.60733, 31.19246], [-105.60757, 31.19237], [-105.60839, 31.19202], [-105.60904, 31.19172], [-105.60962, 31.19143], [-105.60995, 31.19125], [-105.61115, 31.19051], [-105.61177, 31.19007], [-105.61271, 31.18936], [-105.61575, 31.18681], [-105.61676, 31.18593], [-105.61827, 31.18465], [-105.61871, 31.18431], [-105.6191, 31.18404], [-105.61956, 31.18376], [-105.62007, 31.1835], [-105.62052, 31.18329], [-105.62101, 31.18309], [-105.62147, 31.18292], [-105.62194, 31.18277], [-105.62216, 31.1827], [-105.6287, 31.1806], [-105.63197, 31.17954], [-105.63594, 31.17826], [-105.63953, 31.1771], [-105.64306, 31.17597], [-105.64749, 31.17455], [-105.64783, 31.17444], [-105.6518, 31.17316], [-105.65241, 31.17295], [-105.65258, 31.17289], [-105.6537, 31.17253], [-105.65496, 31.17214], [-105.65575, 31.17188], [-105.65589, 31.17184], [-105.6563, 31.17171], [-105.65643, 31.17167], [-105.6566, 31.17162], [-105.65671, 31.17159], [-105.65712, 31.1715], [-105.65729, 31.17146], [-105.65732, 31.17146], [-105.658, 31.17136], [-105.65803, 31.17135], [-105.65865, 31.17131], [-105.65938, 31.17128], [-105.66029, 31.17132], [-105.66044, 31.17133], [-105.66104, 31.17142], [-105.66141, 31.17147], [-105.66251, 31.17161], [-105.66288, 31.17166], [-105.66638, 31.17213], [-105.66753, 31.17228], [-105.67689, 31.17351], [-105.6804, 31.17398], [-105.68304, 31.17432], [-105.68569, 31.17468], [-105.68911, 31.17513], [-105.69096, 31.17538], [-105.6936, 31.17574], [-105.69411, 31.17581], [-105.69563, 31.17601], [-105.69614, 31.17607], [-105.69632, 31.1761], [-105.69687, 31.17617], [-105.69705, 31.17619], [-105.69724, 31.17622], [-105.69781, 31.17629], [-105.698, 31.17632], [-105.6986, 31.17639], [-105.7004, 31.17663], [-105.701, 31.17671], [-105.70179, 31.17681], [-105.70415, 31.17713], [-105.70494, 31.17724], [-105.70692, 31.17751], [-105.70755, 31.1776], [-105.70822, 31.17775], [-105.70892, 31.17796], [-105.70947, 31.17818], [-105.7098, 31.17831], [-105.71038, 31.17859], [-105.71058, 31.1787], [-105.71084, 31.17884], [-105.71142, 31.17921], [-105.7118, 31.1795], [-105.71217, 31.17979], [-105.71292, 31.18036], [-105.71908, 31.18504], [-105.72467, 31.18928], [-105.72656, 31.19072], [-105.72934, 31.19284], [-105.73149, 31.19447], [-105.73195, 31.19482], [-105.73344, 31.19595], [-105.73793, 31.19938], [-105.74008, 31.20101], [-105.7407, 31.20148], [-105.74257, 31.20288], [-105.74258, 31.20289], [-105.74319, 31.20336], [-105.74331, 31.20345], [-105.7437, 31.20375], [-105.74383, 31.20384], [-105.74396, 31.20395], [-105.74438, 31.20427], [-105.74452, 31.20437], [-105.74458, 31.20442], [-105.74476, 31.20456], [-105.74482, 31.2046], [-105.74509, 31.20481], [-105.74591, 31.20543], [-105.74618, 31.20564], [-105.74636, 31.20578], [-105.7469, 31.20619], [-105.74709, 31.20633], [-105.74833, 31.20727], [-105.75093, 31.20924], [-105.75135, 31.20957], [-105.75205, 31.2101], [-105.75214, 31.21016], [-105.75329, 31.21104], [-105.7541, 31.21165], [-105.75651, 31.21347], [-105.75732, 31.21408], [-105.75808, 31.21466], [-105.76038, 31.21641], [-105.76115, 31.21699], [-105.76362, 31.21886], [-105.76447, 31.21951], [-105.77437, 31.22714], [-105.7755, 31.228], [-105.77652, 31.22879], [-105.77767, 31.22968], [-105.77868, 31.23046], [-105.78171, 31.2328], [-105.78272, 31.23359], [-105.78282, 31.23366], [-105.78298, 31.23377], [-105.78313, 31.23389], [-105.78324, 31.23397], [-105.78426, 31.23476], [-105.78476, 31.23517], [-105.78498, 31.23535], [-105.7853, 31.23566], [-105.78565, 31.23609], [-105.78588, 31.23639], [-105.78598, 31.23656], [-105.78625, 31.23708], [-105.78631, 31.23723], [-105.78638, 31.23743], [-105.7865, 31.23781], [-105.78664, 31.2383], [-105.78669, 31.2385], [-105.78672, 31.23861], [-105.78681, 31.23895], [-105.78684, 31.23907], [-105.78685, 31.23911], [-105.78689, 31.23925], [-105.7869, 31.2393], [-105.78692, 31.23936], [-105.78697, 31.23956], [-105.78699, 31.23963], [-105.78735, 31.24104], [-105.78736, 31.24106], [-105.78843, 31.24536], [-105.78879, 31.24679], [-105.78892, 31.24735], [-105.78934, 31.24903], [-105.78948, 31.24959], [-105.78976, 31.25068], [-105.7903, 31.25281], [-105.79058, 31.25396], [-105.79074, 31.25457], [-105.79086, 31.25505], [-105.79108, 31.2559], [-105.79172, 31.25847], [-105.79194, 31.25932], [-105.79242, 31.26124], [-105.79257, 31.26185], [-105.79388, 31.26702], [-105.79406, 31.26772], [-105.79437, 31.26895], [-105.79463, 31.27001], [-105.79492, 31.27108], [-105.79501, 31.27138], [-105.79537, 31.27237], [-105.79571, 31.27311], [-105.79599, 31.27368], [-105.79631, 31.27421], [-105.79654, 31.27461], [-105.79747, 31.27594], [-105.79817, 31.27674], [-105.79859, 31.27721], [-105.79939, 31.27797], [-105.79975, 31.27827], [-105.80041, 31.27883], [-105.80103, 31.27924], [-105.80254, 31.28027], [-105.8041, 31.28128], [-105.80414, 31.2813], [-105.8063, 31.2827], [-105.80841, 31.28406], [-105.81071, 31.28554], [-105.81317, 31.28712], [-105.81747, 31.28989], [-105.81755, 31.28994], [-105.81879, 31.29074], [-105.81975, 31.29136], [-105.82192, 31.29275], [-105.82356, 31.2938], [-105.82794, 31.29662], [-105.82846, 31.29696], [-105.8301, 31.29801], [-105.83123, 31.29873], [-105.83462, 31.30091], [-105.83575, 31.30164], [-105.83643, 31.30207], [-105.83681, 31.30231], [-105.83848, 31.30337], [-105.83916, 31.30381], [-105.8393, 31.30389], [-105.8397, 31.30415], [-105.83984, 31.30423], [-105.84, 31.30434], [-105.8405, 31.30467], [-105.84067, 31.30477], [-105.84127, 31.30516], [-105.84249, 31.30595], [-105.84308, 31.30633], [-105.84368, 31.30672], [-105.84469, 31.30737], [-105.84772, 31.30931], [-105.84873, 31.30996], [-105.84993, 31.31074], [-105.85052, 31.31111], [-105.85589, 31.31457], [-105.85768, 31.31572], [-105.85886, 31.31648], [-105.85933, 31.31678], [-105.86428, 31.31997], [-105.86594, 31.32103], [-105.86777, 31.32221], [-105.86839, 31.32261], [-105.86977, 31.3235], [-105.87535, 31.32715], [-105.87572, 31.3274], [-105.87741, 31.32856], [-105.8781, 31.32909], [-105.87915, 31.3299], [-105.87981, 31.33048], [-105.88072, 31.33128], [-105.88193, 31.33247], [-105.88308, 31.33375], [-105.88439, 31.33528], [-105.88582, 31.33697], [-105.88678, 31.3381], [-105.88863, 31.34028], [-105.88966, 31.34147], [-105.89062, 31.3426], [-105.89085, 31.34287], [-105.89154, 31.34367], [-105.89177, 31.34394], [-105.89347, 31.34594], [-105.89372, 31.34623], [-105.89389, 31.34643], [-105.89444, 31.3471], [-105.89458, 31.3473], [-105.89473, 31.34747], [-105.90112, 31.35496], [-105.90241, 31.35647], [-105.90764, 31.3626], [-105.90847, 31.36358], [-105.91359, 31.36959], [-105.91513, 31.37138], [-105.91667, 31.37317], [-105.91772, 31.37441], [-105.92167, 31.37902], [-105.92276, 31.38014], [-105.92294, 31.38034], [-105.92436, 31.38152], [-105.92566, 31.38239], [-105.92801, 31.3837], [-105.92986, 31.38473], [-105.93258, 31.38624], [-105.93829, 31.38943], [-105.94304, 31.39208], [-105.94823, 31.39497], [-105.94968, 31.39592], [-105.95831, 31.40077], [-105.96494, 31.40449], [-105.96724, 31.40578], [-105.97207, 31.40849]]}}, {"type": "Feature", "properties": {"name": "I- 10"}, "geometry": {"type": "LineString", "coordinates": [[-104.90886, 31.04237], [-104.90753, 31.04171], [-104.90354, 31.03975], [-104.9034, 31.03968], [-104.90266, 31.0394], [-104.90215, 31.03922], [-104.90212, 31.03921], [-104.90207, 31.03919], [-104.90205, 31.03919], [-104.90202, 31.03918], [-104.90157, 31.03908], [-104.9011, 31.03898], [-104.9002, 31.03885], [-104.89974, 31.03879], [-104.89891, 31.03866], [-104.89724, 31.03841], [-104.89643, 31.03829], [-104.8956, 31.03816], [-104.89486, 31.03805], [-104.89262, 31.03772], [-104.89187, 31.03761], [-104.89144, 31.03754], [-104.89014, 31.03734], [-104.88995, 31.03731], [-104.88971, 31.03727], [-104.88949, 31.03724], [-104.88884, 31.03715], [-104.88862, 31.03712], [-104.88846, 31.0371], [-104.88772, 31.037], [-104.88722, 31.03696], [-104.88668, 31.03691], [-104.88663, 31.03691], [-104.8852, 31.03688], [-104.88085, 31.03697], [-104.8789, 31.03701], [-104.87862, 31.03702], [-104.87777, 31.03703], [-104.87749, 31.03704], [-104.87579, 31.03707], [-104.87069, 31.03717], [-104.86899, 31.03721], [-104.86878, 31.03721], [-104.86837, 31.03722], [-104.86814, 31.03721], [-104.86792, 31.03721], [-104.86788, 31.03721], [-104.86775, 31.0372], [-104.86771, 31.0372], [-104.86673, 31.03709], [-104.86543, 31.03693], [-104.86379, 31.03664], [-104.86282, 31.03647], [-104.86258, 31.03643], [-104.86184, 31.0363], [-104.8616, 31.03625], [-104.86141, 31.03622], [-104.86084, 31.03613], [-104.86065, 31.0361], [-104.85974, 31.03595], [-104.85946, 31.0359], [-104.858, 31.0358], [-104.85696, 31.0358], [-104.85604, 31.0358], [-104.85481, 31.0358], [-104.85112, 31.03581], [-104.84989, 31.03581], [-104.84985, 31.03581], [-104.84974, 31.03581], [-104.8497, 31.03581], [-104.84858, 31.03581], [-104.84686, 31.0358], [-104.84522, 31.03584], [-104.84453, 31.03586], [-104.8441, 31.03587], [-104.84409, 31.03587], [-104.84405, 31.03587], [-104.84404, 31.03588], [-104.84351, 31.03589], [-104.84318, 31.03593], [-104.84255, 31.03599], [-104.8406, 31.03615], [-104.83974, 31.03623], [-104.83921, 31.03627], [-104.83763, 31.0364], [-104.8371, 31.03645], [-104.83685, 31.03647], [-104.83612, 31.03653], [-104.83587, 31.03655], [-104.83487, 31.03663], [-104.83477, 31.03664], [-104.83458, 31.03666], [-104.83188, 31.0369], [-104.83088, 31.03699], [-104.82988, 31.03706], [-104.82706, 31.03729], [-104.82685, 31.03731], [-104.82584, 31.03741], [-104.82576, 31.03742], [-104.82552, 31.03745], [-104.82544, 31.03746], [-104.82477, 31.03757], [-104.82413, 31.03769], [-104.82278, 31.03801], [-104.82274, 31.03802], [-104.82214, 31.03823], [-104.82211, 31.03824], [-104.82205, 31.03826], [-104.82203, 31.03826], [-104.82202, 31.03827], [-104.82196, 31.03829], [-104.82194, 31.0383], [-104.82104, 31.03858], [-104.81836, 31.0396], [-104.81747, 31.03995], [-104.81686, 31.04018], [-104.81595, 31.04053], [-104.81522, 31.04079], [-104.81503, 31.04084], [-104.8144, 31.04101], [-104.81415, 31.04108], [-104.81342, 31.04128], [-104.81317, 31.04135], [-104.81284, 31.04142], [-104.81197, 31.04161], [-104.81185, 31.04162], [-104.81152, 31.04166], [-104.8105, 31.04177], [-104.80147, 31.04253], [-104.7891, 31.04357], [-104.77477, 31.04476], [-104.77288, 31.04492], [-104.77196, 31.045], [-104.77132, 31.04503], [-104.77129, 31.04504], [-104.77075, 31.04506], [-104.76947, 31.04506], [-104.7688, 31.04503], [-104.76834, 31.045], [-104.76721, 31.0449], [-104.76691, 31.04485], [-104.76582, 31.04475], [-104.76128, 31.04425], [-104.76059, 31.04417], [-104.75852, 31.04394], [-104.7582, 31.0439], [-104.75783, 31.04386], [-104.75732, 31.04381], [-104.75682, 31.04375], [-104.75581, 31.04364], [-104.7553, 31.04358], [-104.75523, 31.04357], [-104.75504, 31.04355], [-104.75498, 31.04355], [-104.75407, 31.04344], [-104.75394, 31.04343], [-104.75295, 31.04333], [-104.75136, 31.04316], [-104.75046, 31.04306], [-104.74994, 31.04302], [-104.74838, 31.04288], [-104.74787, 31.04285], [-104.74769, 31.04284], [-104.74682, 31.04278], [-104.74556, 31.04274], [-104.74513, 31.04273], [-104.74241, 31.04274], [-104.74223, 31.04274], [-104.74071, 31.04281], [-104.73901, 31.04294], [-104.73819, 31.043], [-104.73377, 31.04337], [-104.73313, 31.04343], [-104.73142, 31.04357], [-104.72973, 31.0437], [-104.72941, 31.04373], [-104.72839, 31.04381], [-104.72675, 31.04394], [-104.72592, 31.044], [-104.72498, 31.04408], [-104.7237, 31.04418], [-104.7236, 31.04419], [-104.72108, 31.0444], [-104.71966, 31.04451], [-104.71836, 31.04462], [-104.71446, 31.04494], [-104.71316, 31.04504], [-104.71295, 31.04506], [-104.71233, 31.04511], [-104.71212, 31.04513], [-104.71153, 31.04518], [-104.70987, 31.04531], [-104.70314, 31.04586], [-104.70089, 31.04605], [-104.70072, 31.04606], [-104.70021, 31.0461], [-104.70004, 31.04612], [-104.69679, 31.04639], [-104.69565, 31.04648], [-104.68549, 31.04731], [-104.6825, 31.04755], [-104.67812, 31.04791], [-104.67056, 31.04854], [-104.66532, 31.04896], [-104.66278, 31.04917], [-104.62694, 31.05211], [-104.61415, 31.05316], [-104.6137, 31.05319], [-104.61238, 31.05331], [-104.61194, 31.05334], [-104.61126, 31.0534], [-104.61021, 31.05349], [-104.60923, 31.05357], [-104.60855, 31.05364], [-104.60796, 31.05368], [-104.60616, 31.05382], [-104.60556, 31.05387], [-104.60486, 31.05392], [-104.60276, 31.05408], [-104.60206, 31.05414], [-104.58298, 31.0557], [-104.57759, 31.05614], [-104.56092, 31.0575], [-104.53174, 31.05983], [-104.52722, 31.06021], [-104.52575, 31.06032], [-104.50793, 31.06174], [-104.50667, 31.06187], [-104.50644, 31.06189], [-104.50619, 31.06192], [-104.50576, 31.06198], [-104.50553, 31.06201], [-104.50529, 31.06205], [-104.50455, 31.06215], [-104.50431, 31.06219], [-104.50392, 31.06224], [-104.50278, 31.06241], [-104.50239, 31.06246], [-104.50221, 31.06249], [-104.50166, 31.06256], [-104.50148, 31.06259], [-104.50129, 31.06262], [-104.50073, 31.06269], [-104.50054, 31.06272], [-104.49999, 31.06279], [-104.49834, 31.06302], [-104.49779, 31.06309], [-104.49735, 31.06315], [-104.4967, 31.06324], [-104.49601, 31.06334], [-104.49556, 31.0634], [-104.4757, 31.06614], [-104.47298, 31.06652], [-104.44478, 31.07042], [-104.43588, 31.07163], [-104.42806, 31.07271], [-104.42644, 31.07291], [-104.42291, 31.07315], [-104.42141, 31.07327], [-104.42137, 31.07327], [-104.41635, 31.07363], [-104.41605, 31.07365], [-104.41513, 31.07371], [-104.41392, 31.07378], [-104.41326, 31.07378], [-104.41253, 31.07377], [-104.41074, 31.07366], [-104.40936, 31.07352], [-104.39607, 31.07233], [-104.39588, 31.07231], [-104.3953, 31.07226], [-104.39512, 31.07224], [-104.39418, 31.07215], [-104.39138, 31.07187], [-104.39044, 31.07178], [-104.39026, 31.07176], [-104.38972, 31.07171], [-104.38954, 31.07169], [-104.38933, 31.07167], [-104.3887, 31.07162], [-104.38849, 31.0716], [-104.38793, 31.07155], [-104.38627, 31.07139], [-104.38572, 31.07134], [-104.38512, 31.07128], [-104.38334, 31.07112], [-104.38275, 31.07106], [-104.38166, 31.07097], [-104.37841, 31.07068], [-104.37747, 31.0706], [-104.37732, 31.07059], [-104.36231, 31.0692], [-104.36039, 31.06903], [-104.35699, 31.06872], [-104.35522, 31.06856], [-104.34658, 31.06775], [-104.34204, 31.06732], [-104.33996, 31.0671], [-104.33994, 31.0671], [-104.33854, 31.06693], [-104.33266, 31.06628], [-104.32777, 31.06571], [-104.32774, 31.0657], [-104.32365, 31.06524], [-104.32205, 31.06506], [-104.31984, 31.06482], [-104.31869, 31.06475], [-104.31733, 31.06476], [-104.31705, 31.06476], [-104.31463, 31.06486], [-104.31187, 31.065], [-104.31171, 31.06501], [-104.30823, 31.0652], [-104.30421, 31.06542], [-104.30271, 31.06544], [-104.30227, 31.06543], [-104.30132, 31.06539], [-104.30029, 31.06529], [-104.29929, 31.06513], [-104.29891, 31.06505], [-104.29542, 31.06434], [-104.2924, 31.0637], [-104.29047, 31.06332], [-104.28906, 31.06301], [-104.28896, 31.06299], [-104.28754, 31.06273], [-104.2856, 31.06255], [-104.28543, 31.06255], [-104.28492, 31.06252], [-104.28475, 31.06251], [-104.28447, 31.06249], [-104.2839, 31.06252], [-104.28311, 31.06256], [-104.28138, 31.06272], [-104.28054, 31.0628], [-104.27947, 31.06293], [-104.27627, 31.06331], [-104.2752, 31.06344], [-104.27494, 31.06347], [-104.27413, 31.06357], [-104.27387, 31.0636], [-104.26568, 31.06459], [-104.26517, 31.06465], [-104.26332, 31.06487], [-104.26172, 31.065], [-104.26051, 31.0651], [-104.25796, 31.06523], [-104.25478, 31.06537], [-104.25208, 31.06552], [-104.24754, 31.06575], [-104.24467, 31.06588], [-104.24242, 31.06598], [-104.24025, 31.06613], [-104.23895, 31.06619], [-104.23884, 31.0662], [-104.23811, 31.06625], [-104.23563, 31.06643], [-104.23022, 31.06689], [-104.22991, 31.06692], [-104.22838, 31.06708], [-104.22749, 31.06713], [-104.22656, 31.06722], [-104.22507, 31.06734], [-104.22352, 31.06743], [-104.22318, 31.06745], [-104.22207, 31.06745], [-104.22102, 31.06738], [-104.21953, 31.06716], [-104.21732, 31.0667], [-104.21315, 31.06591], [-104.21201, 31.06577], [-104.21029, 31.06562], [-104.21021, 31.06561], [-104.20994, 31.06559], [-104.20985, 31.06558], [-104.20934, 31.06554], [-104.20782, 31.06543], [-104.20731, 31.06539], [-104.205, 31.06521], [-104.19809, 31.06468], [-104.19579, 31.0645], [-104.1942, 31.0645], [-104.19304, 31.06452], [-104.18994, 31.06456], [-104.1884, 31.06451], [-104.18767, 31.06443], [-104.18682, 31.06434], [-104.18526, 31.0641], [-104.18485, 31.06401], [-104.18349, 31.06373], [-104.18218, 31.06338], [-104.18187, 31.0633], [-104.18093, 31.06304], [-104.18062, 31.06296]]}}, {"type": "Feature", "properties": {"name": "I- 10"}, "geometry": {"type": "LineString", "coordinates": [[-104.1811, 31.06271], [-104.18161, 31.06282], [-104.18303, 31.06308], [-104.18502, 31.06332], [-104.18817, 31.06356], [-104.19235, 31.0639], [-104.2081, 31.06511], [-104.21038, 31.06529], [-104.21137, 31.06538], [-104.21281, 31.06558], [-104.2172, 31.06646], [-104.22016, 31.06699], [-104.22083, 31.06707], [-104.2218, 31.06714], [-104.22279, 31.06715], [-104.22367, 31.06712], [-104.22491, 31.067], [-104.22659, 31.06686], [-104.22795, 31.06674], [-104.22908, 31.06664], [-104.24366, 31.06561], [-104.25244, 31.06503], [-104.26085, 31.06461], [-104.26455, 31.06432], [-104.26957, 31.06376], [-104.27526, 31.0631], [-104.27705, 31.06289], [-104.2805, 31.06246], [-104.28592, 31.06185], [-104.2875, 31.06167], [-104.28849, 31.0616], [-104.28972, 31.06159], [-104.29115, 31.06171], [-104.29221, 31.06188], [-104.29359, 31.06219], [-104.29506, 31.06269], [-104.2994, 31.06434], [-104.30048, 31.06465], [-104.30168, 31.0649], [-104.30301, 31.06505], [-104.3042, 31.06506], [-104.31191, 31.06467], [-104.31433, 31.06455], [-104.31701, 31.06442], [-104.31871, 31.06441], [-104.3199, 31.06449], [-104.32194, 31.06471], [-104.32369, 31.0649], [-104.32785, 31.06539], [-104.33273, 31.06596], [-104.33853, 31.06659], [-104.34005, 31.06676], [-104.34205, 31.06699], [-104.34653, 31.06739], [-104.35525, 31.06821], [-104.35699, 31.06838], [-104.36035, 31.06868], [-104.37738, 31.07026], [-104.37759, 31.07028], [-104.38322, 31.07077], [-104.38398, 31.07082], [-104.38554, 31.07099], [-104.38959, 31.07135], [-104.39442, 31.07183], [-104.39544, 31.07189], [-104.41072, 31.07331], [-104.41245, 31.07343], [-104.41296, 31.07345], [-104.41359, 31.07344], [-104.41461, 31.07339], [-104.41603, 31.07331], [-104.42072, 31.07298], [-104.42127, 31.07294], [-104.42306, 31.07279], [-104.42498, 31.07266], [-104.42653, 31.07253], [-104.42766, 31.0724], [-104.43486, 31.07145], [-104.44089, 31.07059], [-104.44489, 31.07005], [-104.49416, 31.06324], [-104.49528, 31.06311], [-104.50141, 31.06226], [-104.5055, 31.06166], [-104.50619, 31.06159], [-104.50835, 31.06136], [-104.51363, 31.06095], [-104.52695, 31.05988], [-104.53106, 31.05955], [-104.56085, 31.05715], [-104.5954, 31.05434], [-104.60344, 31.05367], [-104.60853, 31.05328], [-104.61575, 31.05269], [-104.66275, 31.04884], [-104.67035, 31.04822], [-104.67047, 31.04821], [-104.67807, 31.04759], [-104.68555, 31.04697], [-104.69695, 31.04604], [-104.70047, 31.04575], [-104.71149, 31.04485], [-104.71237, 31.04478], [-104.71963, 31.04417], [-104.72101, 31.04406], [-104.72248, 31.04393], [-104.72359, 31.04377], [-104.72472, 31.04374], [-104.72549, 31.04368], [-104.72572, 31.04366], [-104.72574, 31.04365], [-104.72581, 31.04365], [-104.72954, 31.04337], [-104.73099, 31.04327], [-104.7331, 31.04309], [-104.73397, 31.04302], [-104.73652, 31.0428], [-104.73735, 31.04274], [-104.73826, 31.04266], [-104.73897, 31.0426], [-104.73998, 31.04252], [-104.74131, 31.04245], [-104.74219, 31.04241], [-104.74269, 31.04239], [-104.74382, 31.04239], [-104.7446, 31.04237], [-104.74552, 31.04239], [-104.74605, 31.0424], [-104.747, 31.04244], [-104.74739, 31.04247], [-104.74849, 31.04256], [-104.75046, 31.04273], [-104.75284, 31.04297], [-104.75433, 31.04313], [-104.75463, 31.04316], [-104.75493, 31.0432], [-104.75774, 31.04351], [-104.75948, 31.0437], [-104.7615, 31.04393], [-104.76515, 31.04434], [-104.76668, 31.04449], [-104.76744, 31.04459], [-104.76868, 31.04469], [-104.76921, 31.0447], [-104.77004, 31.04472], [-104.77128, 31.04467], [-104.7716, 31.04467], [-104.77285, 31.04458], [-104.77653, 31.04429], [-104.77978, 31.04401], [-104.80143, 31.04219], [-104.80686, 31.04176], [-104.80824, 31.04164], [-104.8099, 31.04151], [-104.81065, 31.04143], [-104.81154, 31.04133], [-104.81349, 31.04098], [-104.81529, 31.04049], [-104.81721, 31.03978], [-104.82197, 31.038], [-104.82213, 31.03795], [-104.82274, 31.03778], [-104.82367, 31.03755], [-104.8254, 31.0372], [-104.8262, 31.03715], [-104.82844, 31.03693], [-104.83085, 31.03674], [-104.83216, 31.03661], [-104.83458, 31.03642], [-104.83724, 31.03621], [-104.83973, 31.03598], [-104.84323, 31.03566], [-104.84408, 31.03562], [-104.84441, 31.0356], [-104.84583, 31.03556], [-104.84942, 31.03556], [-104.85605, 31.03555], [-104.85839, 31.03555], [-104.86, 31.03573], [-104.86202, 31.03609], [-104.86563, 31.03673], [-104.86777, 31.03687], [-104.86792, 31.03687], [-104.86891, 31.0369], [-104.87726, 31.03671], [-104.87888, 31.03667], [-104.8848, 31.03655], [-104.88554, 31.03655], [-104.88659, 31.03657], [-104.88728, 31.0366], [-104.88809, 31.0367], [-104.88863, 31.03678], [-104.88938, 31.0369], [-104.89195, 31.03728], [-104.90049, 31.03855], [-104.90095, 31.03864], [-104.90151, 31.03878], [-104.90258, 31.03913], [-104.90468, 31.04015], [-104.90886, 31.04223]]}}, {"type": "Feature", "properties": {"name": "I- 10"}, "geometry": {"type": "LineString", "coordinates": [[-101.80954, 30.71763], [-101.80959, 30.71765], [-101.80966, 30.71766], [-101.81062, 30.71792], [-101.8115, 30.71818], [-101.81301, 30.71853], [-101.8141, 30.71893], [-101.81497, 30.7193], [-101.81633, 30.71998], [-101.81776, 30.72081], [-101.81915, 30.72182], [-101.82082, 30.72313], [-101.82451, 30.72609], [-101.8282, 30.72906], [-101.82851, 30.72931], [-101.82883, 30.72957], [-101.83161, 30.7318], [-101.83494, 30.73445], [-101.83503, 30.73452], [-101.83529, 30.73473], [-101.83538, 30.73479], [-101.83598, 30.73527], [-101.83648, 30.73572], [-101.83746, 30.73644], [-101.83817, 30.737], [-101.83869, 30.73741], [-101.83921, 30.73776], [-101.83948, 30.73793], [-101.83977, 30.7381], [-101.84017, 30.73831], [-101.84051, 30.73847], [-101.84096, 30.7387], [-101.84172, 30.73901], [-101.84206, 30.73914], [-101.84256, 30.73933], [-101.84271, 30.73937], [-101.84333, 30.73955], [-101.84393, 30.73968], [-101.84475, 30.73984], [-101.8449, 30.73987], [-101.84544, 30.73995], [-101.84581, 30.74001], [-101.84657, 30.74013], [-101.84693, 30.74017], [-101.8473, 30.74021], [-101.8489, 30.74047], [-101.85292, 30.7411], [-101.85369, 30.74121], [-101.8546, 30.74134], [-101.85529, 30.74145], [-101.85619, 30.74159], [-101.86122, 30.74235], [-101.86123, 30.74235], [-101.86289, 30.74259], [-101.86536, 30.74297], [-101.8659, 30.74305], [-101.86643, 30.74313], [-101.86685, 30.7432], [-101.86843, 30.74344], [-101.86991, 30.74366], [-101.87073, 30.74378], [-101.87099, 30.74381], [-101.87259, 30.74407], [-101.87339, 30.74419], [-101.87424, 30.74431], [-101.87534, 30.74447], [-101.87575, 30.74452], [-101.87671, 30.74468], [-101.87905, 30.74504], [-101.8808, 30.74531], [-101.88144, 30.74541], [-101.88302, 30.74566], [-101.88346, 30.74573], [-101.88422, 30.74583], [-101.88498, 30.74594], [-101.88558, 30.74603], [-101.88602, 30.74609], [-101.88736, 30.74634], [-101.88755, 30.74637], [-101.88773, 30.7464], [-101.88784, 30.74642], [-101.88796, 30.74643], [-101.88904, 30.7466], [-101.88944, 30.74666], [-101.89077, 30.74684], [-101.89131, 30.74695], [-101.89178, 30.74705], [-101.89268, 30.74729], [-101.89343, 30.7475], [-101.89381, 30.74765], [-101.89494, 30.74807], [-101.89521, 30.74818], [-101.89894, 30.74971], [-101.90006, 30.75017], [-101.90206, 30.75102], [-101.90311, 30.75147], [-101.90405, 30.75184], [-101.90604, 30.75269], [-101.90708, 30.75311], [-101.91011, 30.75439], [-101.91044, 30.75453], [-101.91385, 30.75591], [-101.91406, 30.756], [-101.91469, 30.75625], [-101.91489, 30.75634], [-101.91573, 30.7567], [-101.9172, 30.75733], [-101.91825, 30.75777], [-101.9191, 30.75812], [-101.91929, 30.7582], [-101.91985, 30.75844], [-101.92002, 30.75851], [-101.92004, 30.75851], [-101.92025, 30.75859], [-101.92033, 30.75862], [-101.92117, 30.75898], [-101.92146, 30.75909], [-101.92221, 30.75941], [-101.92446, 30.76034], [-101.92499, 30.76056], [-101.9252, 30.76066], [-101.92544, 30.76076], [-101.92614, 30.76105], [-101.92638, 30.76115], [-101.92696, 30.76139], [-101.927, 30.76141], [-101.92755, 30.76164], [-101.92852, 30.76204], [-101.92888, 30.76219], [-101.9295, 30.76245], [-101.92969, 30.76253], [-101.93239, 30.76364], [-101.93352, 30.76413], [-101.93437, 30.76448], [-101.93756, 30.76581], [-101.93906, 30.7665], [-101.93977, 30.76687], [-101.9401, 30.76706], [-101.94121, 30.7677], [-101.94542, 30.77024], [-101.94829, 30.77193], [-101.95146, 30.77379], [-101.95257, 30.77453], [-101.95261, 30.77456], [-101.95277, 30.7747], [-101.95281, 30.77473], [-101.95292, 30.77482], [-101.95296, 30.77485], [-101.953, 30.77489], [-101.9531, 30.77498], [-101.95313, 30.77502], [-101.95316, 30.77504], [-101.95385, 30.77569], [-101.95449, 30.77638], [-101.95501, 30.77699], [-101.95509, 30.77708], [-101.95578, 30.77816], [-101.95829, 30.78232], [-101.95886, 30.78325], [-101.95928, 30.78395], [-101.95943, 30.78419], [-101.96006, 30.78524], [-101.9607, 30.78628], [-101.9611, 30.78696], [-101.96144, 30.78751], [-101.96151, 30.78764], [-101.96243, 30.78916], [-101.9628, 30.78975], [-101.96367, 30.79117], [-101.96406, 30.79181], [-101.96443, 30.79239], [-101.96448, 30.79249], [-101.96463, 30.79278], [-101.96468, 30.79288], [-101.96484, 30.79313], [-101.96492, 30.79327], [-101.96529, 30.79385], [-101.96538, 30.79399], [-101.96625, 30.79502], [-101.96707, 30.79592], [-101.96758, 30.79634], [-101.96789, 30.7966], [-101.96831, 30.79693], [-101.96847, 30.79705], [-101.96887, 30.79733], [-101.96933, 30.79761], [-101.97002, 30.79798], [-101.97126, 30.79865], [-101.97483, 30.80048], [-101.97504, 30.80059], [-101.97567, 30.80091], [-101.97644, 30.80131], [-101.9765, 30.80134], [-101.97668, 30.80143], [-101.97786, 30.80204], [-101.97948, 30.8029], [-101.98094, 30.80366], [-101.98212, 30.80424], [-101.98273, 30.80454], [-101.98314, 30.80474], [-101.98355, 30.80494], [-101.98408, 30.80522], [-101.98495, 30.80569], [-101.9857, 30.80607], [-101.98624, 30.80634], [-101.98686, 30.80666], [-101.98691, 30.80669], [-101.98716, 30.80682], [-101.98871, 30.80763], [-101.98892, 30.80775], [-101.98932, 30.80797], [-101.98963, 30.80815], [-101.99108, 30.80886], [-101.99166, 30.80915], [-101.99183, 30.80923], [-101.99338, 30.81003], [-101.99375, 30.81023], [-101.99395, 30.81033], [-101.99418, 30.81045], [-101.99486, 30.8108], [-101.99508, 30.81092], [-101.99529, 30.81101], [-101.99587, 30.81131], [-101.99614, 30.81145], [-101.99622, 30.81149], [-101.99674, 30.81179], [-101.99723, 30.8121], [-101.99795, 30.8126], [-101.99896, 30.81335], [-101.99905, 30.81345], [-101.99983, 30.81417], [-101.99991, 30.81426], [-102.00067, 30.81509], [-102.00083, 30.81528], [-102.00132, 30.81591], [-102.00266, 30.81795], [-102.00304, 30.81861], [-102.00329, 30.81903], [-102.00362, 30.81955], [-102.00368, 30.81966], [-102.00385, 30.81989], [-102.00456, 30.821], [-102.00507, 30.82179], [-102.00564, 30.82257], [-102.00571, 30.82267], [-102.00628, 30.82337], [-102.00715, 30.82423], [-102.00727, 30.82433], [-102.00813, 30.82503], [-102.00906, 30.82567], [-102.0099, 30.82617], [-102.01035, 30.82641], [-102.01081, 30.82664], [-102.01153, 30.82696], [-102.01249, 30.82738], [-102.01447, 30.82825], [-102.01575, 30.8288], [-102.01764, 30.82963], [-102.0228, 30.83193], [-102.02474, 30.83277], [-102.02563, 30.83316], [-102.02671, 30.83367], [-102.02802, 30.83421], [-102.02938, 30.8348], [-102.03092, 30.83549], [-102.03165, 30.83582], [-102.0323, 30.83609], [-102.03268, 30.83625], [-102.0337, 30.83669], [-102.0347, 30.83715], [-102.03739, 30.83833], [-102.03882, 30.83894], [-102.03996, 30.83945], [-102.0455, 30.84189], [-102.04686, 30.8425], [-102.04803, 30.84302], [-102.04949, 30.84365], [-102.05095, 30.84432], [-102.05199, 30.84476], [-102.05288, 30.84514], [-102.05353, 30.84546], [-102.05454, 30.84606], [-102.05562, 30.84667], [-102.0564, 30.84714], [-102.05685, 30.8474], [-102.05979, 30.84908], [-102.06299, 30.85093], [-102.06399, 30.85151], [-102.06468, 30.85191], [-102.06535, 30.85231], [-102.06643, 30.85292], [-102.06686, 30.85316], [-102.06926, 30.85457], [-102.07099, 30.85555], [-102.07399, 30.85731], [-102.07675, 30.8589], [-102.07725, 30.85919], [-102.07816, 30.85972], [-102.07908, 30.86025], [-102.08031, 30.86097], [-102.08249, 30.86224], [-102.08307, 30.86257], [-102.08401, 30.86311], [-102.08525, 30.86382], [-102.08529, 30.86385], [-102.08545, 30.86394], [-102.08607, 30.86429], [-102.08627, 30.86441], [-102.08675, 30.86467], [-102.08715, 30.8649], [-102.08804, 30.8654], [-102.08816, 30.86547], [-102.08834, 30.86557], [-102.08863, 30.86574], [-102.08954, 30.86631], [-102.0897, 30.8664], [-102.09232, 30.86791], [-102.09325, 30.86844], [-102.09337, 30.86851], [-102.0935, 30.86859], [-102.09375, 30.86873], [-102.09388, 30.8688], [-102.09408, 30.86891], [-102.09468, 30.86923], [-102.09489, 30.86934], [-102.09542, 30.86963], [-102.0959, 30.86985], [-102.09619, 30.86999], [-102.0969, 30.87028], [-102.0991, 30.87103], [-102.09911, 30.87104], [-102.10018, 30.87138], [-102.10572, 30.87319], [-102.10829, 30.87401], [-102.10893, 30.87422], [-102.11151, 30.87507], [-102.11285, 30.8755], [-102.1148, 30.87614], [-102.11594, 30.87651], [-102.11696, 30.87686], [-102.11705, 30.87689], [-102.11955, 30.8777], [-102.12085, 30.87813], [-102.12377, 30.87923], [-102.12551, 30.87986], [-102.12669, 30.88027], [-102.12707, 30.8804], [-102.1279, 30.88067], [-102.13007, 30.8813], [-102.1306, 30.88146], [-102.13178, 30.88178], [-102.13204, 30.88185], [-102.13336, 30.88223], [-102.13514, 30.88277], [-102.13585, 30.88299], [-102.1382, 30.88377], [-102.1394, 30.88415], [-102.1418, 30.88495], [-102.14312, 30.88537], [-102.14388, 30.88562], [-102.14429, 30.88575], [-102.1445, 30.88582], [-102.14685, 30.88657], [-102.14813, 30.88701], [-102.1492, 30.88734], [-102.14969, 30.8875], [-102.1518, 30.8882], [-102.15431, 30.889], [-102.1556, 30.88943], [-102.15697, 30.88988], [-102.1582, 30.89026], [-102.15839, 30.89032], [-102.15879, 30.89046], [-102.15997, 30.89083], [-102.16055, 30.891], [-102.1614, 30.89122], [-102.16237, 30.8914], [-102.16355, 30.89158], [-102.16463, 30.89169], [-102.16535, 30.89172], [-102.16599, 30.89172], [-102.16741, 30.89168], [-102.16752, 30.89168], [-102.17244, 30.89154], [-102.17352, 30.89151], [-102.17414, 30.89149], [-102.17509, 30.89147], [-102.17598, 30.89143], [-102.176, 30.89143], [-102.17662, 30.89141], [-102.17679, 30.89141], [-102.17709, 30.8914], [-102.17727, 30.89139], [-102.17744, 30.89138], [-102.17786, 30.89137], [-102.17914, 30.89133], [-102.17956, 30.89131], [-102.17987, 30.89131], [-102.18079, 30.8913], [-102.1811, 30.89129], [-102.18152, 30.89129], [-102.18313, 30.89124], [-102.18517, 30.89118], [-102.1868, 30.89113], [-102.1883, 30.89107], [-102.18939, 30.89103], [-102.19014, 30.89102], [-102.19066, 30.89103], [-102.19221, 30.89114], [-102.19706, 30.89151], [-102.19738, 30.89153], [-102.19956, 30.89169], [-102.20145, 30.89182], [-102.20173, 30.89185], [-102.20349, 30.89196], [-102.20392, 30.89199], [-102.20549, 30.8921], [-102.20598, 30.89214], [-102.20761, 30.89228], [-102.20773, 30.89229], [-102.20973, 30.89242], [-102.21328, 30.8927], [-102.21437, 30.89278], [-102.21629, 30.8929], [-102.21836, 30.89305], [-102.21944, 30.89314], [-102.21957, 30.89315], [-102.22061, 30.89323], [-102.22138, 30.89327], [-102.22204, 30.89327], [-102.22369, 30.89321], [-102.22411, 30.89321], [-102.22535, 30.89318], [-102.22586, 30.89317], [-102.22908, 30.89309], [-102.23033, 30.89306], [-102.23153, 30.89302], [-102.23508, 30.89294], [-102.23512, 30.89293], [-102.23549, 30.89292], [-102.2359, 30.89291], [-102.23632, 30.8929], [-102.2375, 30.89286], [-102.24212, 30.89274], [-102.24794, 30.89259], [-102.25035, 30.89252], [-102.25514, 30.89239], [-102.25954, 30.89226], [-102.26418, 30.89213], [-102.26535, 30.89207], [-102.26568, 30.89205], [-102.26644, 30.89195], [-102.26686, 30.89189], [-102.26826, 30.89164], [-102.26957, 30.8913], [-102.26966, 30.89127], [-102.2707, 30.89091], [-102.27075, 30.8909], [-102.27516, 30.88914], [-102.27613, 30.88876], [-102.28322, 30.88595], [-102.28474, 30.88543], [-102.28562, 30.8852], [-102.28665, 30.88499], [-102.28815, 30.88475], [-102.28877, 30.8847], [-102.28965, 30.88463], [-102.29194, 30.88463], [-102.29357, 30.88464], [-102.29482, 30.88465], [-102.29527, 30.88466], [-102.29858, 30.88467], [-102.29983, 30.88468], [-102.30013, 30.88468], [-102.30083, 30.88468], [-102.30104, 30.88468], [-102.30134, 30.88467], [-102.3015, 30.88467], [-102.30197, 30.88468], [-102.30214, 30.88468], [-102.3033, 30.8847], [-102.30679, 30.88474], [-102.30697, 30.88474], [-102.30796, 30.88474], [-102.30803, 30.88475], [-102.30823, 30.88477], [-102.3083, 30.88478], [-102.30871, 30.88483], [-102.30907, 30.8849], [-102.31009, 30.88509], [-102.31099, 30.88532], [-102.31133, 30.88544], [-102.31207, 30.8857], [-102.31235, 30.88581], [-102.31496, 30.8868], [-102.32032, 30.88874], [-102.32139, 30.88914], [-102.3239, 30.89008], [-102.32598, 30.89085], [-102.32729, 30.89134], [-102.32864, 30.89183], [-102.3298, 30.89217], [-102.33065, 30.89236], [-102.34097, 30.8946], [-102.34236, 30.89488], [-102.34381, 30.89508], [-102.34458, 30.89515], [-102.34768, 30.89529], [-102.35036, 30.89539], [-102.35843, 30.89569], [-102.3599, 30.89571], [-102.36029, 30.89569], [-102.36095, 30.89565], [-102.36215, 30.89552], [-102.36774, 30.89494], [-102.36961, 30.89474], [-102.37533, 30.89414], [-102.37643, 30.89405], [-102.37772, 30.8939], [-102.37914, 30.89377], [-102.38091, 30.89353], [-102.38264, 30.89328], [-102.3933, 30.89166], [-102.39682, 30.89113], [-102.40361, 30.8901], [-102.40463, 30.88995], [-102.40769, 30.8895], [-102.40871, 30.88934], [-102.40887, 30.88932], [-102.40935, 30.88925], [-102.40937, 30.88925], [-102.4095, 30.88923], [-102.40961, 30.88922], [-102.40974, 30.8892], [-102.40992, 30.88917], [-102.41003, 30.88916], [-102.41104, 30.88901], [-102.41359, 30.88862], [-102.41408, 30.88855], [-102.41433, 30.88851], [-102.41498, 30.8884], [-102.41509, 30.88837], [-102.41953, 30.88769], [-102.42119, 30.88747], [-102.4231, 30.88719], [-102.42756, 30.88652], [-102.43136, 30.88592], [-102.4365, 30.88514], [-102.43952, 30.88469], [-102.44564, 30.88376], [-102.44745, 30.88349], [-102.44942, 30.88319], [-102.4502, 30.88305], [-102.45087, 30.88291], [-102.45154, 30.88275], [-102.45219, 30.88257], [-102.45282, 30.88237], [-102.45284, 30.88236], [-102.45348, 30.88214], [-102.45411, 30.8819], [-102.45453, 30.88172], [-102.45469, 30.88165], [-102.45515, 30.88147], [-102.45655, 30.88086], [-102.45687, 30.8807], [-102.46004, 30.8793], [-102.46005, 30.8793], [-102.46015, 30.87925], [-102.46044, 30.87911], [-102.46054, 30.87906], [-102.46071, 30.87899], [-102.46122, 30.87877], [-102.46139, 30.87869], [-102.4622, 30.87833], [-102.4624, 30.87825], [-102.46464, 30.87723], [-102.46546, 30.87686], [-102.46635, 30.87647], [-102.46902, 30.87528], [-102.46928, 30.87516], [-102.4699, 30.87488], [-102.47025, 30.87473], [-102.47093, 30.87442], [-102.47299, 30.8735], [-102.47462, 30.87277], [-102.47697, 30.87175], [-102.47807, 30.87125], [-102.47918, 30.87083], [-102.48036, 30.87046], [-102.48126, 30.87023], [-102.48247, 30.87], [-102.48288, 30.86992], [-102.4858, 30.86941], [-102.48642, 30.86931], [-102.48681, 30.86923], [-102.48985, 30.8687], [-102.49034, 30.86861], [-102.49086, 30.86852], [-102.4942, 30.86791], [-102.49429, 30.8679], [-102.50034, 30.86684], [-102.50328, 30.86632], [-102.50425, 30.86614], [-102.5076, 30.86554], [-102.50817, 30.86544], [-102.51159, 30.86484], [-102.5123, 30.86472], [-102.51306, 30.86458], [-102.51347, 30.86451], [-102.51461, 30.86434], [-102.51465, 30.86433], [-102.51585, 30.86419], [-102.52198, 30.86352], [-102.52407, 30.8633], [-102.52628, 30.86306], [-102.52958, 30.86269], [-102.53265, 30.86235], [-102.53463, 30.86216], [-102.53509, 30.8621], [-102.53769, 30.86181], [-102.54043, 30.86151], [-102.54077, 30.86147], [-102.54403, 30.86111], [-102.54451, 30.86106], [-102.54502, 30.861], [-102.54651, 30.86084], [-102.5485, 30.86066], [-102.54968, 30.86064], [-102.55147, 30.86068], [-102.55299, 30.8607], [-102.55785, 30.8608], [-102.56004, 30.86085], [-102.56091, 30.86088], [-102.56224, 30.8609], [-102.56356, 30.86093], [-102.56562, 30.86098], [-102.5675, 30.86102], [-102.57091, 30.8611], [-102.57311, 30.86115], [-102.57531, 30.8612], [-102.5774, 30.86125], [-102.57931, 30.86127], [-102.58021, 30.86129], [-102.58202, 30.86141], [-102.58324, 30.86158], [-102.58335, 30.86163], [-102.58401, 30.86178], [-102.58442, 30.86187], [-102.58523, 30.86208], [-102.58574, 30.86221], [-102.58634, 30.86241], [-102.58656, 30.86249], [-102.5871, 30.86269], [-102.58723, 30.86275], [-102.58763, 30.8629], [-102.58764, 30.86291], [-102.58777, 30.86295], [-102.58781, 30.86297], [-102.58794, 30.86302], [-102.58799, 30.86304], [-102.58836, 30.86318], [-102.58948, 30.86362], [-102.58985, 30.86377], [-102.59003, 30.86384], [-102.59057, 30.86405], [-102.59075, 30.86412], [-102.59109, 30.86426], [-102.59128, 30.86433], [-102.59213, 30.86466], [-102.59247, 30.8648], [-102.59276, 30.8649], [-102.59405, 30.86541], [-102.59649, 30.86637], [-102.60856, 30.87109], [-102.60874, 30.87116], [-102.61238, 30.87257], [-102.61259, 30.87264], [-102.61272, 30.87269], [-102.61345, 30.87292], [-102.61397, 30.87307], [-102.61446, 30.8732], [-102.61487, 30.8733], [-102.61523, 30.87338], [-102.61639, 30.87357], [-102.61699, 30.87366], [-102.6189, 30.87389], [-102.62604, 30.87477], [-102.62687, 30.87489], [-102.62966, 30.87523], [-102.6359, 30.87602], [-102.63811, 30.87631], [-102.63824, 30.87633], [-102.63896, 30.87642], [-102.64059, 30.87661], [-102.64451, 30.87711], [-102.64463, 30.87712], [-102.64493, 30.87716], [-102.64619, 30.87732], [-102.64661, 30.87737], [-102.64693, 30.87741], [-102.647, 30.87742], [-102.64816, 30.87756], [-102.64855, 30.8776], [-102.64867, 30.87762], [-102.64903, 30.87767], [-102.64916, 30.87768], [-102.65084, 30.87789], [-102.65587, 30.87854], [-102.65755, 30.87875], [-102.66092, 30.87917], [-102.66628, 30.87983], [-102.66716, 30.87996], [-102.6675, 30.88], [-102.66946, 30.88023], [-102.67063, 30.88038], [-102.67094, 30.88042], [-102.67103, 30.88043], [-102.67195, 30.88055], [-102.67441, 30.88085], [-102.67466, 30.88088], [-102.67543, 30.88097], [-102.67569, 30.881], [-102.67605, 30.88104], [-102.67669, 30.88109], [-102.67859, 30.88136], [-102.68014, 30.88162], [-102.68127, 30.88185], [-102.6823, 30.88209], [-102.68253, 30.88215], [-102.685, 30.88276], [-102.68589, 30.88297], [-102.68772, 30.88341], [-102.69374, 30.88484], [-102.69582, 30.88531], [-102.69735, 30.88569], [-102.69812, 30.88585], [-102.70055, 30.88643], [-102.70275, 30.88695], [-102.70279, 30.88695], [-102.70463, 30.8874], [-102.7055, 30.88759], [-102.70717, 30.88799], [-102.70818, 30.88821], [-102.70922, 30.88847], [-102.70955, 30.88855], [-102.70977, 30.88859], [-102.71013, 30.88867], [-102.71044, 30.88873], [-102.71052, 30.88875], [-102.71067, 30.88876], [-102.71082, 30.88879], [-102.71135, 30.88886], [-102.71177, 30.88891], [-102.71272, 30.88898], [-102.71326, 30.889], [-102.71465, 30.88905], [-102.71733, 30.88912], [-102.71755, 30.88913], [-102.71961, 30.88917], [-102.71985, 30.88918], [-102.72285, 30.88923], [-102.72884, 30.88938], [-102.73209, 30.88947], [-102.73307, 30.8895], [-102.73564, 30.88956], [-102.73822, 30.8896], [-102.73829, 30.8896], [-102.74077, 30.88966], [-102.74316, 30.8897], [-102.74512, 30.88976], [-102.75141, 30.88988], [-102.75419, 30.88994], [-102.75484, 30.88995], [-102.76203, 30.89014], [-102.77228, 30.89036], [-102.7831, 30.89059], [-102.78399, 30.89062], [-102.78415, 30.89062], [-102.78941, 30.89077], [-102.79097, 30.89081], [-102.79371, 30.89083], [-102.79472, 30.89086], [-102.79776, 30.89092], [-102.79877, 30.89095], [-102.79978, 30.89098], [-102.7999, 30.89098], [-102.80331, 30.89106], [-102.80445, 30.89109], [-102.80734, 30.89114], [-102.81106, 30.89123], [-102.81201, 30.89125], [-102.81412, 30.89129], [-102.82253, 30.89149], [-102.82407, 30.89153], [-102.83027, 30.89166], [-102.8305, 30.89167], [-102.83467, 30.89177], [-102.83539, 30.89178], [-102.83833, 30.89183], [-102.83979, 30.89187], [-102.84101, 30.89189], [-102.84158, 30.8919], [-102.84167, 30.8919], [-102.84179, 30.8919], [-102.84282, 30.89195], [-102.84388, 30.89207], [-102.84462, 30.89219], [-102.8454, 30.89239], [-102.84617, 30.89259], [-102.84703, 30.89293], [-102.84797, 30.89333], [-102.84824, 30.89347], [-102.84888, 30.89384], [-102.84978, 30.89431], [-102.85248, 30.89571], [-102.85307, 30.89601], [-102.85339, 30.89616], [-102.85349, 30.89621], [-102.85381, 30.89638], [-102.85392, 30.89643], [-102.85413, 30.89654], [-102.85459, 30.89677], [-102.85475, 30.89686], [-102.85496, 30.89697], [-102.85626, 30.89765], [-102.85677, 30.89791], [-102.85746, 30.89826], [-102.85759, 30.89833], [-102.85841, 30.89876], [-102.85942, 30.89927], [-102.86042, 30.89979], [-102.86099, 30.90008], [-102.86337, 30.90131], [-102.86497, 30.90213], [-102.86501, 30.90215], [-102.86561, 30.90246], [-102.8674, 30.90339], [-102.86747, 30.90343], [-102.86751, 30.90345], [-102.86763, 30.90351], [-102.86767, 30.90353], [-102.86775, 30.90357], [-102.868, 30.9037], [-102.86808, 30.90374], [-102.86815, 30.90377], [-102.86833, 30.90387], [-102.86834, 30.90387], [-102.8684, 30.9039], [-102.86847, 30.90393], [-102.8687, 30.90404], [-102.86878, 30.90408], [-102.8691, 30.90425], [-102.86931, 30.90436], [-102.87008, 30.90475], [-102.87041, 30.90491], [-102.87054, 30.90498], [-102.87095, 30.90518], [-102.87109, 30.90525], [-102.87126, 30.90537], [-102.87161, 30.90556], [-102.87178, 30.90565], [-102.87229, 30.90587], [-102.8729, 30.90611], [-102.87328, 30.90625], [-102.87356, 30.90635], [-102.87386, 30.90644], [-102.8741, 30.90651], [-102.87414, 30.90652], [-102.87466, 30.90664], [-102.87484, 30.90667], [-102.87509, 30.90672], [-102.87526, 30.90675], [-102.87562, 30.90681], [-102.87576, 30.90682], [-102.87593, 30.90685], [-102.87599, 30.90686], [-102.87696, 30.90693], [-102.87759, 30.90694], [-102.8779, 30.90695], [-102.87874, 30.90693], [-102.87887, 30.90692], [-102.87934, 30.90695], [-102.88255, 30.90696], [-102.88324, 30.90696], [-102.88421, 30.90694], [-102.88909, 30.90693], [-102.89057, 30.90694], [-102.89298, 30.90693], [-102.89411, 30.90694], [-102.89449, 30.90693], [-102.89507, 30.90691], [-102.89539, 30.90689], [-102.89598, 30.90683], [-102.89637, 30.90677], [-102.89718, 30.90663], [-102.89773, 30.90649], [-102.89778, 30.90648], [-102.89839, 30.90631], [-102.89881, 30.90617], [-102.8992, 30.90603], [-102.89997, 30.90571], [-102.90064, 30.90538], [-102.903, 30.90417], [-102.90352, 30.90391], [-102.90449, 30.90342], [-102.90741, 30.90196], [-102.90838, 30.90147], [-102.90857, 30.90138], [-102.90913, 30.9011], [-102.90932, 30.901], [-102.90946, 30.90093], [-102.90989, 30.90072], [-102.91003, 30.90066], [-102.91075, 30.9003], [-102.91293, 30.89923], [-102.91344, 30.89898], [-102.91365, 30.89886], [-102.91819, 30.89658], [-102.9185, 30.89642], [-102.9195, 30.89594], [-102.9203, 30.89553], [-102.9208, 30.89529], [-102.92142, 30.895], [-102.92169, 30.89489], [-102.92194, 30.89478], [-102.92203, 30.89475], [-102.92257, 30.89455], [-102.92268, 30.89452], [-102.92294, 30.89446], [-102.92308, 30.89442], [-102.9233, 30.89436], [-102.92388, 30.89422], [-102.92441, 30.8941], [-102.92453, 30.89408], [-102.92478, 30.89401], [-102.92513, 30.89396], [-102.92538, 30.89392], [-102.92548, 30.8939], [-102.92586, 30.89388], [-102.9264, 30.89387], [-102.9272, 30.89387], [-102.92781, 30.89387], [-102.92786, 30.89387], [-102.93131, 30.89396], [-102.93479, 30.89403], [-102.93502, 30.89404], [-102.9353, 30.89405], [-102.93819, 30.89416], [-102.9418, 30.89438], [-102.9451, 30.89455], [-102.94829, 30.89472], [-102.94924, 30.89477], [-102.95204, 30.89491], [-102.9534, 30.89499], [-102.95549, 30.89511], [-102.95772, 30.89522], [-102.95785, 30.89523], [-102.96061, 30.89538], [-102.96083, 30.89539], [-102.96105, 30.8954], [-102.96132, 30.89542], [-102.96323, 30.89552], [-102.96331, 30.89552], [-102.96447, 30.89557], [-102.96483, 30.89559], [-102.9652, 30.8956], [-102.96533, 30.89561], [-102.96572, 30.89562], [-102.96585, 30.89562], [-102.96726, 30.89572], [-102.96799, 30.89576], [-102.9715, 30.89596], [-102.97292, 30.89603], [-102.97313, 30.89605], [-102.97375, 30.89608], [-102.97396, 30.89608], [-102.97421, 30.8961], [-102.97495, 30.89614], [-102.9752, 30.89615], [-102.9757, 30.89618], [-102.97721, 30.89626], [-102.97772, 30.89629], [-102.98018, 30.89642], [-102.98148, 30.89649], [-102.98524, 30.89669], [-102.98726, 30.8968], [-102.98759, 30.89681], [-102.98928, 30.89691], [-102.98967, 30.89693], [-102.99006, 30.89695], [-102.99134, 30.89701], [-102.99519, 30.89722], [-102.99648, 30.89729], [-102.99836, 30.89739], [-102.99856, 30.8974], [-102.99999, 30.89747], [-103.00034, 30.89749], [-103.0024, 30.8976], [-103.01051, 30.89802], [-103.01402, 30.89821], [-103.01587, 30.8983], [-103.02113, 30.89858], [-103.02258, 30.89866], [-103.02407, 30.89874], [-103.02556, 30.89882], [-103.02754, 30.89893], [-103.0311, 30.89912], [-103.03339, 30.89924], [-103.03568, 30.89936], [-103.04246, 30.89971], [-103.04778, 30.89999], [-103.04957, 30.90008], [-103.04967, 30.90008], [-103.04997, 30.90009], [-103.05008, 30.9001], [-103.05093, 30.90015], [-103.05145, 30.90019], [-103.05267, 30.90022], [-103.05354, 30.90027], [-103.05421, 30.90031], [-103.05491, 30.90035], [-103.05538, 30.90039], [-103.05554, 30.9004], [-103.05607, 30.90042], [-103.05625, 30.90043], [-103.05675, 30.90046], [-103.05806, 30.90052], [-103.05824, 30.90053], [-103.05874, 30.90056], [-103.05898, 30.90057], [-103.05973, 30.90062], [-103.05998, 30.90063], [-103.06181, 30.90073], [-103.06355, 30.90084], [-103.06431, 30.90092], [-103.06516, 30.90101], [-103.06551, 30.90106], [-103.06646, 30.9012], [-103.06854, 30.90153], [-103.08198, 30.90353], [-103.08651, 30.90421], [-103.08747, 30.90435], [-103.08799, 30.90444], [-103.08924, 30.90464], [-103.08958, 30.9047], [-103.09011, 30.90477], [-103.09063, 30.90485], [-103.09221, 30.90508], [-103.09273, 30.90516], [-103.09292, 30.90519], [-103.09349, 30.90527], [-103.09368, 30.9053], [-103.09383, 30.90533], [-103.09428, 30.90541], [-103.09433, 30.90542], [-103.09443, 30.90544], [-103.09496, 30.90551], [-103.09655, 30.90575], [-103.09708, 30.90583], [-103.09734, 30.90587], [-103.09811, 30.90598], [-103.09836, 30.90602], [-103.09996, 30.90625], [-103.10552, 30.9071], [-103.11105, 30.90795], [-103.11998, 30.9093], [-103.12225, 30.90962], [-103.12266, 30.90968], [-103.123, 30.90974], [-103.12395, 30.9099], [-103.12468, 30.91002], [-103.12575, 30.91023], [-103.12628, 30.91038], [-103.12695, 30.91055], [-103.12743, 30.91067], [-103.13371, 30.91224], [-103.13397, 30.91231], [-103.13421, 30.91237], [-103.13491, 30.91254], [-103.13515, 30.91259], [-103.13529, 30.91263], [-103.13572, 30.91275], [-103.13586, 30.91278], [-103.13711, 30.91311], [-103.13841, 30.91342], [-103.13896, 30.91355], [-103.14057, 30.91393], [-103.14209, 30.91418], [-103.14324, 30.91437], [-103.14634, 30.91481], [-103.14756, 30.91502], [-103.16104, 30.91705], [-103.16386, 30.91747], [-103.16735, 30.918], [-103.16841, 30.91816], [-103.16947, 30.91832], [-103.17157, 30.91862], [-103.17263, 30.91878], [-103.17294, 30.91883], [-103.17387, 30.91897], [-103.17418, 30.91902], [-103.17467, 30.9191], [-103.17615, 30.91933], [-103.17623, 30.91934], [-103.17665, 30.91941], [-103.17679, 30.91943], [-103.17721, 30.91949], [-103.17735, 30.91951], [-103.17746, 30.91953], [-103.17781, 30.91958], [-103.17792, 30.91959], [-103.17833, 30.91965], [-103.17955, 30.91984], [-103.17996, 30.9199], [-103.18013, 30.91992], [-103.18063, 30.92], [-103.1808, 30.92003], [-103.18122, 30.92009], [-103.18159, 30.92014], [-103.1826, 30.92028], [-103.18365, 30.92037], [-103.18517, 30.92047], [-103.18587, 30.92052], [-103.18914, 30.92074], [-103.19178, 30.92089], [-103.19369, 30.92103], [-103.19476, 30.92108], [-103.19596, 30.92116], [-103.19725, 30.9213], [-103.19834, 30.92143], [-103.19854, 30.92146], [-103.19936, 30.92155], [-103.20006, 30.92166], [-103.20269, 30.92206], [-103.20603, 30.92256], [-103.2085, 30.92294], [-103.21605, 30.92407], [-103.21686, 30.92419], [-103.21939, 30.92456], [-103.22183, 30.92492], [-103.22913, 30.92603], [-103.22988, 30.92615], [-103.23157, 30.9264], [-103.23535, 30.92697], [-103.24671, 30.92867], [-103.25035, 30.92921], [-103.2505, 30.92924], [-103.25397, 30.92975], [-103.25629, 30.9301], [-103.2644, 30.9313], [-103.2658, 30.93151], [-103.26787, 30.93184], [-103.26802, 30.93186], [-103.26848, 30.93192], [-103.26864, 30.93193], [-103.2687, 30.93194], [-103.26891, 30.93197], [-103.26897, 30.93198], [-103.26912, 30.93201], [-103.26954, 30.93207], [-103.26969, 30.93209], [-103.26986, 30.93212], [-103.27038, 30.9322], [-103.27055, 30.93222], [-103.27063, 30.93223], [-103.27087, 30.93227], [-103.27096, 30.93229], [-103.27109, 30.93231], [-103.27151, 30.93237], [-103.27165, 30.93239], [-103.27362, 30.9327], [-103.2743, 30.93281], [-103.2753, 30.93293], [-103.27956, 30.93357], [-103.28154, 30.93387], [-103.28633, 30.93459], [-103.29748, 30.93627], [-103.30072, 30.93684], [-103.3039, 30.93735], [-103.30552, 30.93759], [-103.30588, 30.93764], [-103.30596, 30.93765], [-103.30728, 30.93787], [-103.30772, 30.93794], [-103.30844, 30.93805], [-103.31078, 30.9384], [-103.31155, 30.93852], [-103.31201, 30.93858], [-103.31339, 30.93879], [-103.31385, 30.93886], [-103.31406, 30.93889], [-103.31469, 30.93898], [-103.3149, 30.93902], [-103.31594, 30.93917], [-103.31609, 30.93919], [-103.31969, 30.93967], [-103.3201, 30.93973], [-103.32089, 30.93982], [-103.32118, 30.93986], [-103.32208, 30.93997], [-103.32238, 30.94], [-103.32387, 30.94022], [-103.32575, 30.94049], [-103.32834, 30.94088], [-103.32983, 30.9411], [-103.33048, 30.9412], [-103.33243, 30.94149], [-103.33308, 30.94159], [-103.33327, 30.94162], [-103.33981, 30.94258], [-103.34015, 30.94263], [-103.35098, 30.94424], [-103.36002, 30.94559], [-103.36208, 30.94589], [-103.36675, 30.94658], [-103.3675, 30.94669], [-103.36806, 30.94677], [-103.36977, 30.94703], [-103.37052, 30.94714], [-103.3707, 30.94717], [-103.37124, 30.94725], [-103.37142, 30.94728], [-103.37151, 30.94729], [-103.37176, 30.94733], [-103.37184, 30.94734], [-103.37195, 30.94735], [-103.37214, 30.94738], [-103.37229, 30.9474], [-103.37241, 30.94742], [-103.37413, 30.94772], [-103.37536, 30.9479], [-103.37608, 30.94799], [-103.38123, 30.94874], [-103.3956, 30.95086], [-103.39768, 30.95103], [-103.39999, 30.95122], [-103.40889, 30.95202]]}}, {"type": "Feature", "properties": {"name": "I- 10"}, "geometry": {"type": "LineString", "coordinates": [[-103.40857, 30.95235], [-103.40742, 30.95223], [-103.406, 30.95211], [-103.40469, 30.95202], [-103.40398, 30.95197], [-103.40207, 30.95176], [-103.40043, 30.95164], [-103.39946, 30.95157], [-103.39671, 30.95131], [-103.39312, 30.95089], [-103.37568, 30.94829], [-103.37519, 30.94823], [-103.37501, 30.9482], [-103.37495, 30.94819], [-103.37448, 30.94813], [-103.37172, 30.94769], [-103.37137, 30.94764], [-103.36699, 30.94695], [-103.36661, 30.94695], [-103.36201, 30.94626], [-103.34831, 30.94421], [-103.33557, 30.9423], [-103.3331, 30.94195], [-103.33308, 30.94195], [-103.3298, 30.94145], [-103.32817, 30.94121], [-103.32062, 30.94008], [-103.31212, 30.9388], [-103.30935, 30.93839], [-103.30564, 30.93783], [-103.30514, 30.93776], [-103.30274, 30.9374], [-103.29321, 30.93599], [-103.28123, 30.9342], [-103.275, 30.93326], [-103.2716, 30.93275], [-103.27048, 30.93258], [-103.26893, 30.93234], [-103.26864, 30.9323], [-103.26784, 30.93217], [-103.26675, 30.932], [-103.26518, 30.93178], [-103.2596, 30.93098], [-103.25034, 30.92957], [-103.24904, 30.92938], [-103.24748, 30.92913], [-103.24273, 30.92843], [-103.23417, 30.92714], [-103.2316, 30.92675], [-103.22668, 30.92602], [-103.2201, 30.92502], [-103.21685, 30.92455], [-103.20853, 30.92329], [-103.20457, 30.92269], [-103.20271, 30.92242], [-103.20031, 30.92206], [-103.1998, 30.92198], [-103.19923, 30.92191], [-103.19861, 30.92181], [-103.19737, 30.92166], [-103.19608, 30.92154], [-103.19464, 30.92147], [-103.19351, 30.92139], [-103.18498, 30.92086], [-103.18453, 30.92082], [-103.18407, 30.92078], [-103.18311, 30.9207], [-103.18042, 30.92038], [-103.17727, 30.91989], [-103.17415, 30.9194], [-103.17385, 30.91937], [-103.16726, 30.91838], [-103.16418, 30.91791], [-103.15191, 30.91607], [-103.14645, 30.91524], [-103.14205, 30.91458], [-103.14175, 30.91452], [-103.14082, 30.91436], [-103.13926, 30.91402], [-103.13856, 30.91387], [-103.13515, 30.91299], [-103.13327, 30.91253], [-103.12706, 30.91095], [-103.12612, 30.91072], [-103.12566, 30.91062], [-103.12537, 30.91056], [-103.12488, 30.91047], [-103.1242, 30.91033], [-103.12339, 30.9102], [-103.12299, 30.91013], [-103.09997, 30.90666], [-103.09855, 30.90647], [-103.0938, 30.90572], [-103.08918, 30.90501], [-103.088, 30.90486], [-103.08594, 30.90453], [-103.08196, 30.90394], [-103.0782, 30.90336], [-103.0757, 30.90299], [-103.07453, 30.90282], [-103.07207, 30.90244], [-103.07088, 30.90227], [-103.06955, 30.90206], [-103.06715, 30.90169], [-103.06604, 30.90153], [-103.06435, 30.90131], [-103.06402, 30.90128], [-103.06299, 30.90119], [-103.06194, 30.90112], [-103.06155, 30.9011], [-103.06095, 30.90107], [-103.05979, 30.90102], [-103.05968, 30.901], [-103.05837, 30.90092], [-103.05706, 30.90085], [-103.05649, 30.90083], [-103.05535, 30.90077], [-103.05122, 30.90055], [-103.0505, 30.90052], [-103.04791, 30.90039], [-103.03566, 30.89974], [-103.03107, 30.8995], [-103.02557, 30.8992], [-103.02248, 30.89904], [-103.0144, 30.89861], [-103.01399, 30.89859], [-103.00783, 30.89827], [-103.00217, 30.89798], [-103.00035, 30.89788], [-102.99844, 30.89778], [-102.9962, 30.89766], [-102.99606, 30.89765], [-102.99314, 30.89748], [-102.98886, 30.89725], [-102.98465, 30.89703], [-102.98406, 30.897], [-102.97719, 30.89667], [-102.97662, 30.89661], [-102.97392, 30.89647], [-102.96536, 30.89599], [-102.96474, 30.89598], [-102.96428, 30.89595], [-102.96089, 30.89578], [-102.96067, 30.89576], [-102.96036, 30.89575], [-102.9538, 30.89539], [-102.95029, 30.89521], [-102.94328, 30.89483], [-102.94205, 30.89477], [-102.93973, 30.89464], [-102.93597, 30.89443], [-102.93461, 30.8944], [-102.9331, 30.89437], [-102.92819, 30.89419], [-102.92781, 30.89418], [-102.92686, 30.89424], [-102.92668, 30.89423], [-102.92507, 30.89434], [-102.92408, 30.89447], [-102.92328, 30.89464], [-102.92264, 30.89482], [-102.92163, 30.89519], [-102.92025, 30.89582], [-102.91971, 30.8961], [-102.9187, 30.89664], [-102.91864, 30.89667], [-102.91841, 30.89679], [-102.91296, 30.89951], [-102.91257, 30.89974], [-102.91126, 30.90038], [-102.90967, 30.90121], [-102.90461, 30.90372], [-102.90236, 30.90485], [-102.90095, 30.90556], [-102.90002, 30.906], [-102.89963, 30.90618], [-102.89911, 30.90637], [-102.89871, 30.9065], [-102.89823, 30.90666], [-102.89765, 30.90681], [-102.89758, 30.90683], [-102.8971, 30.90693], [-102.89645, 30.90704], [-102.89575, 30.90713], [-102.89511, 30.90719], [-102.89457, 30.9072], [-102.89449, 30.9072], [-102.89373, 30.90721], [-102.8922, 30.9072], [-102.89051, 30.90721], [-102.88956, 30.90721], [-102.88421, 30.90722], [-102.87934, 30.90724], [-102.87816, 30.90724], [-102.87723, 30.90724], [-102.8769, 30.90722], [-102.87658, 30.9072], [-102.87596, 30.90714], [-102.8753, 30.90705], [-102.87492, 30.90698], [-102.87418, 30.90681], [-102.87352, 30.90663], [-102.87264, 30.90631], [-102.87213, 30.90611], [-102.87165, 30.90589], [-102.87052, 30.90532], [-102.87001, 30.90506], [-102.86867, 30.90438], [-102.86854, 30.90431], [-102.86817, 30.90412], [-102.86789, 30.90397], [-102.86754, 30.90379], [-102.86732, 30.90368], [-102.86604, 30.90301], [-102.86029, 30.90004], [-102.85836, 30.89905], [-102.85795, 30.89883], [-102.85626, 30.89796], [-102.85609, 30.89788], [-102.85483, 30.89724], [-102.85474, 30.89719], [-102.85442, 30.89702], [-102.85345, 30.89654], [-102.85311, 30.89638], [-102.85288, 30.89622], [-102.85029, 30.89489], [-102.84872, 30.89408], [-102.8484, 30.89391], [-102.84783, 30.89363], [-102.84723, 30.89335], [-102.84672, 30.89314], [-102.84588, 30.89286], [-102.84505, 30.89263], [-102.84419, 30.89246], [-102.84378, 30.89238], [-102.84332, 30.89232], [-102.84273, 30.89228], [-102.84256, 30.8923], [-102.84163, 30.89225], [-102.83943, 30.8922], [-102.83765, 30.89218], [-102.83624, 30.89214], [-102.83051, 30.89202], [-102.83022, 30.89201], [-102.81904, 30.89175], [-102.80598, 30.89147], [-102.80441, 30.89144], [-102.79876, 30.8913], [-102.79245, 30.89115], [-102.79224, 30.89116], [-102.78939, 30.8911], [-102.7874, 30.89106], [-102.78418, 30.89097], [-102.78124, 30.89091], [-102.77536, 30.89078], [-102.77275, 30.89073], [-102.76986, 30.89066], [-102.76672, 30.8906], [-102.75773, 30.89039], [-102.75502, 30.89033], [-102.74969, 30.8902], [-102.747, 30.89016], [-102.74519, 30.8901], [-102.74286, 30.89004], [-102.73864, 30.88994], [-102.73626, 30.88989], [-102.73333, 30.88983], [-102.73203, 30.88979], [-102.73056, 30.88975], [-102.72349, 30.88959], [-102.72097, 30.88954], [-102.71959, 30.8895], [-102.71822, 30.88946], [-102.71599, 30.88941], [-102.71516, 30.8894], [-102.71387, 30.88938], [-102.71292, 30.88934], [-102.71226, 30.8893], [-102.71135, 30.88922], [-102.71103, 30.88918], [-102.71031, 30.88907], [-102.70956, 30.88892], [-102.70952, 30.88891], [-102.70738, 30.88841], [-102.7049, 30.88781], [-102.70003, 30.88667], [-102.69748, 30.88608], [-102.6953, 30.88556], [-102.69372, 30.88518], [-102.69115, 30.88458], [-102.68856, 30.88397], [-102.68646, 30.88348], [-102.68143, 30.88227], [-102.68055, 30.88207], [-102.67857, 30.88168], [-102.67793, 30.88159], [-102.67727, 30.88148], [-102.6743, 30.88112], [-102.67342, 30.88102], [-102.67091, 30.8807], [-102.66715, 30.88021], [-102.66656, 30.88014], [-102.653, 30.87844], [-102.6488, 30.87791], [-102.6482, 30.87783], [-102.63893, 30.87672], [-102.63591, 30.87629], [-102.63337, 30.87597], [-102.63042, 30.87559], [-102.61805, 30.87405], [-102.61555, 30.87371], [-102.61444, 30.87346], [-102.6135, 30.87319], [-102.61249, 30.87289], [-102.61016, 30.87198], [-102.60409, 30.86963], [-102.59341, 30.86548], [-102.59334, 30.86544], [-102.58794, 30.86332], [-102.58778, 30.86326], [-102.58758, 30.86317], [-102.58683, 30.86288], [-102.58617, 30.86264], [-102.58543, 30.8624], [-102.5844, 30.86213], [-102.58322, 30.86187], [-102.58256, 30.86178], [-102.5824, 30.86177], [-102.58222, 30.86173], [-102.58175, 30.86167], [-102.58096, 30.86159], [-102.57914, 30.86155], [-102.5773, 30.86151], [-102.5753, 30.86146], [-102.5741, 30.86143], [-102.57095, 30.86136], [-102.56728, 30.86128], [-102.56539, 30.86124], [-102.56355, 30.8612], [-102.5609, 30.86115], [-102.55832, 30.86109], [-102.55482, 30.86101], [-102.5496, 30.86089], [-102.5489, 30.8609], [-102.54763, 30.86099], [-102.54562, 30.86121], [-102.54084, 30.86174], [-102.53535, 30.86234], [-102.53532, 30.86234], [-102.53418, 30.86247], [-102.52914, 30.86301], [-102.52451, 30.86351], [-102.52388, 30.86358], [-102.52132, 30.86385], [-102.51945, 30.86406], [-102.51596, 30.86444], [-102.5148, 30.86458], [-102.51466, 30.8646], [-102.51421, 30.86466], [-102.51277, 30.8649], [-102.51183, 30.86507], [-102.50354, 30.86654], [-102.50317, 30.8666], [-102.50033, 30.8671], [-102.49886, 30.86735], [-102.49614, 30.86786], [-102.4936, 30.86831], [-102.49113, 30.86873], [-102.49093, 30.86877], [-102.48844, 30.86922], [-102.48699, 30.86947], [-102.48588, 30.86968], [-102.48587, 30.86968], [-102.48338, 30.87011], [-102.48209, 30.87034], [-102.48151, 30.87045], [-102.48078, 30.87064], [-102.4793, 30.87109], [-102.47849, 30.87138], [-102.47581, 30.87255], [-102.47447, 30.87317], [-102.46997, 30.87516], [-102.46987, 30.87521], [-102.46963, 30.87532], [-102.46437, 30.87768], [-102.46424, 30.87771], [-102.46304, 30.87826], [-102.46067, 30.8793], [-102.45688, 30.88097], [-102.45674, 30.88104], [-102.45622, 30.8813], [-102.45456, 30.88203], [-102.45354, 30.88244], [-102.45224, 30.88287], [-102.45089, 30.88323], [-102.44569, 30.88402], [-102.4352, 30.88562], [-102.43135, 30.8862], [-102.42323, 30.88743], [-102.41687, 30.8884], [-102.41492, 30.8887], [-102.41167, 30.88919], [-102.40957, 30.8895], [-102.40926, 30.88954], [-102.40494, 30.89021], [-102.40437, 30.89029], [-102.4041, 30.89034], [-102.38281, 30.89353], [-102.38255, 30.89358], [-102.3822, 30.89363], [-102.38101, 30.8938], [-102.37924, 30.89399], [-102.37796, 30.89412], [-102.37647, 30.8943], [-102.37536, 30.89441], [-102.36959, 30.89502], [-102.36914, 30.89507], [-102.36421, 30.8956], [-102.3623, 30.8958], [-102.36079, 30.89594], [-102.36025, 30.89596], [-102.36009, 30.89597], [-102.3591, 30.89598], [-102.35804, 30.89594], [-102.34754, 30.89557], [-102.3451, 30.89545], [-102.34382, 30.89535], [-102.34251, 30.8952], [-102.34135, 30.89498], [-102.33056, 30.89265], [-102.3296, 30.89244], [-102.32841, 30.89215], [-102.32672, 30.89156], [-102.31561, 30.88745], [-102.31453, 30.88706], [-102.31206, 30.88612], [-102.31141, 30.88587], [-102.31048, 30.88556], [-102.30976, 30.8854], [-102.30905, 30.88526], [-102.30798, 30.88511], [-102.30742, 30.88512], [-102.30687, 30.88511], [-102.30562, 30.88507], [-102.30123, 30.88506], [-102.29493, 30.885], [-102.29428, 30.88501], [-102.29038, 30.88499], [-102.2891, 30.88505], [-102.28766, 30.88521], [-102.28594, 30.88553], [-102.28433, 30.88596], [-102.28281, 30.88652], [-102.27135, 30.89107], [-102.27031, 30.89145], [-102.27005, 30.89155], [-102.26935, 30.89174], [-102.26881, 30.89189], [-102.26771, 30.89214], [-102.26651, 30.89233], [-102.26639, 30.89234], [-102.26553, 30.89242], [-102.26538, 30.89243], [-102.26411, 30.89252], [-102.25034, 30.89287], [-102.2479, 30.89296], [-102.23607, 30.89328], [-102.2357, 30.89328], [-102.23532, 30.89327], [-102.23352, 30.89334], [-102.23036, 30.89343], [-102.22574, 30.89355], [-102.22468, 30.89358], [-102.22409, 30.89361], [-102.2226, 30.89364], [-102.22188, 30.89365], [-102.22126, 30.89364], [-102.22057, 30.89361], [-102.22008, 30.89357], [-102.21892, 30.8935], [-102.21575, 30.89328], [-102.21424, 30.89316], [-102.21096, 30.89292], [-102.20953, 30.8928], [-102.20774, 30.89268], [-102.20757, 30.89267], [-102.20612, 30.89255], [-102.20448, 30.89243], [-102.20387, 30.89239], [-102.20279, 30.89232], [-102.20113, 30.8922], [-102.19991, 30.89212], [-102.1963, 30.89184], [-102.19299, 30.89159], [-102.19147, 30.89146], [-102.19065, 30.89142], [-102.19037, 30.89142], [-102.18972, 30.89143], [-102.18936, 30.89144], [-102.18825, 30.89146], [-102.18708, 30.8915], [-102.18586, 30.89153], [-102.1844, 30.89157], [-102.18316, 30.8916], [-102.18141, 30.89165], [-102.18061, 30.89167], [-102.17934, 30.89172], [-102.17745, 30.89177], [-102.17582, 30.89182], [-102.17387, 30.89187], [-102.16696, 30.89212], [-102.16479, 30.8921], [-102.16299, 30.89193], [-102.1607, 30.89147], [-102.15739, 30.89037], [-102.15092, 30.88833], [-102.14429, 30.88616], [-102.14414, 30.88611], [-102.14345, 30.88589], [-102.14207, 30.88546], [-102.13792, 30.88408], [-102.13682, 30.88374], [-102.13405, 30.88284], [-102.1325, 30.88238], [-102.12837, 30.88123], [-102.12697, 30.88078], [-102.12598, 30.88046], [-102.1234, 30.87953], [-102.1221, 30.87903], [-102.1208, 30.87855], [-102.11941, 30.87806], [-102.11772, 30.8775], [-102.11691, 30.87724], [-102.11504, 30.87664], [-102.10823, 30.87443], [-102.10751, 30.87417], [-102.1046, 30.87321], [-102.103, 30.8727], [-102.09945, 30.87155], [-102.09874, 30.87133], [-102.09838, 30.87117], [-102.09654, 30.87058], [-102.0953, 30.87002], [-102.09426, 30.86947], [-102.09355, 30.86907], [-102.08895, 30.86636], [-102.08872, 30.86627], [-102.08804, 30.86589], [-102.08769, 30.86569], [-102.085, 30.86413], [-102.08454, 30.86386], [-102.08196, 30.86236], [-102.081, 30.86182], [-102.07947, 30.86093], [-102.07805, 30.86012], [-102.07698, 30.8595], [-102.07503, 30.85835], [-102.07446, 30.85802], [-102.07334, 30.85738], [-102.07102, 30.85603], [-102.06963, 30.85524], [-102.06723, 30.85383], [-102.06659, 30.85346], [-102.06514, 30.85263], [-102.06458, 30.8523], [-102.06379, 30.85183], [-102.06278, 30.85126], [-102.06244, 30.85106], [-102.05903, 30.84906], [-102.05797, 30.84847], [-102.05524, 30.84689], [-102.05312, 30.84569], [-102.05194, 30.84514], [-102.05074, 30.84463], [-102.04689, 30.84292], [-102.04667, 30.84283], [-102.04331, 30.84136], [-102.03944, 30.83966], [-102.03809, 30.83904], [-102.03539, 30.83788], [-102.03325, 30.83692], [-102.03236, 30.83654], [-102.03201, 30.83638], [-102.03002, 30.8355], [-102.02506, 30.83335], [-102.02453, 30.83311], [-102.02254, 30.83221], [-102.01542, 30.82909], [-102.01411, 30.82849], [-102.0114, 30.82732], [-102.00997, 30.82665], [-102.00932, 30.8263], [-102.0089, 30.82605], [-102.00825, 30.82562], [-102.00768, 30.82519], [-102.0073, 30.82488], [-102.00701, 30.82464], [-102.00673, 30.8244], [-102.00642, 30.82408], [-102.00635, 30.824], [-102.00575, 30.82339], [-102.00542, 30.82296], [-102.00517, 30.82265], [-102.00391, 30.82078], [-102.00336, 30.81992], [-102.00332, 30.81986], [-102.00273, 30.81882], [-102.00219, 30.81795], [-102.00092, 30.81611], [-102.00025, 30.81526], [-101.99974, 30.81468], [-101.99945, 30.81437], [-101.99938, 30.8143], [-101.99881, 30.81375], [-101.9983, 30.81333], [-101.99787, 30.813], [-101.99723, 30.81256], [-101.99638, 30.81204], [-101.99565, 30.81165], [-101.99546, 30.81155], [-101.99401, 30.81083], [-101.99344, 30.81052], [-101.99278, 30.81017], [-101.99084, 30.80917], [-101.98941, 30.80845], [-101.9894, 30.80844], [-101.98889, 30.80818], [-101.98695, 30.80717], [-101.98689, 30.80713], [-101.98557, 30.80649], [-101.98459, 30.80596], [-101.98274, 30.80498], [-101.98242, 30.80482], [-101.98074, 30.80398], [-101.9796, 30.80337], [-101.9787, 30.80289], [-101.97643, 30.80175], [-101.97631, 30.80169], [-101.97606, 30.80156], [-101.97432, 30.80063], [-101.97092, 30.79894], [-101.96905, 30.79792], [-101.9683, 30.79742], [-101.96807, 30.79726], [-101.9679, 30.79713], [-101.96713, 30.79651], [-101.96639, 30.7958], [-101.96622, 30.7956], [-101.96577, 30.79511], [-101.96535, 30.7946], [-101.96486, 30.79383], [-101.96458, 30.79345], [-101.96451, 30.79334], [-101.9643, 30.79301], [-101.96366, 30.792], [-101.96251, 30.79012], [-101.96124, 30.78806], [-101.96034, 30.78658], [-101.95923, 30.7847], [-101.95909, 30.78448], [-101.95856, 30.78359], [-101.95792, 30.78253], [-101.9557, 30.77886], [-101.95516, 30.77799], [-101.95493, 30.77764], [-101.95443, 30.77694], [-101.9538, 30.77622], [-101.95309, 30.77552], [-101.95275, 30.77525], [-101.95235, 30.77493], [-101.95216, 30.77479], [-101.95176, 30.77448], [-101.9508, 30.77385], [-101.9464, 30.77125], [-101.94292, 30.76921], [-101.94098, 30.76803], [-101.93983, 30.76735], [-101.9398, 30.76734], [-101.93871, 30.76675], [-101.93791, 30.76637], [-101.93655, 30.7658], [-101.93626, 30.76568], [-101.9351, 30.7652], [-101.93426, 30.76485], [-101.93082, 30.76341], [-101.92925, 30.76276], [-101.92861, 30.7625], [-101.92835, 30.76238], [-101.92744, 30.76201], [-101.92675, 30.76172], [-101.9267, 30.7617], [-101.92606, 30.76143], [-101.92245, 30.75992], [-101.92114, 30.75939], [-101.92045, 30.75911], [-101.91986, 30.75886], [-101.91734, 30.75783], [-101.91383, 30.75634], [-101.91068, 30.75503], [-101.90677, 30.75342], [-101.90321, 30.75187], [-101.90183, 30.75138], [-101.89908, 30.75022], [-101.8949, 30.74847], [-101.8945, 30.7483], [-101.89376, 30.74802], [-101.89315, 30.74782], [-101.89267, 30.74768], [-101.89216, 30.74754], [-101.89123, 30.74732], [-101.88975, 30.74706], [-101.88816, 30.74683], [-101.88791, 30.74679], [-101.88766, 30.74675], [-101.88524, 30.74637], [-101.8849, 30.74633], [-101.88446, 30.74624], [-101.88332, 30.74607], [-101.88187, 30.74586], [-101.88063, 30.7457], [-101.8804, 30.74567], [-101.87756, 30.74522], [-101.87605, 30.74499], [-101.87557, 30.74493], [-101.8753, 30.74489], [-101.87345, 30.74458], [-101.87331, 30.74456], [-101.87063, 30.74415], [-101.86633, 30.74349], [-101.86544, 30.74336], [-101.86433, 30.74319], [-101.86302, 30.74301], [-101.86123, 30.74273], [-101.85819, 30.74228], [-101.85656, 30.74201], [-101.85541, 30.74184], [-101.85397, 30.74163], [-101.84709, 30.74056], [-101.8451, 30.74032], [-101.84437, 30.74016], [-101.84392, 30.74008], [-101.84322, 30.73989], [-101.84209, 30.73956], [-101.84101, 30.73913], [-101.84029, 30.73882], [-101.83961, 30.73845], [-101.83889, 30.73802], [-101.83804, 30.73746], [-101.83719, 30.73677], [-101.83575, 30.73558], [-101.8353, 30.73527], [-101.82842, 30.72973], [-101.82529, 30.72722], [-101.82075, 30.72356], [-101.81872, 30.72196], [-101.81729, 30.72098], [-101.81569, 30.71996], [-101.81401, 30.71917], [-101.81244, 30.71863], [-101.81164, 30.71843], [-101.8095, 30.71781]]}}, {"type": "Feature", "properties": {"name": "I- 10"}, "geometry": {"type": "LineString", "coordinates": [[-103.40857, 30.95235], [-103.4086, 30.95235], [-103.4117, 30.95263], [-103.41655, 30.95305], [-103.42144, 30.95349], [-103.45064, 30.95609], [-103.45417, 30.95641], [-103.45471, 30.95647], [-103.4552, 30.95653], [-103.45573, 30.95663], [-103.45616, 30.95674], [-103.46018, 30.958], [-103.46086, 30.95821], [-103.46289, 30.95885], [-103.46357, 30.95906], [-103.46432, 30.95929], [-103.46578, 30.95975], [-103.46658, 30.95999], [-103.46733, 30.96023], [-103.47146, 30.96151], [-103.48384, 30.96536], [-103.48796, 30.96664], [-103.4886, 30.96684], [-103.49051, 30.96743], [-103.49114, 30.96763], [-103.49195, 30.96789], [-103.49302, 30.96822], [-103.49381, 30.96846], [-103.49469, 30.96874], [-103.49504, 30.96885], [-103.49559, 30.969], [-103.49576, 30.96903], [-103.49611, 30.96908], [-103.49627, 30.96911], [-103.49644, 30.96914], [-103.497, 30.96924], [-103.4974, 30.96931], [-103.49865, 30.96952], [-103.4992, 30.96961], [-103.49926, 30.96962], [-103.49942, 30.96965], [-103.49947, 30.96966], [-103.50037, 30.96983], [-103.50739, 30.97099], [-103.51687, 30.97259], [-103.52135, 30.97335], [-103.52612, 30.97416], [-103.52681, 30.97428], [-103.52745, 30.97437], [-103.5283, 30.97449], [-103.5289, 30.97456], [-103.52978, 30.9746], [-103.53078, 30.97465], [-103.54506, 30.97509], [-103.55761, 30.97546], [-103.55854, 30.97548], [-103.55974, 30.97552], [-103.56069, 30.97554], [-103.56163, 30.97558], [-103.56258, 30.97565], [-103.56357, 30.97576], [-103.56458, 30.97592], [-103.56951, 30.97684], [-103.57331, 30.97755], [-103.58652, 30.97998], [-103.58685, 30.98005], [-103.58952, 30.98054], [-103.59752, 30.98204], [-103.59877, 30.98227], [-103.60019, 30.98253], [-103.6047, 30.98336], [-103.60745, 30.98387], [-103.61129, 30.98459], [-103.61315, 30.9849], [-103.61604, 30.98534], [-103.6175, 30.98557], [-103.61826, 30.98571], [-103.62277, 30.98655], [-103.62919, 30.98775], [-103.62937, 30.98778], [-103.64409, 30.9905], [-103.64786, 30.99122], [-103.64848, 30.99133], [-103.65306, 30.99218], [-103.65492, 30.99252], [-103.6563, 30.99278], [-103.66045, 30.99355], [-103.66183, 30.9938], [-103.66241, 30.99391], [-103.66414, 30.99423], [-103.66472, 30.99434], [-103.66514, 30.99442], [-103.6664, 30.99465], [-103.66682, 30.99473], [-103.66974, 30.99528], [-103.67832, 30.99689], [-103.67849, 30.99692], [-103.68141, 30.99747], [-103.68245, 30.99767], [-103.68555, 30.99825], [-103.68658, 30.99845], [-103.68833, 30.99877], [-103.69154, 30.99938], [-103.69355, 30.99976], [-103.69529, 31.00009], [-103.69584, 31.0002], [-103.69754, 31.00049], [-103.69811, 31.00058], [-103.69898, 31.00072], [-103.69907, 31.00074], [-103.70195, 31.00131], [-103.70238, 31.00139], [-103.70292, 31.00149], [-103.70295, 31.00149], [-103.70304, 31.00151], [-103.70308, 31.00151], [-103.70411, 31.00171], [-103.70514, 31.0019], [-103.70607, 31.00207], [-103.70687, 31.0022], [-103.70722, 31.00227], [-103.70734, 31.0023], [-103.70825, 31.00249], [-103.71107, 31.00298], [-103.71126, 31.003], [-103.71156, 31.00306], [-103.71459, 31.00363], [-103.71627, 31.00394], [-103.71891, 31.00439], [-103.72038, 31.00463], [-103.72149, 31.00482], [-103.72445, 31.00533], [-103.7248, 31.00539], [-103.72487, 31.00541], [-103.72508, 31.00545], [-103.72515, 31.00546], [-103.72836, 31.00605], [-103.73425, 31.00713], [-103.73797, 31.00781], [-103.74117, 31.00839], [-103.742, 31.00853], [-103.74313, 31.00872], [-103.74452, 31.00884], [-103.74536, 31.00892], [-103.74611, 31.00898], [-103.74799, 31.00914], [-103.74838, 31.00917], [-103.74914, 31.00924], [-103.74966, 31.00928], [-103.75028, 31.00934], [-103.75122, 31.00942], [-103.75174, 31.00946], [-103.752, 31.00948], [-103.7528, 31.00955], [-103.75307, 31.00957], [-103.7533, 31.00958], [-103.75347, 31.00959], [-103.75399, 31.00964], [-103.75423, 31.00966], [-103.75518, 31.00974], [-103.75676, 31.00988], [-103.75806, 31.00998], [-103.75846, 31.01001], [-103.75902, 31.01008], [-103.75919, 31.01009], [-103.7597, 31.01013], [-103.75987, 31.01014], [-103.76522, 31.01057], [-103.77299, 31.01118], [-103.77617, 31.01144], [-103.78005, 31.01177], [-103.78258, 31.01199], [-103.78539, 31.0122], [-103.78885, 31.01248], [-103.78996, 31.01253], [-103.79068, 31.01256], [-103.79146, 31.01255], [-103.7921, 31.01251], [-103.7932, 31.01241], [-103.79357, 31.01237], [-103.79568, 31.01215], [-103.7969, 31.012], [-103.79729, 31.01195], [-103.79884, 31.01176], [-103.81811, 31.0096], [-103.81826, 31.00958], [-103.82255, 31.00912], [-103.82294, 31.00908], [-103.82552, 31.00878], [-103.83443, 31.00776], [-103.8374, 31.00742], [-103.84304, 31.00678], [-103.84369, 31.00671], [-103.84482, 31.00659], [-103.84553, 31.00653], [-103.84612, 31.00651], [-103.84675, 31.00651], [-103.84739, 31.00655], [-103.84798, 31.00661], [-103.84923, 31.00679], [-103.8498, 31.00692], [-103.85096, 31.00727], [-103.85118, 31.00736], [-103.85213, 31.00776], [-103.85251, 31.00794], [-103.85326, 31.00828], [-103.8549, 31.00901], [-103.85917, 31.01093], [-103.86278, 31.01254], [-103.86355, 31.01289], [-103.86434, 31.01325], [-103.87135, 31.0164], [-103.87423, 31.01769], [-103.87511, 31.01809], [-103.87572, 31.01836], [-103.88087, 31.02066], [-103.88181, 31.02108], [-103.88682, 31.02333], [-103.88872, 31.02419], [-103.89238, 31.02582], [-103.89537, 31.02716], [-103.89648, 31.02766], [-103.89842, 31.02854], [-103.89938, 31.02897], [-103.90526, 31.0316], [-103.92074, 31.03853], [-103.92202, 31.03912], [-103.92289, 31.03953], [-103.92347, 31.03979], [-103.92534, 31.04061], [-103.92556, 31.04073], [-103.92842, 31.04199], [-103.92877, 31.04216], [-103.9299, 31.04269], [-103.93081, 31.04309], [-103.93265, 31.04389], [-103.93335, 31.04423], [-103.93339, 31.04425], [-103.93412, 31.04454], [-103.9347, 31.04475], [-103.93557, 31.04503], [-103.93675, 31.04534], [-103.93758, 31.04552], [-103.93832, 31.04567], [-103.93918, 31.0458], [-103.93995, 31.04587], [-103.9407, 31.04593], [-103.94259, 31.04602], [-103.94325, 31.04606], [-103.94837, 31.04636], [-103.94972, 31.04643], [-103.95343, 31.04663], [-103.95649, 31.0468], [-103.96018, 31.047], [-103.9629, 31.04715], [-103.96398, 31.04722], [-103.96511, 31.04727], [-103.96565, 31.04731], [-103.96625, 31.04734], [-103.96747, 31.04751], [-103.96807, 31.04761], [-103.96858, 31.04772], [-103.96868, 31.04774], [-103.96877, 31.04776], [-103.96904, 31.04783], [-103.96914, 31.04785], [-103.96961, 31.04797], [-103.96982, 31.04802], [-103.97071, 31.0483], [-103.97101, 31.04841], [-103.97147, 31.04857], [-103.97149, 31.04858], [-103.97183, 31.04871], [-103.97215, 31.04883], [-103.9729, 31.04916], [-103.97292, 31.04917], [-103.97325, 31.04934], [-103.97354, 31.04948], [-103.97373, 31.04958], [-103.97397, 31.0497], [-103.97455, 31.05005], [-103.97514, 31.0504], [-103.97521, 31.05045], [-103.97558, 31.05072], [-103.97582, 31.05089], [-103.97598, 31.05101], [-103.97652, 31.05145], [-103.97675, 31.05164], [-103.97739, 31.05218], [-103.97824, 31.05298], [-103.97844, 31.05319], [-103.97901, 31.0538], [-103.98092, 31.05576], [-103.98174, 31.05662], [-103.98295, 31.05782], [-103.98325, 31.05814], [-103.98339, 31.05829], [-103.98449, 31.05941], [-103.98487, 31.05977], [-103.98532, 31.06021], [-103.98566, 31.06058], [-103.98615, 31.0611], [-103.98704, 31.06192], [-103.98785, 31.06264], [-103.98814, 31.0629], [-103.98869, 31.06338], [-103.989, 31.06365], [-103.99044, 31.06488], [-103.99143, 31.06574], [-103.99267, 31.06679], [-103.99342, 31.06744], [-103.99365, 31.06764], [-103.99371, 31.0677], [-103.99398, 31.06794], [-103.99433, 31.06823], [-103.99474, 31.06856], [-103.99552, 31.06915], [-103.9967, 31.06991], [-103.99738, 31.07031], [-103.99751, 31.07038], [-103.99874, 31.07096], [-104.00045, 31.07174], [-104.00402, 31.0734], [-104.00743, 31.07492], [-104.0089, 31.07554], [-104.01036, 31.076], [-104.01348, 31.07678], [-104.0175, 31.07771], [-104.01959, 31.0783], [-104.0203, 31.0785], [-104.02092, 31.07868], [-104.02119, 31.07879], [-104.02248, 31.07929], [-104.02355, 31.07977], [-104.02378, 31.0799], [-104.02461, 31.08035], [-104.02466, 31.08038], [-104.02479, 31.08046], [-104.02537, 31.0808], [-104.02556, 31.08091], [-104.02692, 31.08171], [-104.031, 31.08411], [-104.03235, 31.08491], [-104.0327, 31.08511], [-104.03373, 31.08569], [-104.03408, 31.08588], [-104.03445, 31.08607], [-104.03518, 31.08642], [-104.03561, 31.08659], [-104.036, 31.08676], [-104.03622, 31.08685], [-104.03635, 31.0869], [-104.03691, 31.08711], [-104.03714, 31.08719], [-104.03729, 31.08723], [-104.03774, 31.08736], [-104.03789, 31.08741], [-104.03878, 31.08765], [-104.03888, 31.08767], [-104.04188, 31.08821], [-104.04289, 31.08839], [-104.04299, 31.08841], [-104.04331, 31.08847], [-104.04341, 31.08849], [-104.04406, 31.0886], [-104.046, 31.08894], [-104.04664, 31.08906], [-104.04712, 31.08914], [-104.04855, 31.08939], [-104.04903, 31.08948], [-104.04973, 31.0896], [-104.05181, 31.08996], [-104.0525, 31.09008], [-104.05255, 31.09009], [-104.05312, 31.09018], [-104.05412, 31.09035], [-104.05482, 31.09036], [-104.05539, 31.09037], [-104.05563, 31.09037], [-104.05641, 31.09029], [-104.05653, 31.09028], [-104.05746, 31.0901], [-104.05839, 31.08983], [-104.05921, 31.08951], [-104.05937, 31.08943], [-104.06031, 31.089], [-104.06074, 31.08876], [-104.06202, 31.08805], [-104.06245, 31.08781], [-104.06396, 31.08699], [-104.06504, 31.08641], [-104.06627, 31.08574], [-104.06783, 31.08495], [-104.06855, 31.08464], [-104.06926, 31.08433], [-104.07014, 31.08401]]}}, {"type": "Feature", "properties": {"name": "I- 10"}, "geometry": {"type": "LineString", "coordinates": [[-99.52279, 30.28859], [-99.52297, 30.28869], [-99.52393, 30.28917], [-99.52489, 30.28964], [-99.52536, 30.28987], [-99.52539, 30.28988], [-99.5267, 30.29055], [-99.52677, 30.29058], [-99.52725, 30.29082], [-99.5274, 30.29089], [-99.52786, 30.29112], [-99.52801, 30.29119], [-99.52817, 30.29127], [-99.52866, 30.29152], [-99.52882, 30.2916], [-99.52931, 30.29184], [-99.53077, 30.29258], [-99.53126, 30.29282], [-99.53224, 30.29331], [-99.5339, 30.29413], [-99.53519, 30.29476], [-99.53618, 30.29525], [-99.5366, 30.29546], [-99.53746, 30.29588], [-99.53929, 30.2968], [-99.54094, 30.29765], [-99.54129, 30.29784], [-99.54256, 30.29851], [-99.54278, 30.29863], [-99.54342, 30.29905], [-99.54364, 30.29919], [-99.54366, 30.2992], [-99.54384, 30.29931], [-99.54444, 30.29966], [-99.54464, 30.29978], [-99.54522, 30.30018], [-99.54538, 30.30029], [-99.54657, 30.30112], [-99.54759, 30.30184], [-99.54794, 30.30208], [-99.5481, 30.30219], [-99.54833, 30.30235], [-99.5484, 30.3024], [-99.54862, 30.30255], [-99.54869, 30.3026], [-99.55186, 30.30484], [-99.55312, 30.30575], [-99.55317, 30.30578], [-99.55446, 30.3067], [-99.55576, 30.30761], [-99.55709, 30.30855], [-99.55839, 30.30945], [-99.55971, 30.31038], [-99.56103, 30.31131], [-99.56276, 30.31255], [-99.56451, 30.31378], [-99.56626, 30.31503], [-99.56669, 30.31536], [-99.56713, 30.31568], [-99.56807, 30.31653], [-99.56852, 30.31699], [-99.56898, 30.31745], [-99.56933, 30.31787], [-99.56969, 30.31828], [-99.56991, 30.31859], [-99.57014, 30.3189], [-99.57223, 30.32194], [-99.57258, 30.32243], [-99.57259, 30.32245], [-99.57263, 30.3225], [-99.57264, 30.32252], [-99.57466, 30.3255], [-99.5759, 30.32732], [-99.57603, 30.3275], [-99.57838, 30.33089], [-99.58081, 30.33452], [-99.58143, 30.3354], [-99.58267, 30.33722], [-99.58327, 30.33809], [-99.5839, 30.339], [-99.58578, 30.34175], [-99.58624, 30.34245], [-99.5864, 30.34268], [-99.58765, 30.3445], [-99.58828, 30.34538], [-99.58894, 30.34627], [-99.58964, 30.34718], [-99.58977, 30.34735], [-99.58989, 30.34751], [-99.59, 30.34766], [-99.59027, 30.34801], [-99.59039, 30.34817], [-99.59053, 30.34839], [-99.59091, 30.34893], [-99.59098, 30.34904], [-99.59112, 30.34926], [-99.59128, 30.3495], [-99.59146, 30.34976], [-99.5917, 30.35009], [-99.59204, 30.35068], [-99.59236, 30.35127], [-99.5924, 30.35134], [-99.59258, 30.35165], [-99.5927, 30.35187], [-99.59283, 30.35213], [-99.59296, 30.35237], [-99.59341, 30.35328], [-99.59371, 30.35389], [-99.59387, 30.35422], [-99.59395, 30.3544], [-99.59417, 30.35487], [-99.59431, 30.35519], [-99.59476, 30.35611], [-99.59483, 30.35629], [-99.59489, 30.35644], [-99.59506, 30.35676], [-99.59534, 30.35738], [-99.59547, 30.35765], [-99.59608, 30.35895], [-99.59614, 30.35908], [-99.59699, 30.36087], [-99.59743, 30.36179], [-99.59771, 30.36239], [-99.59802, 30.363], [-99.59839, 30.36368], [-99.59943, 30.36539], [-99.59975, 30.36585], [-99.60122, 30.36794], [-99.60125, 30.36798], [-99.6019, 30.36884], [-99.60254, 30.36974], [-99.60261, 30.36984], [-99.60318, 30.37065], [-99.60383, 30.37154], [-99.60447, 30.37245], [-99.60611, 30.37472], [-99.60673, 30.37558], [-99.60706, 30.37602], [-99.60782, 30.37711], [-99.60795, 30.3773], [-99.60809, 30.3775], [-99.60849, 30.37806], [-99.60899, 30.37873], [-99.60949, 30.37944], [-99.61016, 30.38036], [-99.6108, 30.3813], [-99.61158, 30.38235], [-99.61232, 30.3834], [-99.6131, 30.38448], [-99.61386, 30.38554], [-99.61449, 30.3864], [-99.61515, 30.38727], [-99.61594, 30.38821], [-99.61628, 30.38858], [-99.61661, 30.38896], [-99.61708, 30.38944], [-99.61797, 30.39033], [-99.61883, 30.39122], [-99.61918, 30.39156], [-99.61933, 30.39172], [-99.6195, 30.39192], [-99.61984, 30.39219], [-99.62474, 30.397], [-99.62476, 30.39702], [-99.62503, 30.39721], [-99.62519, 30.39732], [-99.62535, 30.39744], [-99.62628, 30.39792], [-99.62705, 30.39825], [-99.62763, 30.39842], [-99.62819, 30.39857], [-99.62878, 30.39868], [-99.62939, 30.39878], [-99.63201, 30.39907], [-99.63458, 30.39938], [-99.63717, 30.39967], [-99.63889, 30.39991], [-99.64064, 30.40021], [-99.64187, 30.40047], [-99.64356, 30.40089], [-99.64481, 30.40123], [-99.64602, 30.40158], [-99.64815, 30.40215], [-99.65029, 30.40275], [-99.65291, 30.40349], [-99.6536, 30.40368], [-99.65375, 30.40372], [-99.6542, 30.40385], [-99.65435, 30.40389], [-99.65553, 30.40421], [-99.65659, 30.40453], [-99.65749, 30.40485], [-99.65767, 30.40491], [-99.65812, 30.40512], [-99.65857, 30.40533], [-99.65922, 30.40569], [-99.65955, 30.4059], [-99.65992, 30.40613], [-99.66057, 30.4066], [-99.66099, 30.40695], [-99.66143, 30.40736], [-99.66238, 30.40835], [-99.66456, 30.41071], [-99.66495, 30.41111], [-99.66585, 30.41208], [-99.66707, 30.41336], [-99.66721, 30.4135], [-99.6675, 30.41381], [-99.66828, 30.41463], [-99.66839, 30.41475], [-99.66868, 30.41506], [-99.66884, 30.41524], [-99.66892, 30.41532], [-99.66932, 30.41577], [-99.66948, 30.41595], [-99.66981, 30.41635], [-99.66987, 30.41643], [-99.6709, 30.41749], [-99.67111, 30.41771], [-99.67126, 30.41787], [-99.67139, 30.41801], [-99.67178, 30.41842], [-99.67192, 30.41857], [-99.67199, 30.41865], [-99.67213, 30.41881], [-99.67223, 30.41891], [-99.67231, 30.419], [-99.67266, 30.41935], [-99.6732, 30.4199], [-99.67368, 30.42043], [-99.67401, 30.4208], [-99.67417, 30.42097], [-99.67422, 30.42102], [-99.67468, 30.42143], [-99.67485, 30.42158], [-99.67515, 30.42184], [-99.67596, 30.42245], [-99.676, 30.42248], [-99.67654, 30.42285], [-99.67738, 30.42332], [-99.67782, 30.42355], [-99.67827, 30.42374], [-99.67864, 30.42392], [-99.67903, 30.42411], [-99.67988, 30.4245], [-99.68043, 30.42477], [-99.68121, 30.42512], [-99.68186, 30.42541], [-99.68269, 30.42579], [-99.68318, 30.426], [-99.68531, 30.42691], [-99.68627, 30.42723], [-99.68703, 30.42746], [-99.68726, 30.42753], [-99.6883, 30.42785], [-99.68865, 30.42797], [-99.68881, 30.42801], [-99.68995, 30.42833], [-99.69128, 30.42873], [-99.69166, 30.42886], [-99.69176, 30.42888], [-99.69201, 30.42896], [-99.69401, 30.42955], [-99.69598, 30.43011], [-99.70052, 30.43148], [-99.70058, 30.4315], [-99.70203, 30.43194], [-99.70352, 30.43238], [-99.70401, 30.43254], [-99.70419, 30.4326], [-99.70485, 30.4328], [-99.70542, 30.433], [-99.70594, 30.43319], [-99.70631, 30.43336], [-99.70658, 30.43348], [-99.7071, 30.43372], [-99.70734, 30.43383], [-99.70773, 30.43401], [-99.70823, 30.43428], [-99.70927, 30.43492], [-99.71044, 30.43573], [-99.71099, 30.43618], [-99.71119, 30.43637], [-99.71144, 30.43661], [-99.71199, 30.43709], [-99.71231, 30.43743], [-99.71244, 30.43756], [-99.713, 30.43818], [-99.7135, 30.4388], [-99.71383, 30.43926], [-99.71403, 30.43954], [-99.71422, 30.4398], [-99.71425, 30.43984], [-99.71473, 30.44056], [-99.71475, 30.4406], [-99.71492, 30.44087], [-99.7153, 30.44145], [-99.71575, 30.44211], [-99.7163, 30.44292], [-99.71646, 30.44316], [-99.71685, 30.44372], [-99.71697, 30.44391], [-99.71749, 30.44471], [-99.71828, 30.4459], [-99.71901, 30.44693], [-99.71948, 30.44762], [-99.71974, 30.448], [-99.72013, 30.44859], [-99.7203, 30.44886], [-99.72045, 30.44908], [-99.72083, 30.44964], [-99.72101, 30.4499], [-99.72168, 30.45089], [-99.72182, 30.45111], [-99.72251, 30.45217], [-99.72297, 30.45284], [-99.72322, 30.45322], [-99.72366, 30.45388], [-99.72433, 30.45487], [-99.72458, 30.45525], [-99.72481, 30.45558], [-99.72534, 30.45637], [-99.72625, 30.45772], [-99.72673, 30.45843], [-99.72702, 30.45887], [-99.72752, 30.45962], [-99.72791, 30.46019], [-99.72821, 30.46063], [-99.72842, 30.46094], [-99.72898, 30.46176], [-99.72907, 30.46187], [-99.72912, 30.46195], [-99.72929, 30.46218], [-99.72951, 30.46252], [-99.72984, 30.46305], [-99.73017, 30.46355], [-99.73039, 30.46389], [-99.73059, 30.4642], [-99.73254, 30.46708], [-99.73325, 30.46814], [-99.7343, 30.46972], [-99.73467, 30.47025], [-99.735, 30.47081], [-99.73529, 30.47137], [-99.73558, 30.4719], [-99.73563, 30.47201], [-99.73585, 30.47257], [-99.73607, 30.47319], [-99.73628, 30.47384], [-99.73653, 30.47474], [-99.73683, 30.47648], [-99.73689, 30.47692], [-99.73695, 30.47737], [-99.73699, 30.47761], [-99.73704, 30.47789], [-99.73716, 30.47882], [-99.73731, 30.47973], [-99.73742, 30.48021], [-99.73756, 30.48072], [-99.73781, 30.48155], [-99.73801, 30.48208], [-99.73819, 30.4825], [-99.73823, 30.48259], [-99.7384, 30.48294], [-99.73855, 30.48323], [-99.73903, 30.48423], [-99.7395, 30.48526], [-99.7397, 30.48563], [-99.73991, 30.48598], [-99.74018, 30.48638], [-99.74043, 30.48672], [-99.74066, 30.48698], [-99.74069, 30.48701], [-99.74099, 30.48734], [-99.74129, 30.48766], [-99.74143, 30.48779], [-99.74156, 30.48792], [-99.74184, 30.48815], [-99.74244, 30.48861], [-99.74287, 30.4889], [-99.74329, 30.48916], [-99.74415, 30.48963], [-99.74421, 30.48967], [-99.74468, 30.48991], [-99.74522, 30.49018], [-99.74571, 30.49045], [-99.74719, 30.49125], [-99.74738, 30.49136], [-99.74769, 30.49152], [-99.74779, 30.49157], [-99.74809, 30.49173], [-99.74819, 30.49179], [-99.7483, 30.49185], [-99.74863, 30.49203], [-99.74874, 30.49208], [-99.74886, 30.49215], [-99.74923, 30.49235], [-99.74935, 30.49241], [-99.74945, 30.49246], [-99.74974, 30.49262], [-99.74984, 30.49267], [-99.74996, 30.49274], [-99.75, 30.49276], [-99.75032, 30.49294], [-99.75034, 30.49295], [-99.75044, 30.493], [-99.75053, 30.49305], [-99.7508, 30.4932], [-99.75089, 30.49325], [-99.75105, 30.49333], [-99.75113, 30.49338], [-99.7515, 30.49357], [-99.75166, 30.49365], [-99.75167, 30.49366], [-99.75171, 30.49368], [-99.75173, 30.49369], [-99.75176, 30.4937], [-99.75187, 30.49376], [-99.7519, 30.49378], [-99.75234, 30.49402], [-99.75283, 30.49427], [-99.75284, 30.49428], [-99.7532, 30.49447], [-99.75335, 30.49454], [-99.75337, 30.49455], [-99.75345, 30.49459], [-99.75353, 30.49463], [-99.75358, 30.49465], [-99.75372, 30.49473], [-99.7542, 30.49499], [-99.75481, 30.49531], [-99.75537, 30.49564], [-99.75596, 30.49594], [-99.75708, 30.49655], [-99.7572, 30.49662], [-99.76208, 30.49923], [-99.76329, 30.49991], [-99.76474, 30.5008], [-99.76574, 30.50147], [-99.76751, 30.5027], [-99.76848, 30.50338], [-99.76987, 30.50434], [-99.77082, 30.50502], [-99.77132, 30.50538], [-99.77193, 30.50581], [-99.77285, 30.50645], [-99.77336, 30.50681], [-99.77372, 30.50705], [-99.77479, 30.50779], [-99.77514, 30.50804], [-99.77537, 30.5082], [-99.77606, 30.50869], [-99.77629, 30.50885], [-99.77663, 30.50909], [-99.77672, 30.50915], [-99.77787, 30.50998], [-99.77801, 30.51006], [-99.77847, 30.51032], [-99.77862, 30.5104], [-99.77887, 30.51054], [-99.77955, 30.51091], [-99.77962, 30.51095], [-99.78002, 30.51115], [-99.78026, 30.51126], [-99.78068, 30.51145], [-99.78171, 30.51186], [-99.78251, 30.51213], [-99.78345, 30.51239], [-99.78373, 30.51246], [-99.78471, 30.51271], [-99.785, 30.51278], [-99.78611, 30.51305], [-99.78788, 30.51348], [-99.78945, 30.51387], [-99.79056, 30.51414], [-99.79081, 30.51421], [-99.79112, 30.51427], [-99.79251, 30.5146], [-99.79491, 30.51518], [-99.79688, 30.51567], [-99.79834, 30.51602], [-99.79836, 30.51603], [-99.8003, 30.51651], [-99.80063, 30.5166], [-99.80379, 30.51737], [-99.80381, 30.51737], [-99.80553, 30.51778], [-99.80719, 30.51819], [-99.81339, 30.51969], [-99.81432, 30.51992], [-99.81472, 30.52002], [-99.81657, 30.52048], [-99.81782, 30.52078], [-99.82001, 30.52131], [-99.82205, 30.52181], [-99.82304, 30.52204], [-99.82657, 30.52291], [-99.82875, 30.52344], [-99.82926, 30.52357], [-99.82958, 30.52365], [-99.83078, 30.52393], [-99.83128, 30.52406], [-99.83152, 30.52411], [-99.83222, 30.52429], [-99.83245, 30.52435], [-99.8331, 30.52451], [-99.83347, 30.5246], [-99.83615, 30.52524], [-99.83655, 30.52532], [-99.83758, 30.52554], [-99.83852, 30.52579], [-99.83966, 30.5261], [-99.84137, 30.52651], [-99.84232, 30.52674], [-99.84297, 30.5269], [-99.84314, 30.52695], [-99.84402, 30.52716], [-99.84518, 30.52743], [-99.8456, 30.52752], [-99.84618, 30.52764], [-99.84642, 30.52764], [-99.84677, 30.52771], [-99.84732, 30.52779], [-99.84821, 30.52787], [-99.84959, 30.52793], [-99.85061, 30.52792], [-99.85081, 30.52792], [-99.85188, 30.52782], [-99.8525, 30.52774], [-99.85336, 30.5276], [-99.85452, 30.52735], [-99.85706, 30.52675], [-99.86101, 30.52576], [-99.86253, 30.52537], [-99.86294, 30.52527], [-99.86576, 30.5246], [-99.86702, 30.52427], [-99.86713, 30.52425], [-99.86746, 30.52416], [-99.86757, 30.52414], [-99.86801, 30.52402], [-99.87002, 30.52354], [-99.87194, 30.52307], [-99.87262, 30.52292], [-99.87343, 30.52275], [-99.87402, 30.52265], [-99.87551, 30.52242], [-99.87745, 30.52214], [-99.87824, 30.52203], [-99.87884, 30.52192], [-99.87995, 30.52175], [-99.88171, 30.52149], [-99.88182, 30.52148], [-99.88382, 30.52118], [-99.88484, 30.52103], [-99.88574, 30.52088], [-99.88694, 30.52071], [-99.88742, 30.52063], [-99.88869, 30.52041], [-99.88929, 30.52034], [-99.88999, 30.52025], [-99.89034, 30.52019], [-99.89349, 30.51969], [-99.89412, 30.51959], [-99.89454, 30.51954], [-99.89491, 30.5195], [-99.89662, 30.51924], [-99.89761, 30.51908], [-99.89833, 30.51892], [-99.89932, 30.51862], [-99.90038, 30.51821], [-99.90134, 30.51774], [-99.90213, 30.51725], [-99.90328, 30.51651], [-99.90334, 30.51648], [-99.90377, 30.51619], [-99.90421, 30.51589], [-99.90522, 30.51523], [-99.90571, 30.51491], [-99.90787, 30.51348], [-99.90927, 30.51256], [-99.90962, 30.51234], [-99.91143, 30.51113], [-99.91491, 30.50885], [-99.91653, 30.50776], [-99.91827, 30.50662], [-99.91995, 30.5055], [-99.92164, 30.50438], [-99.92275, 30.50369], [-99.92342, 30.50326], [-99.92354, 30.50319], [-99.92365, 30.50311], [-99.924, 30.50288], [-99.92412, 30.5028], [-99.92477, 30.50236], [-99.92617, 30.50147], [-99.92684, 30.50109], [-99.92708, 30.50096], [-99.92786, 30.5006], [-99.9283, 30.50041], [-99.92887, 30.50021], [-99.9296, 30.49999], [-99.92997, 30.49989], [-99.93066, 30.49974], [-99.93155, 30.49959], [-99.9324, 30.49952], [-99.93346, 30.49948], [-99.93426, 30.49952], [-99.93513, 30.4996], [-99.93619, 30.49978], [-99.93622, 30.49979], [-99.93938, 30.50037], [-99.9403, 30.50054], [-99.94088, 30.50065], [-99.94188, 30.50085], [-99.94281, 30.50101], [-99.94306, 30.50106], [-99.94358, 30.50116], [-99.94398, 30.50122], [-99.94431, 30.50128], [-99.94489, 30.50139], [-99.94682, 30.50175], [-99.94764, 30.50189], [-99.94847, 30.50203], [-99.94855, 30.50205], [-99.949, 30.50214], [-99.95036, 30.50241], [-99.95047, 30.50243], [-99.95081, 30.50249], [-99.95176, 30.50267], [-99.95213, 30.50273], [-99.95227, 30.50275], [-99.95282, 30.50285], [-99.95344, 30.50291], [-99.954, 30.50295], [-99.95473, 30.503], [-99.95551, 30.50301], [-99.95613, 30.50301], [-99.95633, 30.50301], [-99.95682, 30.50299], [-99.95731, 30.50295], [-99.95747, 30.50294], [-99.95809, 30.50286], [-99.95843, 30.50282], [-99.95878, 30.50275], [-99.95917, 30.50269], [-99.95977, 30.5026], [-99.96052, 30.50241], [-99.96091, 30.50232], [-99.96146, 30.50219], [-99.96217, 30.50198], [-99.96374, 30.50156], [-99.96425, 30.5014], [-99.96441, 30.50136], [-99.96526, 30.50113], [-99.96797, 30.50042], [-99.96877, 30.5002], [-99.97104, 30.49956], [-99.97141, 30.49946], [-99.97297, 30.49904], [-99.97442, 30.49865], [-99.97486, 30.49854], [-99.97491, 30.49853], [-99.9758, 30.49827], [-99.97635, 30.49812], [-99.97683, 30.49798], [-99.97705, 30.49792], [-99.97937, 30.49732], [-99.98022, 30.49707], [-99.98141, 30.49673], [-99.98177, 30.49664], [-99.98237, 30.49649], [-99.98342, 30.49623], [-99.98525, 30.49574], [-99.98531, 30.49572], [-99.98621, 30.49547], [-99.98689, 30.49528], [-99.98711, 30.49522], [-99.98789, 30.49503], [-99.98867, 30.49487], [-99.98897, 30.49483], [-99.98967, 30.49473], [-99.98988, 30.4947], [-99.99103, 30.49459], [-99.99162, 30.49457], [-99.99208, 30.49456], [-99.99306, 30.49456], [-99.99395, 30.4946], [-99.99501, 30.49473], [-99.99663, 30.49496], [-99.99746, 30.49508], [-99.99774, 30.49512], [-99.9994, 30.49541], [-99.99956, 30.49544], [-100.0003, 30.49555], [-100.00033, 30.49556], [-100.00122, 30.4957], [-100.00307, 30.49599], [-100.00313, 30.496], [-100.00406, 30.49614], [-100.00418, 30.49615], [-100.00488, 30.49629], [-100.00535, 30.49636], [-100.00574, 30.49642], [-100.00777, 30.49671], [-100.00857, 30.49677], [-100.00925, 30.49681], [-100.00933, 30.49682], [-100.00996, 30.4968], [-100.01056, 30.49678], [-100.01099, 30.49677], [-100.01171, 30.4967], [-100.01256, 30.49659], [-100.01306, 30.49648], [-100.01333, 30.49641], [-100.01409, 30.49623], [-100.01465, 30.49606], [-100.01524, 30.49587], [-100.01644, 30.49539], [-100.0194, 30.49422], [-100.02165, 30.49329], [-100.02395, 30.49239], [-100.02413, 30.49232], [-100.02653, 30.49135], [-100.02895, 30.49038], [-100.03139, 30.48939], [-100.03377, 30.48844], [-100.03813, 30.48666], [-100.03883, 30.48639], [-100.03918, 30.48625], [-100.04004, 30.48591], [-100.04025, 30.48583], [-100.0404, 30.48577], [-100.0405, 30.48572], [-100.0406, 30.48568], [-100.0407, 30.48564], [-100.04119, 30.48544], [-100.04184, 30.48517], [-100.04293, 30.48472], [-100.04351, 30.48447], [-100.04356, 30.48445], [-100.04369, 30.48439], [-100.04374, 30.48438], [-100.04427, 30.48421], [-100.0458, 30.48368], [-100.04584, 30.48367], [-100.04638, 30.48354], [-100.04697, 30.48342], [-100.04717, 30.48337], [-100.0478, 30.48325], [-100.04846, 30.48312], [-100.04887, 30.48308], [-100.04931, 30.48302], [-100.05082, 30.48291], [-100.05227, 30.48281], [-100.05305, 30.48274], [-100.05501, 30.48259], [-100.05776, 30.48241], [-100.06008, 30.48227], [-100.06244, 30.48204], [-100.06425, 30.48192], [-100.06486, 30.48188], [-100.06754, 30.48166], [-100.06798, 30.48164], [-100.06812, 30.48163], [-100.06851, 30.48161], [-100.06865, 30.4816], [-100.06928, 30.48156], [-100.07119, 30.48144], [-100.07142, 30.48143], [-100.07182, 30.48138], [-100.0723, 30.48135], [-100.07309, 30.48128], [-100.07538, 30.48108], [-100.07597, 30.48101], [-100.07673, 30.48088], [-100.07688, 30.48085], [-100.07748, 30.48075], [-100.07813, 30.4806], [-100.07834, 30.48055], [-100.07885, 30.48041], [-100.07908, 30.48035], [-100.08101, 30.47973], [-100.08164, 30.47953], [-100.08173, 30.4795], [-100.08349, 30.47897], [-100.08426, 30.47873], [-100.08762, 30.47768], [-100.08878, 30.47731], [-100.08969, 30.47701], [-100.09054, 30.47674], [-100.09241, 30.47613], [-100.09246, 30.47611], [-100.09523, 30.47523], [-100.09794, 30.47442], [-100.09806, 30.47439], [-100.09994, 30.4738], [-100.10074, 30.47355], [-100.10267, 30.47294], [-100.10299, 30.47284], [-100.10518, 30.47214], [-100.1074, 30.47142], [-100.11013, 30.47059], [-100.11086, 30.47035], [-100.11285, 30.46972], [-100.11359, 30.46949], [-100.11387, 30.46942], [-100.11664, 30.46857]]}}, {"type": "Feature", "properties": {"name": "I- 10"}, "geometry": {"type": "LineString", "coordinates": [[-98.9206, 29.98707], [-98.92397, 29.98845], [-98.92414, 29.98852], [-98.92553, 29.98908], [-98.92588, 29.98924], [-98.9265, 29.98952], [-98.92744, 29.99], [-98.92799, 29.99029], [-98.92847, 29.99059], [-98.92905, 29.99094], [-98.9296, 29.99131], [-98.9306, 29.99201], [-98.93102, 29.99234], [-98.9319, 29.99305], [-98.93434, 29.99497], [-98.93562, 29.99597], [-98.93724, 29.99726], [-98.93815, 29.99803], [-98.93908, 29.99877], [-98.94052, 29.99992], [-98.94097, 30.00027], [-98.94256, 30.00152], [-98.94361, 30.00241], [-98.94424, 30.00295], [-98.94444, 30.00311], [-98.94495, 30.00352], [-98.94519, 30.00371], [-98.94754, 30.00561], [-98.94838, 30.00629], [-98.9535, 30.01038], [-98.95646, 30.01275], [-98.95767, 30.01364], [-98.95846, 30.0142], [-98.95908, 30.01465], [-98.95969, 30.01507], [-98.9604, 30.01558], [-98.96048, 30.01564], [-98.96185, 30.01661], [-98.96291, 30.01738], [-98.96349, 30.0178], [-98.96458, 30.01856], [-98.96559, 30.0193], [-98.96615, 30.01972], [-98.96708, 30.02054], [-98.96738, 30.02081], [-98.96776, 30.02117], [-98.96792, 30.02136], [-98.96887, 30.02248], [-98.96941, 30.02323], [-98.96999, 30.02421], [-98.97177, 30.0271], [-98.97303, 30.02918], [-98.97439, 30.03137], [-98.97471, 30.0318], [-98.97518, 30.03239], [-98.97582, 30.03306], [-98.97651, 30.03364], [-98.97672, 30.03381], [-98.9774, 30.0343], [-98.97811, 30.03474], [-98.98026, 30.03592], [-98.98253, 30.03715], [-98.98677, 30.03946], [-98.99281, 30.04276], [-98.99304, 30.04289], [-99.00267, 30.04814], [-99.0029, 30.0483], [-99.00311, 30.04844], [-99.0032, 30.04848], [-99.00337, 30.04857], [-99.00395, 30.04884], [-99.01038, 30.05236], [-99.01088, 30.05262], [-99.01114, 30.05273], [-99.01142, 30.05286], [-99.01167, 30.05295], [-99.01171, 30.05297], [-99.01187, 30.05302], [-99.01213, 30.05308], [-99.01304, 30.05327], [-99.01369, 30.05337], [-99.014, 30.05341], [-99.01439, 30.05344], [-99.01503, 30.05346], [-99.01575, 30.05344], [-99.01627, 30.0534], [-99.01802, 30.05326], [-99.02049, 30.05311], [-99.02091, 30.05306], [-99.02132, 30.05303], [-99.02165, 30.05302], [-99.02174, 30.05303], [-99.02201, 30.05305], [-99.02219, 30.05307], [-99.02231, 30.05307], [-99.02296, 30.05314], [-99.02332, 30.05318], [-99.02367, 30.05326], [-99.02584, 30.05373], [-99.02615, 30.05379], [-99.02628, 30.05382], [-99.02672, 30.05386], [-99.02685, 30.05386], [-99.027, 30.05388], [-99.02784, 30.0539], [-99.02865, 30.05388], [-99.02893, 30.05386], [-99.02977, 30.0538], [-99.03093, 30.05375], [-99.03129, 30.05377], [-99.03161, 30.05379], [-99.03187, 30.05382], [-99.03262, 30.05395], [-99.03279, 30.05399], [-99.03332, 30.05413], [-99.03398, 30.05437], [-99.03428, 30.05452], [-99.03488, 30.05477], [-99.03618, 30.05529], [-99.03658, 30.05545], [-99.03674, 30.05549], [-99.03734, 30.05569], [-99.03865, 30.0562], [-99.03894, 30.05631], [-99.03937, 30.05643], [-99.04005, 30.05667], [-99.04061, 30.05688], [-99.0423, 30.05748], [-99.04266, 30.0576], [-99.04302, 30.05769], [-99.04321, 30.05774], [-99.04416, 30.05796], [-99.04462, 30.05809], [-99.04516, 30.05827], [-99.04586, 30.05858], [-99.04644, 30.05887], [-99.04697, 30.05917], [-99.04708, 30.05926], [-99.04753, 30.05958], [-99.04807, 30.06003], [-99.04857, 30.06051], [-99.04966, 30.06181], [-99.0512, 30.06373], [-99.05162, 30.06421], [-99.05241, 30.06517], [-99.05247, 30.06527], [-99.05275, 30.06558], [-99.05331, 30.06611], [-99.05367, 30.0664], [-99.05437, 30.06684], [-99.05485, 30.06709], [-99.0553, 30.06726], [-99.05584, 30.06746], [-99.05637, 30.06763], [-99.05684, 30.06774], [-99.05717, 30.0678], [-99.05751, 30.06784], [-99.05769, 30.06786], [-99.05809, 30.06788], [-99.05871, 30.06789], [-99.06055, 30.06793], [-99.06153, 30.06794], [-99.06225, 30.0679], [-99.06279, 30.06791], [-99.06376, 30.06791], [-99.06453, 30.06787], [-99.06525, 30.06787], [-99.06663, 30.0679], [-99.06826, 30.0679], [-99.06896, 30.06788], [-99.06944, 30.06787], [-99.07004, 30.06783], [-99.07084, 30.06775], [-99.07181, 30.06767], [-99.07192, 30.06766], [-99.07228, 30.06766], [-99.07231, 30.06766], [-99.07273, 30.06764], [-99.07346, 30.06767], [-99.07442, 30.06782], [-99.075, 30.06797], [-99.07808, 30.06921], [-99.07871, 30.06942], [-99.07918, 30.06955], [-99.0796, 30.06965], [-99.07997, 30.06973], [-99.08042, 30.0698], [-99.08123, 30.06989], [-99.08135, 30.0699], [-99.08155, 30.0699], [-99.082, 30.06991], [-99.08238, 30.06989], [-99.08271, 30.06985], [-99.08409, 30.06973], [-99.08511, 30.06969], [-99.08683, 30.06966], [-99.08714, 30.06965], [-99.08871, 30.06966], [-99.09021, 30.06968], [-99.09258, 30.0697], [-99.09321, 30.06963], [-99.09423, 30.06962], [-99.09594, 30.06966], [-99.09631, 30.06968], [-99.09681, 30.06968], [-99.09736, 30.06971], [-99.09781, 30.06976], [-99.09827, 30.06982], [-99.09864, 30.06988], [-99.09904, 30.06996], [-99.09937, 30.07004], [-99.09962, 30.07009], [-99.09996, 30.07016], [-99.10017, 30.07021], [-99.10046, 30.07028], [-99.10073, 30.07032], [-99.10099, 30.07037], [-99.10124, 30.07039], [-99.10143, 30.07041], [-99.10208, 30.07044], [-99.10283, 30.07047], [-99.10425, 30.0705], [-99.10493, 30.07049], [-99.10591, 30.07047], [-99.10611, 30.07047], [-99.10656, 30.07049], [-99.10746, 30.07052], [-99.10975, 30.07058], [-99.11007, 30.07061], [-99.11114, 30.07065], [-99.11385, 30.07074], [-99.11642, 30.07076], [-99.11679, 30.07077], [-99.11797, 30.07078], [-99.11919, 30.07083], [-99.11986, 30.07093], [-99.11999, 30.07095], [-99.12067, 30.07109], [-99.12085, 30.07114], [-99.12272, 30.07171], [-99.12306, 30.07181], [-99.12348, 30.07193], [-99.12487, 30.07234], [-99.12578, 30.07266], [-99.12611, 30.07277], [-99.12664, 30.07294], [-99.12738, 30.07309], [-99.12792, 30.07316], [-99.12842, 30.07323], [-99.12899, 30.07327], [-99.12987, 30.07337], [-99.13093, 30.07345], [-99.13203, 30.07353], [-99.13281, 30.07358], [-99.13299, 30.0736], [-99.13381, 30.07374], [-99.13386, 30.07375], [-99.13456, 30.07395], [-99.13533, 30.07428], [-99.13568, 30.07442], [-99.1364, 30.07485], [-99.13703, 30.07534], [-99.14152, 30.08002], [-99.1445, 30.08312], [-99.14479, 30.08341], [-99.14528, 30.08385], [-99.14571, 30.08419], [-99.15002, 30.0875], [-99.15074, 30.08805], [-99.15077, 30.08807], [-99.15107, 30.0883], [-99.15182, 30.08886], [-99.15224, 30.08919], [-99.15242, 30.08932], [-99.15264, 30.08949], [-99.15438, 30.09082], [-99.15461, 30.09098], [-99.15511, 30.09126], [-99.15516, 30.09129], [-99.15591, 30.09163], [-99.15646, 30.09183], [-99.15674, 30.09192], [-99.15704, 30.09201], [-99.15746, 30.09212], [-99.15875, 30.09245], [-99.16124, 30.09306], [-99.16135, 30.09308], [-99.16191, 30.09326], [-99.16209, 30.09332], [-99.1622, 30.09335], [-99.16278, 30.09356], [-99.16333, 30.09377], [-99.16391, 30.09401], [-99.16449, 30.09427], [-99.16477, 30.09442], [-99.16506, 30.09457], [-99.16531, 30.09472], [-99.1656, 30.09488], [-99.16589, 30.09504], [-99.16614, 30.09519], [-99.16641, 30.09536], [-99.16665, 30.09552], [-99.1669, 30.09568], [-99.16741, 30.09603], [-99.16808, 30.09658], [-99.16905, 30.09747], [-99.17016, 30.09838], [-99.1704, 30.09859], [-99.1706, 30.09877], [-99.1708, 30.09898], [-99.17098, 30.0992], [-99.17113, 30.09943], [-99.17126, 30.09967], [-99.17179, 30.10078], [-99.17193, 30.10122], [-99.17219, 30.10168], [-99.17237, 30.10198], [-99.17256, 30.10223], [-99.17274, 30.10245], [-99.17292, 30.10265], [-99.17332, 30.10302], [-99.17342, 30.10312], [-99.17434, 30.10378], [-99.17446, 30.10386], [-99.17611, 30.105], [-99.17623, 30.10508], [-99.17669, 30.10542], [-99.17702, 30.10568], [-99.17758, 30.10616], [-99.17768, 30.10626], [-99.17831, 30.10686], [-99.17869, 30.10722], [-99.17885, 30.10737], [-99.1793, 30.10773], [-99.17954, 30.10791], [-99.18008, 30.10828], [-99.18029, 30.1084], [-99.18083, 30.10868], [-99.18109, 30.10881], [-99.18164, 30.10903], [-99.18222, 30.10923], [-99.18253, 30.10932], [-99.18283, 30.1094], [-99.18607, 30.11035], [-99.18731, 30.11068], [-99.18774, 30.11078], [-99.18811, 30.11085], [-99.1886, 30.11093], [-99.18894, 30.11097], [-99.1892, 30.11099], [-99.18948, 30.11101], [-99.19005, 30.11105], [-99.19157, 30.11114], [-99.19182, 30.11117], [-99.19228, 30.11125], [-99.19256, 30.11131], [-99.19282, 30.11138], [-99.19311, 30.11148], [-99.1934, 30.11158], [-99.19421, 30.11192], [-99.19464, 30.11213], [-99.19505, 30.1124], [-99.19521, 30.11251], [-99.19553, 30.11279], [-99.19573, 30.113], [-99.19641, 30.11366], [-99.19654, 30.11375], [-99.19699, 30.11406], [-99.19814, 30.11495], [-99.19886, 30.11552], [-99.19958, 30.11607], [-99.19973, 30.11617], [-99.19984, 30.11626], [-99.19997, 30.11635], [-99.20056, 30.1168], [-99.20062, 30.11684], [-99.20127, 30.11727], [-99.20162, 30.11749], [-99.20167, 30.11752], [-99.20185, 30.11765], [-99.20277, 30.11822], [-99.20425, 30.1192], [-99.2046, 30.11944], [-99.20491, 30.11966], [-99.2052, 30.11982], [-99.20574, 30.12009], [-99.20667, 30.12052], [-99.207, 30.12067], [-99.20777, 30.12098], [-99.20896, 30.12155], [-99.20991, 30.12193], [-99.21007, 30.12199], [-99.21023, 30.12206], [-99.21034, 30.12211], [-99.21049, 30.12217], [-99.21064, 30.12225], [-99.2108, 30.12231], [-99.21094, 30.1224], [-99.21117, 30.12255], [-99.21132, 30.12264], [-99.21145, 30.12274], [-99.21161, 30.12283], [-99.21174, 30.12292], [-99.21199, 30.12308], [-99.21282, 30.12364], [-99.21363, 30.12413], [-99.21757, 30.12675], [-99.21775, 30.12686], [-99.2187, 30.12737], [-99.21905, 30.12753], [-99.21943, 30.1277], [-99.21988, 30.12785], [-99.22066, 30.12814], [-99.22199, 30.12867], [-99.2233, 30.12917], [-99.22391, 30.12937], [-99.22418, 30.12948], [-99.22442, 30.1296], [-99.22464, 30.12974], [-99.22511, 30.13006], [-99.22563, 30.13039], [-99.22586, 30.13055], [-99.22601, 30.13067], [-99.22634, 30.13092], [-99.22667, 30.13123], [-99.22758, 30.13221], [-99.22768, 30.13233], [-99.22854, 30.13342], [-99.22902, 30.13425], [-99.22908, 30.13437], [-99.22928, 30.1349]]}}, {"type": "Feature", "properties": {"name": "I- 10"}, "geometry": {"type": "LineString", "coordinates": [[-100.96065, 30.66398], [-100.95911, 30.66365], [-100.95841, 30.6635], [-100.95769, 30.66333], [-100.95376, 30.66249], [-100.95279, 30.66225], [-100.95197, 30.66203], [-100.95171, 30.66195], [-100.95111, 30.66178], [-100.95045, 30.66158], [-100.94952, 30.66127], [-100.94943, 30.66123], [-100.94922, 30.66115], [-100.94914, 30.66112], [-100.94904, 30.66109], [-100.94891, 30.66105], [-100.94865, 30.66098], [-100.94804, 30.66081], [-100.9475, 30.66061], [-100.94712, 30.66047], [-100.9471, 30.66046], [-100.94695, 30.66042], [-100.94666, 30.66033], [-100.94644, 30.66025], [-100.94627, 30.6602], [-100.94613, 30.66015], [-100.94572, 30.66002], [-100.94558, 30.65997], [-100.94468, 30.65967], [-100.9439, 30.65942], [-100.94344, 30.65927], [-100.94196, 30.65878], [-100.93986, 30.6581], [-100.93885, 30.65777], [-100.93717, 30.65721], [-100.93556, 30.65668], [-100.93347, 30.656], [-100.93254, 30.65569], [-100.93108, 30.65521], [-100.92874, 30.65445], [-100.92866, 30.65442], [-100.92648, 30.65371], [-100.92425, 30.65298], [-100.92168, 30.65216], [-100.92042, 30.65174], [-100.91896, 30.65125], [-100.91865, 30.65115], [-100.91468, 30.64984], [-100.91402, 30.64963], [-100.91388, 30.64958], [-100.91372, 30.64953], [-100.91132, 30.64875], [-100.90774, 30.64757], [-100.90659, 30.6472], [-100.90595, 30.647], [-100.90406, 30.64637], [-100.90246, 30.64584], [-100.90064, 30.64522], [-100.89925, 30.64473], [-100.89749, 30.64404], [-100.89582, 30.64341], [-100.89408, 30.64274], [-100.89122, 30.64169], [-100.88846, 30.64065], [-100.88597, 30.63971], [-100.88354, 30.63875], [-100.88207, 30.6382], [-100.88196, 30.63816], [-100.87829, 30.63678], [-100.87681, 30.6362], [-100.87538, 30.63565], [-100.87511, 30.63555], [-100.87449, 30.63531], [-100.87414, 30.63519], [-100.87389, 30.63509], [-100.87365, 30.635], [-100.8724, 30.63453], [-100.87102, 30.634], [-100.86992, 30.63359], [-100.8692, 30.63332], [-100.86719, 30.63256], [-100.86705, 30.63251], [-100.8662, 30.63218], [-100.86546, 30.63189], [-100.8654, 30.63187], [-100.86429, 30.63147], [-100.86316, 30.63101], [-100.86272, 30.63085], [-100.86189, 30.63054], [-100.8589, 30.62942], [-100.85726, 30.62878], [-100.85563, 30.62817], [-100.85448, 30.62773], [-100.85291, 30.62712], [-100.85174, 30.62668], [-100.85116, 30.62647], [-100.85106, 30.62644], [-100.85042, 30.62618], [-100.84942, 30.62581], [-100.84885, 30.62559], [-100.84862, 30.62551], [-100.84795, 30.62526], [-100.84772, 30.62518], [-100.84734, 30.62503], [-100.84665, 30.62477], [-100.84621, 30.6246], [-100.84583, 30.62446], [-100.84559, 30.62437], [-100.8445, 30.62395], [-100.84346, 30.62354], [-100.84285, 30.62331], [-100.84222, 30.62308], [-100.84128, 30.62272], [-100.8398, 30.62219], [-100.83874, 30.62183], [-100.83836, 30.62171], [-100.83799, 30.62159], [-100.8376, 30.62149], [-100.83708, 30.62133], [-100.83676, 30.62124], [-100.83656, 30.62119], [-100.83599, 30.62103], [-100.8351, 30.62083], [-100.8345, 30.6207], [-100.83396, 30.62058], [-100.8335, 30.62049], [-100.83285, 30.62038], [-100.83214, 30.62027], [-100.83177, 30.62023], [-100.831, 30.62013], [-100.83056, 30.62008], [-100.83009, 30.62004], [-100.82968, 30.61999], [-100.82895, 30.61994], [-100.82807, 30.61989], [-100.82746, 30.61985], [-100.82592, 30.61983], [-100.82536, 30.61983], [-100.82439, 30.61986], [-100.8241, 30.61987], [-100.82379, 30.61988], [-100.82266, 30.61996], [-100.82194, 30.62002], [-100.82037, 30.62011], [-100.81944, 30.62016], [-100.81868, 30.62022], [-100.81626, 30.62037], [-100.81561, 30.62043], [-100.81529, 30.62047], [-100.81461, 30.62051], [-100.81384, 30.62056], [-100.81316, 30.6206], [-100.81205, 30.62067], [-100.81166, 30.62067], [-100.81108, 30.62071], [-100.80908, 30.62086], [-100.80804, 30.62092], [-100.80643, 30.62102], [-100.80557, 30.62108], [-100.8046, 30.62116], [-100.80362, 30.62121], [-100.80272, 30.62127], [-100.80182, 30.62133], [-100.80122, 30.62135], [-100.80041, 30.62141], [-100.79948, 30.62149], [-100.79902, 30.62152], [-100.79865, 30.62153], [-100.79843, 30.62154], [-100.79832, 30.62154], [-100.79714, 30.62162], [-100.79576, 30.62171], [-100.79533, 30.62175], [-100.79442, 30.6218], [-100.79439, 30.6218], [-100.79432, 30.6218], [-100.79321, 30.62189], [-100.79229, 30.62195], [-100.79173, 30.62197], [-100.79139, 30.622], [-100.79108, 30.62203], [-100.79062, 30.62206], [-100.79016, 30.6221], [-100.78934, 30.62215], [-100.78872, 30.62217], [-100.78826, 30.62221], [-100.78556, 30.62238], [-100.78478, 30.6224], [-100.78404, 30.62243], [-100.78309, 30.62244], [-100.78285, 30.62244], [-100.78227, 30.62242], [-100.78179, 30.62241], [-100.78035, 30.62232], [-100.77938, 30.62222], [-100.77895, 30.62219], [-100.77823, 30.62211], [-100.7779, 30.62207], [-100.77759, 30.62203], [-100.77726, 30.62198], [-100.7769, 30.62193], [-100.77657, 30.62189], [-100.77645, 30.62186], [-100.77597, 30.62178], [-100.77579, 30.62175], [-100.77544, 30.62171], [-100.77441, 30.62152], [-100.77428, 30.6215], [-100.77391, 30.62143], [-100.77345, 30.62136], [-100.77343, 30.62136], [-100.77306, 30.6213], [-100.77267, 30.62123], [-100.77238, 30.62117], [-100.77177, 30.62107], [-100.77148, 30.62101], [-100.76997, 30.62078], [-100.76933, 30.62067], [-100.76908, 30.62062], [-100.76871, 30.62055], [-100.76819, 30.62047], [-100.76815, 30.62047], [-100.76802, 30.62045], [-100.76798, 30.62044], [-100.76795, 30.62044], [-100.76786, 30.62042], [-100.76783, 30.62042], [-100.76652, 30.6202], [-100.76476, 30.6199], [-100.76401, 30.61977], [-100.763, 30.6196], [-100.76065, 30.61919], [-100.75669, 30.6184], [-100.7555, 30.61817], [-100.7544, 30.61796], [-100.75262, 30.61757], [-100.75219, 30.61748], [-100.75068, 30.61714], [-100.7503, 30.61704], [-100.74885, 30.6167], [-100.74855, 30.61663], [-100.74829, 30.61657], [-100.74765, 30.61638], [-100.74735, 30.6163], [-100.74654, 30.61606], [-100.74618, 30.61596], [-100.74411, 30.6153], [-100.74331, 30.61504], [-100.74328, 30.61503], [-100.74318, 30.615], [-100.7428, 30.61487], [-100.74235, 30.61471], [-100.74219, 30.61466], [-100.74142, 30.61437], [-100.73909, 30.61349], [-100.73839, 30.61319], [-100.73771, 30.61291], [-100.73676, 30.61251], [-100.73648, 30.61239], [-100.73457, 30.61151], [-100.7331, 30.61077], [-100.73277, 30.6106], [-100.7303, 30.60934], [-100.72309, 30.60562], [-100.72305, 30.6056], [-100.71977, 30.60389], [-100.71707, 30.60248], [-100.71426, 30.60105], [-100.71155, 30.59964], [-100.70888, 30.59827], [-100.70798, 30.59781], [-100.70267, 30.59504], [-100.7002, 30.59376], [-100.69893, 30.59313], [-100.69784, 30.59265], [-100.69628, 30.59205], [-100.69478, 30.59158], [-100.69328, 30.5912], [-100.69262, 30.59106], [-100.69134, 30.59085], [-100.68952, 30.59063], [-100.68709, 30.59049], [-100.68304, 30.59025], [-100.67762, 30.58988], [-100.67379, 30.58963], [-100.67357, 30.58961], [-100.67248, 30.58944], [-100.67175, 30.58929], [-100.67086, 30.58904], [-100.66956, 30.58857], [-100.66851, 30.58809], [-100.6674, 30.5875], [-100.66617, 30.58681], [-100.66441, 30.58579], [-100.6634, 30.58526], [-100.66308, 30.58509], [-100.66262, 30.58488], [-100.66201, 30.58462], [-100.66191, 30.58457], [-100.66057, 30.58403], [-100.6602, 30.58386], [-100.6596, 30.5836], [-100.65925, 30.58347], [-100.6582, 30.58309], [-100.65785, 30.58296], [-100.65774, 30.58292], [-100.65743, 30.5828], [-100.65732, 30.58276], [-100.65688, 30.58259], [-100.65661, 30.58249], [-100.6545, 30.58165], [-100.65406, 30.58148], [-100.6538, 30.58137], [-100.6536, 30.58128], [-100.65299, 30.58102], [-100.65288, 30.58097], [-100.65279, 30.58094], [-100.65258, 30.58084], [-100.65194, 30.58056], [-100.65173, 30.58046], [-100.65161, 30.58041], [-100.65125, 30.58025], [-100.65112, 30.5802], [-100.65041, 30.57988], [-100.65008, 30.57973], [-100.64865, 30.57919], [-100.6482, 30.57905], [-100.64782, 30.57893], [-100.64746, 30.57881], [-100.64738, 30.57878], [-100.64715, 30.5787], [-100.64707, 30.57868], [-100.64675, 30.57857], [-100.64667, 30.57854], [-100.64576, 30.57827], [-100.64543, 30.57818], [-100.64537, 30.57816], [-100.64518, 30.5781], [-100.64512, 30.57808], [-100.64505, 30.57806], [-100.64484, 30.578], [-100.64477, 30.57799], [-100.64437, 30.5779], [-100.6437, 30.57775], [-100.64318, 30.57766], [-100.64278, 30.57758], [-100.64203, 30.57745], [-100.64147, 30.57735], [-100.64008, 30.57712], [-100.63976, 30.57709], [-100.639, 30.577], [-100.63867, 30.57697], [-100.6385, 30.57695], [-100.6374, 30.57687], [-100.63699, 30.57685], [-100.63649, 30.57682], [-100.63644, 30.57681], [-100.63627, 30.5768], [-100.63622, 30.5768], [-100.63604, 30.57679], [-100.63599, 30.57679], [-100.63551, 30.57676], [-100.63534, 30.57675], [-100.6351, 30.57673], [-100.6344, 30.57668], [-100.63417, 30.57667], [-100.63397, 30.57665], [-100.63323, 30.5766], [-100.63188, 30.57652], [-100.63033, 30.57643], [-100.62855, 30.57628], [-100.62652, 30.57616], [-100.6251, 30.57605], [-100.62462, 30.57602], [-100.62455, 30.57602], [-100.62372, 30.57595], [-100.62266, 30.57587], [-100.62193, 30.57583], [-100.62104, 30.57578], [-100.62001, 30.57568], [-100.61855, 30.57553], [-100.6178, 30.57547], [-100.61752, 30.57545], [-100.61643, 30.57537], [-100.61534, 30.57527], [-100.61471, 30.5752], [-100.61272, 30.57503], [-100.6111, 30.57487], [-100.60932, 30.57473], [-100.60617, 30.57443], [-100.60383, 30.57419], [-100.60242, 30.57404], [-100.60096, 30.57393], [-100.59955, 30.57378], [-100.59903, 30.57373], [-100.598, 30.57365], [-100.59682, 30.57355], [-100.59573, 30.57344], [-100.59457, 30.57333], [-100.5926, 30.57317], [-100.59063, 30.57299], [-100.58726, 30.57266], [-100.58613, 30.57256], [-100.58553, 30.57248], [-100.5855, 30.57248], [-100.58371, 30.57233], [-100.58358, 30.57232], [-100.58311, 30.57228], [-100.58288, 30.57225], [-100.58216, 30.57219], [-100.58193, 30.57217], [-100.58149, 30.57212], [-100.58053, 30.57202], [-100.58019, 30.57199], [-100.57976, 30.57195], [-100.57942, 30.57192], [-100.57841, 30.57183], [-100.57808, 30.57179], [-100.57746, 30.57174], [-100.57623, 30.57162], [-100.57562, 30.57156], [-100.57501, 30.57151], [-100.57267, 30.57129], [-100.5707, 30.57106], [-100.56935, 30.57086], [-100.56902, 30.57082], [-100.56695, 30.5705], [-100.56431, 30.57012], [-100.56191, 30.56976], [-100.55891, 30.56929], [-100.55626, 30.5689], [-100.55245, 30.56833], [-100.55111, 30.56813], [-100.54682, 30.56748], [-100.54591, 30.56734], [-100.54581, 30.56732], [-100.54279, 30.56686], [-100.54179, 30.56671], [-100.54018, 30.56647], [-100.53811, 30.56615], [-100.53761, 30.56608], [-100.53203, 30.56525], [-100.5269, 30.56447], [-100.52596, 30.56431], [-100.52509, 30.56413], [-100.52425, 30.56396], [-100.52296, 30.56365], [-100.52136, 30.5632], [-100.521, 30.56308], [-100.51459, 30.56098], [-100.51454, 30.56096], [-100.51198, 30.56011], [-100.50673, 30.55842], [-100.50424, 30.55758], [-100.50153, 30.55669], [-100.50033, 30.55633], [-100.49903, 30.55588], [-100.49718, 30.55528], [-100.49581, 30.55482], [-100.49536, 30.55467], [-100.49485, 30.55451], [-100.49385, 30.55419], [-100.49218, 30.55364], [-100.49059, 30.55312], [-100.48904, 30.55264], [-100.48893, 30.5526], [-100.48889, 30.55259], [-100.48874, 30.55254], [-100.4887, 30.55252], [-100.48666, 30.55184], [-100.48414, 30.55099], [-100.48055, 30.54984], [-100.48002, 30.54967], [-100.47876, 30.54924], [-100.47852, 30.54916], [-100.47826, 30.54909], [-100.47462, 30.54775], [-100.4734, 30.54736], [-100.47013, 30.54632], [-100.46802, 30.54564], [-100.46629, 30.54508], [-100.46527, 30.54471], [-100.46433, 30.54438], [-100.46297, 30.54386], [-100.46225, 30.54357], [-100.46088, 30.54301], [-100.46019, 30.54271], [-100.45927, 30.5423], [-100.45816, 30.54178], [-100.45696, 30.5412], [-100.45613, 30.54079], [-100.45441, 30.53995], [-100.45406, 30.53978], [-100.45356, 30.53954], [-100.45339, 30.53946], [-100.45228, 30.53893], [-100.45182, 30.53871], [-100.45101, 30.53832], [-100.45088, 30.53825], [-100.45017, 30.53791], [-100.44974, 30.5377], [-100.44861, 30.53715], [-100.44801, 30.53685], [-100.44445, 30.53513], [-100.44393, 30.53487], [-100.44315, 30.53448], [-100.44237, 30.5341], [-100.44128, 30.53356], [-100.44015, 30.53301], [-100.4372, 30.53159], [-100.43591, 30.53097], [-100.43565, 30.53084], [-100.43444, 30.53026], [-100.43297, 30.52954], [-100.43162, 30.52888], [-100.43005, 30.52812], [-100.42654, 30.5264], [-100.42498, 30.52566], [-100.4219, 30.52416], [-100.42014, 30.52329], [-100.41853, 30.52251], [-100.41709, 30.5218], [-100.41551, 30.52104], [-100.4154, 30.52099], [-100.41379, 30.52023], [-100.41229, 30.5195], [-100.41066, 30.51868], [-100.409, 30.51788], [-100.4088, 30.51777], [-100.4074, 30.51708], [-100.40603, 30.51643], [-100.40572, 30.51628], [-100.40417, 30.51552], [-100.40118, 30.51408], [-100.4005, 30.51375], [-100.39947, 30.51323], [-100.39785, 30.51246], [-100.39627, 30.51167], [-100.39539, 30.51124], [-100.39456, 30.51084], [-100.39286, 30.51004], [-100.39109, 30.50915], [-100.38933, 30.50831], [-100.38768, 30.50749], [-100.38585, 30.50662], [-100.38414, 30.50578], [-100.38236, 30.50492], [-100.3806, 30.50406], [-100.37884, 30.50321], [-100.37717, 30.50246], [-100.37558, 30.5018], [-100.37539, 30.50171], [-100.37463, 30.50141], [-100.37143, 30.50015], [-100.36944, 30.49935], [-100.36737, 30.49851], [-100.36724, 30.49846], [-100.36703, 30.49838], [-100.36534, 30.49772], [-100.36365, 30.49703], [-100.36296, 30.49675], [-100.35825, 30.49488], [-100.35564, 30.49384], [-100.35354, 30.493], [-100.35103, 30.49199], [-100.35017, 30.49165], [-100.34855, 30.49101], [-100.34759, 30.49062], [-100.3468, 30.4903], [-100.3444, 30.48934], [-100.34172, 30.48828], [-100.33986, 30.48753], [-100.3394, 30.48734], [-100.33728, 30.48649], [-100.33536, 30.48573], [-100.33291, 30.48474], [-100.33154, 30.48417], [-100.33107, 30.48398], [-100.3306, 30.4838], [-100.32634, 30.48208], [-100.32481, 30.48144], [-100.32369, 30.48094], [-100.32259, 30.48039], [-100.32251, 30.48036], [-100.32185, 30.48003], [-100.31961, 30.4789], [-100.3191, 30.47865], [-100.31709, 30.47767], [-100.31484, 30.4766], [-100.31369, 30.47602], [-100.31239, 30.47538], [-100.31038, 30.4744], [-100.30867, 30.47356], [-100.30676, 30.47265], [-100.30483, 30.47171], [-100.30264, 30.47062], [-100.30196, 30.47029], [-100.29847, 30.4686], [-100.29625, 30.46751], [-100.29603, 30.4674], [-100.29537, 30.46708], [-100.29515, 30.46697], [-100.29416, 30.46648], [-100.29378, 30.4663], [-100.29203, 30.46545], [-100.28968, 30.46429], [-100.28966, 30.46429], [-100.2883, 30.46361], [-100.28802, 30.46347], [-100.28752, 30.46322], [-100.28708, 30.46301], [-100.28617, 30.46256], [-100.28448, 30.46173], [-100.28416, 30.46158], [-100.28084, 30.45996], [-100.27639, 30.45781], [-100.27579, 30.45751], [-100.27482, 30.45706], [-100.27396, 30.45668], [-100.27296, 30.45626], [-100.27166, 30.45578], [-100.27162, 30.45577], [-100.27044, 30.45537], [-100.2692, 30.45501], [-100.2672, 30.45448], [-100.26661, 30.45431], [-100.26395, 30.4536], [-100.26178, 30.45303], [-100.26081, 30.45277], [-100.25964, 30.45244], [-100.25735, 30.45184], [-100.25667, 30.45165], [-100.25422, 30.451], [-100.25264, 30.45058], [-100.25147, 30.45028], [-100.25097, 30.45014], [-100.25075, 30.45007], [-100.25025, 30.44994], [-100.25007, 30.44989], [-100.24984, 30.44983], [-100.24963, 30.44977], [-100.24902, 30.44961], [-100.24881, 30.44955], [-100.24857, 30.44949], [-100.24786, 30.4493], [-100.24783, 30.44929], [-100.24762, 30.44924], [-100.24545, 30.44868], [-100.24361, 30.44817], [-100.24294, 30.44799], [-100.2428, 30.44795], [-100.24143, 30.44758], [-100.24044, 30.44731], [-100.23905, 30.44693], [-100.2389, 30.44689], [-100.23775, 30.4466], [-100.23642, 30.44634], [-100.2345, 30.44599], [-100.23394, 30.44591], [-100.2321, 30.44567], [-100.23075, 30.44555], [-100.2303, 30.4455], [-100.22894, 30.44538], [-100.22869, 30.44536], [-100.22733, 30.44524], [-100.22545, 30.44504], [-100.22418, 30.44492], [-100.22388, 30.44489], [-100.22279, 30.4448], [-100.22187, 30.4447], [-100.22084, 30.4446], [-100.21891, 30.44443], [-100.21585, 30.44413], [-100.21384, 30.44393], [-100.21248, 30.4438], [-100.21156, 30.44371], [-100.20999, 30.4436], [-100.2084, 30.44355], [-100.20832, 30.44354], [-100.20703, 30.44355], [-100.20643, 30.44354], [-100.20624, 30.44354], [-100.20461, 30.44362], [-100.20429, 30.44364], [-100.20401, 30.44366], [-100.20394, 30.44367], [-100.20375, 30.44368], [-100.20369, 30.44369], [-100.20344, 30.44371], [-100.20334, 30.44372], [-100.2027, 30.44378], [-100.20247, 30.44381], [-100.20246, 30.44381], [-100.20182, 30.44391], [-100.20057, 30.44411], [-100.19994, 30.44422], [-100.19931, 30.44433], [-100.19794, 30.44459], [-100.19664, 30.44496], [-100.19535, 30.44534], [-100.19422, 30.44571], [-100.19331, 30.44601], [-100.19158, 30.44652], [-100.19093, 30.44672], [-100.18906, 30.4473], [-100.18347, 30.449], [-100.183, 30.44916], [-100.18082, 30.44989], [-100.1791, 30.45041], [-100.17679, 30.45112], [-100.17406, 30.45198], [-100.17405, 30.45198], [-100.17402, 30.45199], [-100.17401, 30.45199], [-100.174, 30.452], [-100.17396, 30.45201], [-100.17395, 30.45201], [-100.17211, 30.45258], [-100.16792, 30.45392], [-100.16736, 30.4541], [-100.16328, 30.45525], [-100.16136, 30.45573], [-100.15965, 30.45616], [-100.15882, 30.45637], [-100.15464, 30.45748], [-100.14959, 30.45876], [-100.14948, 30.45879], [-100.14661, 30.45955], [-100.14572, 30.45979], [-100.14349, 30.46043], [-100.14323, 30.4605], [-100.14321, 30.4605], [-100.14162, 30.461], [-100.13943, 30.46168], [-100.13604, 30.46274], [-100.13418, 30.46332], [-100.13089, 30.46434], [-100.13051, 30.46446], [-100.12805, 30.46524], [-100.12536, 30.46608], [-100.12163, 30.46728], [-100.12106, 30.46746], [-100.11777, 30.46848], [-100.11755, 30.46855], [-100.11686, 30.46877], [-100.11663, 30.46884]]}}, {"type": "Feature", "properties": {"name": "I- 10"}, "geometry": {"type": "LineString", "coordinates": [[-99.3014, 30.18332], [-99.30291, 30.18362], [-99.30419, 30.18387], [-99.30512, 30.18402], [-99.30634, 30.18426], [-99.30858, 30.18466], [-99.30944, 30.1848], [-99.31007, 30.18493], [-99.31371, 30.18564], [-99.31495, 30.18588], [-99.3166, 30.18622], [-99.31678, 30.18626], [-99.31766, 30.1864], [-99.31858, 30.18655], [-99.31954, 30.18673], [-99.32138, 30.18708], [-99.32204, 30.1872], [-99.32238, 30.18727], [-99.32272, 30.18734], [-99.32341, 30.18752], [-99.32551, 30.18818], [-99.32599, 30.18833], [-99.32667, 30.18855], [-99.32943, 30.18936], [-99.33034, 30.18962], [-99.33153, 30.18996], [-99.33273, 30.1903], [-99.3369, 30.1915], [-99.33986, 30.19234], [-99.34324, 30.19333], [-99.34466, 30.19374], [-99.34932, 30.1951], [-99.3557, 30.19695], [-99.35805, 30.19764], [-99.36149, 30.19867], [-99.37109, 30.20145], [-99.37116, 30.20147], [-99.3719, 30.20169], [-99.37367, 30.20223], [-99.37761, 30.20338], [-99.37785, 30.20345], [-99.37809, 30.20353], [-99.37834, 30.20361], [-99.3788, 30.20379], [-99.37902, 30.20389], [-99.37926, 30.20398], [-99.37998, 30.2043], [-99.38025, 30.20443], [-99.38116, 30.20492], [-99.38545, 30.20722], [-99.39296, 30.21124], [-99.39358, 30.21157], [-99.40297, 30.2166], [-99.4068, 30.21865], [-99.4119, 30.22139], [-99.41245, 30.22169], [-99.41271, 30.22186], [-99.41339, 30.22231], [-99.41353, 30.22241], [-99.41365, 30.2225], [-99.4138, 30.2226], [-99.41393, 30.2227], [-99.41406, 30.22279], [-99.41419, 30.22289], [-99.41432, 30.22299], [-99.41864, 30.22674], [-99.42034, 30.22819], [-99.42132, 30.22906], [-99.42334, 30.2308], [-99.42523, 30.23243], [-99.43091, 30.23736], [-99.43333, 30.23944], [-99.43389, 30.23993], [-99.43436, 30.24034], [-99.43485, 30.24072], [-99.43533, 30.24108], [-99.43566, 30.24129], [-99.43578, 30.24137], [-99.43601, 30.24153], [-99.43627, 30.2417], [-99.43667, 30.24193], [-99.43787, 30.24257], [-99.44044, 30.24393], [-99.44106, 30.24429], [-99.44139, 30.24447], [-99.44438, 30.24615], [-99.44517, 30.24657], [-99.44668, 30.24741], [-99.44752, 30.24788], [-99.45024, 30.24934], [-99.45498, 30.25183], [-99.457, 30.25292], [-99.45786, 30.25342], [-99.46024, 30.25467], [-99.46105, 30.25511], [-99.46186, 30.25551], [-99.46238, 30.25576], [-99.46548, 30.25716], [-99.47536, 30.26158], [-99.47885, 30.26313], [-99.4837, 30.26529], [-99.48615, 30.26637], [-99.48663, 30.26658], [-99.49038, 30.26827], [-99.49323, 30.26955], [-99.49338, 30.26963], [-99.49354, 30.2697], [-99.49413, 30.27], [-99.49524, 30.27059], [-99.49567, 30.27083], [-99.49593, 30.27099], [-99.4971, 30.2717], [-99.49838, 30.27252], [-99.49878, 30.2728], [-99.50053, 30.27415], [-99.50101, 30.27454], [-99.50263, 30.27596], [-99.5053, 30.27832], [-99.50784, 30.28054], [-99.5086, 30.28121], [-99.50968, 30.28205], [-99.5099, 30.28221], [-99.51011, 30.28235], [-99.51013, 30.28237], [-99.51035, 30.28253], [-99.51082, 30.28284], [-99.51112, 30.28303], [-99.51203, 30.28352], [-99.51247, 30.28375], [-99.51458, 30.28482], [-99.51857, 30.2868], [-99.52215, 30.28859]]}}, {"type": "Feature", "properties": {"name": "I- 10"}, "geometry": {"type": "LineString", "coordinates": [[-104.07014, 31.08401], [-104.07042, 31.08391], [-104.07159, 31.08359], [-104.07276, 31.08334], [-104.07409, 31.08312], [-104.07655, 31.08294], [-104.07818, 31.08298], [-104.07833, 31.08299], [-104.07836, 31.08299], [-104.07984, 31.08311], [-104.08077, 31.08319], [-104.082, 31.08332], [-104.08427, 31.08356], [-104.08575, 31.08372], [-104.08669, 31.08381], [-104.08791, 31.08394], [-104.08869, 31.08403], [-104.08971, 31.08413], [-104.09248, 31.08441], [-104.09439, 31.0846], [-104.09575, 31.08473], [-104.09655, 31.08481], [-104.09672, 31.08483], [-104.09718, 31.08481], [-104.09788, 31.08483], [-104.09818, 31.0848], [-104.09897, 31.08474], [-104.10013, 31.08453], [-104.10156, 31.08414], [-104.10277, 31.08371], [-104.1032, 31.08354], [-104.10362, 31.08339], [-104.10663, 31.08231], [-104.10708, 31.08216], [-104.10767, 31.08194], [-104.10793, 31.08185], [-104.10894, 31.08149], [-104.1119, 31.08044], [-104.11319, 31.0799], [-104.11458, 31.0792], [-104.11864, 31.07693], [-104.12153, 31.07533], [-104.12254, 31.07484], [-104.12339, 31.07447], [-104.12449, 31.07406], [-104.12547, 31.07377], [-104.1265, 31.07351], [-104.12751, 31.07329], [-104.12939, 31.07288], [-104.13098, 31.07235], [-104.13207, 31.07191], [-104.13435, 31.07085], [-104.1379, 31.06912], [-104.1385, 31.06882], [-104.13869, 31.06873], [-104.14174, 31.06724], [-104.14467, 31.06583], [-104.14593, 31.06522], [-104.1477, 31.06437], [-104.14826, 31.0641], [-104.1486, 31.06394], [-104.14973, 31.06339], [-104.15141, 31.06257], [-104.1529, 31.06198], [-104.15451, 31.06146], [-104.15601, 31.06112], [-104.15685, 31.06099], [-104.15765, 31.06088], [-104.15926, 31.06077], [-104.16273, 31.06081], [-104.16981, 31.06089], [-104.17105, 31.06095], [-104.17216, 31.06105], [-104.1737, 31.06125], [-104.17512, 31.06152], [-104.17679, 31.06195], [-104.17917, 31.06258], [-104.18062, 31.06296]]}}, {"type": "Feature", "properties": {"name": "I- 10"}, "geometry": {"type": "LineString", "coordinates": [[-99.52279, 30.28859], [-99.52126, 30.28783], [-99.51901, 30.28671], [-99.51478, 30.28461], [-99.51348, 30.28397], [-99.512, 30.2832], [-99.5116, 30.28297], [-99.51097, 30.2826], [-99.5105, 30.2823], [-99.51043, 30.28226], [-99.50995, 30.28192], [-99.50985, 30.28183], [-99.5088, 30.281], [-99.50585, 30.27841], [-99.50317, 30.27604], [-99.50119, 30.27432], [-99.50017, 30.27349], [-99.49896, 30.27257], [-99.49756, 30.27163], [-99.4964, 30.27092], [-99.4956, 30.27046], [-99.49414, 30.26966], [-99.49263, 30.26895], [-99.49054, 30.26804], [-99.48859, 30.26714], [-99.48646, 30.2662], [-99.47438, 30.26081], [-99.47052, 30.25908], [-99.46556, 30.25687], [-99.46319, 30.25583], [-99.46208, 30.25532], [-99.46153, 30.25505], [-99.45835, 30.25338], [-99.45761, 30.25293], [-99.45543, 30.25176], [-99.45059, 30.24921], [-99.4498, 30.24879], [-99.44842, 30.24801], [-99.44725, 30.24739], [-99.44622, 30.24682], [-99.44433, 30.2458], [-99.44067, 30.24374], [-99.44013, 30.24345], [-99.43737, 30.24198], [-99.43672, 30.24162], [-99.43588, 30.2411], [-99.43551, 30.24084], [-99.43516, 30.24059], [-99.43483, 30.24034], [-99.43414, 30.23976], [-99.43215, 30.23804], [-99.4298, 30.236], [-99.42566, 30.23243], [-99.42355, 30.2306], [-99.41918, 30.22681], [-99.41681, 30.22474], [-99.41466, 30.22295], [-99.41454, 30.22284], [-99.41422, 30.22259], [-99.4134, 30.222], [-99.4127, 30.22155], [-99.41198, 30.22113], [-99.40817, 30.21907], [-99.40682, 30.21834], [-99.40318, 30.21639], [-99.4002, 30.2148], [-99.39205, 30.21043], [-99.38561, 30.20698], [-99.38371, 30.20596], [-99.3815, 30.20475], [-99.38144, 30.20472], [-99.38056, 30.20428], [-99.38031, 30.20415], [-99.38, 30.204], [-99.37949, 30.20379], [-99.37918, 30.20367], [-99.37902, 30.2036], [-99.37886, 30.20354], [-99.37872, 30.20348], [-99.37853, 30.20342], [-99.37839, 30.20336], [-99.37808, 30.20325], [-99.37655, 30.20278], [-99.37381, 30.20198], [-99.37196, 30.20142], [-99.37144, 30.20126], [-99.37114, 30.20117], [-99.35835, 30.19744], [-99.35686, 30.19702], [-99.35647, 30.19691], [-99.35199, 30.19557], [-99.34943, 30.19482], [-99.34324, 30.19303], [-99.34288, 30.19292], [-99.33457, 30.19051], [-99.33274, 30.18999], [-99.33053, 30.18937], [-99.32951, 30.18908], [-99.32663, 30.18822], [-99.32376, 30.18735], [-99.32351, 30.18728], [-99.32323, 30.18719], [-99.32291, 30.18711], [-99.32244, 30.18702], [-99.31959, 30.18649], [-99.31865, 30.18631], [-99.31773, 30.18614], [-99.31768, 30.18613], [-99.31657, 30.18594], [-99.3161, 30.18586], [-99.315, 30.18562], [-99.3124, 30.18511], [-99.31099, 30.18484], [-99.30984, 30.18459], [-99.30869, 30.18441], [-99.30642, 30.184], [-99.30297, 30.18335], [-99.30232, 30.18322], [-99.3014, 30.18302]]}}, {"type": "Feature", "properties": {"name": "I- 10"}, "geometry": {"type": "LineString", "coordinates": [[-100.96065, 30.66368], [-100.95989, 30.66351], [-100.95911, 30.66336], [-100.95644, 30.66276], [-100.9538, 30.6622], [-100.9531, 30.66204], [-100.95251, 30.6619], [-100.95167, 30.66167], [-100.95102, 30.66144], [-100.95078, 30.66136], [-100.95053, 30.66127], [-100.94638, 30.65994], [-100.94619, 30.65987], [-100.946, 30.65979], [-100.94491, 30.65944], [-100.94382, 30.6591], [-100.94217, 30.65857], [-100.94046, 30.65799], [-100.93882, 30.65746], [-100.93756, 30.65706], [-100.93709, 30.65692], [-100.9354, 30.65635], [-100.93356, 30.65577], [-100.93162, 30.65512], [-100.93051, 30.65473], [-100.92933, 30.65436], [-100.92888, 30.65421], [-100.92764, 30.65379], [-100.92599, 30.65326], [-100.92087, 30.65157], [-100.91972, 30.65119], [-100.9155, 30.64981], [-100.91399, 30.64933], [-100.9138, 30.64926], [-100.91174, 30.6486], [-100.9098, 30.64796], [-100.9055, 30.64656], [-100.90292, 30.64571], [-100.90079, 30.64498], [-100.89965, 30.64457], [-100.89684, 30.64349], [-100.89566, 30.64305], [-100.89449, 30.6426], [-100.89212, 30.64173], [-100.88628, 30.6395], [-100.88279, 30.63817], [-100.88199, 30.63786], [-100.88099, 30.63748], [-100.87875, 30.63665], [-100.87649, 30.63578], [-100.87588, 30.63557], [-100.87534, 30.63535], [-100.87437, 30.63497], [-100.87427, 30.63493], [-100.87354, 30.63467], [-100.87156, 30.63392], [-100.87049, 30.63352], [-100.86913, 30.633], [-100.86868, 30.63283], [-100.86711, 30.63224], [-100.86576, 30.63171], [-100.86548, 30.6316], [-100.85186, 30.62644], [-100.84912, 30.62541], [-100.84864, 30.62521], [-100.84799, 30.62497], [-100.84723, 30.62468], [-100.8462, 30.62431], [-100.84516, 30.62392], [-100.84293, 30.62304], [-100.84189, 30.62266], [-100.84113, 30.62236], [-100.84031, 30.62206], [-100.83973, 30.62186], [-100.83844, 30.62143], [-100.83701, 30.62101], [-100.83687, 30.62096], [-100.83606, 30.62077], [-100.83499, 30.62053], [-100.83459, 30.62044], [-100.83413, 30.62036], [-100.83327, 30.62018], [-100.83278, 30.62011], [-100.83235, 30.62004], [-100.83126, 30.61987], [-100.83087, 30.61983], [-100.83046, 30.61979], [-100.82939, 30.6197], [-100.82847, 30.61964], [-100.82803, 30.61962], [-100.82671, 30.61957], [-100.82524, 30.61956], [-100.82404, 30.61958], [-100.82357, 30.61962], [-100.82309, 30.61964], [-100.82266, 30.61968], [-100.82211, 30.61971], [-100.81992, 30.61987], [-100.81759, 30.62003], [-100.81628, 30.6201], [-100.81576, 30.62015], [-100.81527, 30.62019], [-100.8148, 30.62019], [-100.81435, 30.62022], [-100.81381, 30.62027], [-100.81326, 30.62032], [-100.81266, 30.62034], [-100.81203, 30.62037], [-100.81113, 30.62044], [-100.81034, 30.62048], [-100.8088, 30.6206], [-100.80651, 30.62072], [-100.8043, 30.62087], [-100.80344, 30.62093], [-100.80266, 30.62097], [-100.8025, 30.62098], [-100.80035, 30.62113], [-100.79976, 30.62117], [-100.79881, 30.62124], [-100.79786, 30.6213], [-100.79708, 30.62136], [-100.7965, 30.62138], [-100.79511, 30.62148], [-100.79411, 30.62154], [-100.79284, 30.62163], [-100.79241, 30.62164], [-100.79173, 30.62169], [-100.79132, 30.62171], [-100.79103, 30.62173], [-100.78971, 30.62182], [-100.78908, 30.62187], [-100.78844, 30.6219], [-100.7878, 30.62194], [-100.78497, 30.62211], [-100.78386, 30.62215], [-100.78322, 30.62216], [-100.78301, 30.62216], [-100.78251, 30.62215], [-100.78158, 30.62212], [-100.7811, 30.62209], [-100.78062, 30.62206], [-100.78007, 30.62202], [-100.7795, 30.62196], [-100.77885, 30.6219], [-100.77808, 30.62183], [-100.77753, 30.6218], [-100.77426, 30.62119], [-100.77379, 30.62112], [-100.77272, 30.62094], [-100.77032, 30.62058], [-100.76999, 30.62046], [-100.76947, 30.62037], [-100.76788, 30.62014], [-100.76741, 30.62007], [-100.76515, 30.61969], [-100.7626, 30.61926], [-100.76067, 30.61892], [-100.75953, 30.6187], [-100.75775, 30.61832], [-100.75631, 30.61804], [-100.75555, 30.61789], [-100.75395, 30.61757], [-100.75171, 30.61708], [-100.7503, 30.61676], [-100.74878, 30.61638], [-100.74868, 30.61636], [-100.74826, 30.61625], [-100.74632, 30.6157], [-100.74451, 30.61515], [-100.74417, 30.61503], [-100.7436, 30.61483], [-100.74274, 30.61457], [-100.73981, 30.61347], [-100.73815, 30.6128], [-100.73767, 30.6126], [-100.73677, 30.61221], [-100.73431, 30.61117], [-100.73229, 30.61016], [-100.7252, 30.60648], [-100.71127, 30.5992], [-100.70801, 30.5975], [-100.7027, 30.59476], [-100.69895, 30.59282], [-100.69717, 30.59211], [-100.69576, 30.59164], [-100.69312, 30.59096], [-100.6912, 30.59063], [-100.68732, 30.5903], [-100.68216, 30.58999], [-100.67968, 30.58982], [-100.6765, 30.58966], [-100.67359, 30.58941], [-100.6727, 30.58929], [-100.67161, 30.589], [-100.67025, 30.58863], [-100.6693, 30.58825], [-100.66806, 30.58763], [-100.66705, 30.58704], [-100.66492, 30.5858], [-100.66312, 30.58487], [-100.66175, 30.58428], [-100.65813, 30.58277], [-100.65797, 30.58271], [-100.65741, 30.58248], [-100.65447, 30.58131], [-100.65308, 30.58072], [-100.65154, 30.58007], [-100.65133, 30.57999], [-100.65107, 30.5799], [-100.64775, 30.5786], [-100.64711, 30.57839], [-100.64536, 30.57778], [-100.64501, 30.57764], [-100.64498, 30.57763], [-100.64441, 30.57751], [-100.64344, 30.57738], [-100.64263, 30.57728], [-100.64202, 30.57717], [-100.64064, 30.57692], [-100.64001, 30.57683], [-100.63913, 30.57674], [-100.63891, 30.57672], [-100.63681, 30.57655], [-100.63651, 30.57653], [-100.63566, 30.57649], [-100.63438, 30.57641], [-100.63404, 30.57639], [-100.63286, 30.57632], [-100.63139, 30.57625], [-100.62845, 30.57601], [-100.62647, 30.57591], [-100.62504, 30.57578], [-100.62439, 30.57574], [-100.62353, 30.57568], [-100.62271, 30.57562], [-100.62196, 30.57557], [-100.62085, 30.57549], [-100.61978, 30.57538], [-100.61871, 30.57528], [-100.61763, 30.57518], [-100.61759, 30.57517], [-100.61675, 30.5751], [-100.61449, 30.5749], [-100.61311, 30.5748], [-100.61204, 30.5747], [-100.60977, 30.57448], [-100.60765, 30.57429], [-100.60348, 30.57386], [-100.59953, 30.57351], [-100.59907, 30.57347], [-100.59601, 30.57318], [-100.59129, 30.57276], [-100.5895, 30.5726], [-100.58707, 30.57239], [-100.58664, 30.57234], [-100.58634, 30.57236], [-100.58265, 30.57194], [-100.58259, 30.57193], [-100.58197, 30.57189], [-100.5785, 30.57159], [-100.5782, 30.57152], [-100.578, 30.57152], [-100.57685, 30.5714], [-100.57525, 30.57126], [-100.57383, 30.57113], [-100.57254, 30.57096], [-100.57006, 30.5706], [-100.56433, 30.56976], [-100.55925, 30.56898], [-100.5545, 30.56828], [-100.54997, 30.56759], [-100.54689, 30.56713], [-100.54542, 30.56691], [-100.54263, 30.56648], [-100.54146, 30.56631], [-100.53674, 30.56558], [-100.5321, 30.5649], [-100.52793, 30.56427], [-100.52646, 30.56406], [-100.5241, 30.56356], [-100.52247, 30.56317], [-100.52113, 30.56276], [-100.51998, 30.5624], [-100.51844, 30.56189], [-100.5156, 30.56095], [-100.51061, 30.55933], [-100.5066, 30.55801], [-100.50034, 30.55593], [-100.49915, 30.55556], [-100.4982, 30.55523], [-100.49725, 30.55492], [-100.49497, 30.55418], [-100.49397, 30.55386], [-100.4923, 30.55331], [-100.49071, 30.55279], [-100.48916, 30.5523], [-100.48905, 30.55227], [-100.48736, 30.55171], [-100.48426, 30.55066], [-100.48014, 30.54934], [-100.47877, 30.5489], [-100.47862, 30.54885], [-100.46813, 30.54537], [-100.45868, 30.54164], [-100.45845, 30.5416], [-100.45461, 30.53966], [-100.45418, 30.53945], [-100.45351, 30.53914], [-100.4524, 30.5386], [-100.45199, 30.5384], [-100.45066, 30.53779], [-100.45034, 30.53758], [-100.44965, 30.53724], [-100.44813, 30.53653], [-100.44456, 30.5348], [-100.44349, 30.53426], [-100.44286, 30.53395], [-100.44158, 30.53332], [-100.44026, 30.5327], [-100.43881, 30.53195], [-100.43732, 30.53126], [-100.43602, 30.53064], [-100.43309, 30.52921], [-100.43174, 30.52856], [-100.43017, 30.52779], [-100.43016, 30.52779], [-100.42666, 30.52607], [-100.4251, 30.52533], [-100.42026, 30.52296], [-100.41721, 30.52148], [-100.41552, 30.52066], [-100.41391, 30.5199], [-100.41241, 30.51917], [-100.41077, 30.51835], [-100.40912, 30.51755], [-100.40904, 30.5175], [-100.40752, 30.51676], [-100.40612, 30.51609], [-100.40584, 30.51595], [-100.40429, 30.51519], [-100.40271, 30.51443], [-100.40127, 30.51372], [-100.39958, 30.5129], [-100.39796, 30.51213], [-100.39639, 30.51134], [-100.39554, 30.51093], [-100.39276, 30.50954], [-100.38822, 30.5074], [-100.38376, 30.50512], [-100.37819, 30.50248], [-100.37475, 30.50109], [-100.37431, 30.50092], [-100.37319, 30.50045], [-100.37239, 30.50015], [-100.36954, 30.499], [-100.36744, 30.49818], [-100.36719, 30.49808], [-100.36544, 30.49738], [-100.36306, 30.49641], [-100.35573, 30.49351], [-100.35112, 30.49165], [-100.34865, 30.49067], [-100.3469, 30.48996], [-100.34443, 30.48897], [-100.34184, 30.48795], [-100.33983, 30.48713], [-100.33755, 30.48624], [-100.33711, 30.48604], [-100.33678, 30.48597], [-100.33122, 30.48367], [-100.32476, 30.48097], [-100.32355, 30.48045], [-100.32231, 30.47985], [-100.32192, 30.47967], [-100.31971, 30.47857], [-100.31719, 30.47734], [-100.31495, 30.47625], [-100.31388, 30.47572], [-100.31248, 30.47504], [-100.31048, 30.47407], [-100.30876, 30.47323], [-100.30685, 30.47231], [-100.30274, 30.47027], [-100.29854, 30.46823], [-100.2974, 30.46766], [-100.29646, 30.4672], [-100.29496, 30.46646], [-100.29492, 30.46644], [-100.28978, 30.46395], [-100.28854, 30.46332], [-100.28824, 30.46317], [-100.28785, 30.46297], [-100.28638, 30.46225], [-100.28467, 30.46141], [-100.28089, 30.45957], [-100.27858, 30.45845], [-100.27589, 30.45714], [-100.27496, 30.4567], [-100.27399, 30.45628], [-100.27294, 30.45586], [-100.27173, 30.45541], [-100.2705, 30.45501], [-100.26935, 30.45466], [-100.26733, 30.45412], [-100.26671, 30.45396], [-100.26187, 30.45269], [-100.26088, 30.45242], [-100.25973, 30.45211], [-100.25669, 30.45129], [-100.25512, 30.45086], [-100.2516, 30.44992], [-100.25108, 30.44978], [-100.25082, 30.44972], [-100.25016, 30.44953], [-100.24984, 30.44945], [-100.24975, 30.44943], [-100.24951, 30.44937], [-100.24943, 30.44934], [-100.24928, 30.44931], [-100.24885, 30.44919], [-100.2487, 30.44916], [-100.24763, 30.44888], [-100.2452, 30.44822], [-100.24341, 30.44774], [-100.24263, 30.44751], [-100.24242, 30.44746], [-100.24107, 30.4471], [-100.24024, 30.44689], [-100.23928, 30.44663], [-100.23869, 30.44647], [-100.23754, 30.44618], [-100.23627, 30.44592], [-100.23428, 30.4456], [-100.23371, 30.44551], [-100.23202, 30.44531], [-100.23076, 30.44519], [-100.23016, 30.44514], [-100.22876, 30.445], [-100.22523, 30.44466], [-100.22391, 30.44455], [-100.22367, 30.44452], [-100.22336, 30.44449], [-100.22064, 30.44422], [-100.21869, 30.44405], [-100.21638, 30.44381], [-100.21392, 30.44358], [-100.21137, 30.44334], [-100.20997, 30.44324], [-100.2083, 30.44318], [-100.20751, 30.4432], [-100.20727, 30.44326], [-100.20401, 30.4433], [-100.20393, 30.44331], [-100.20369, 30.44334], [-100.20361, 30.44335], [-100.20333, 30.44338], [-100.20207, 30.44358], [-100.2, 30.44394], [-100.19966, 30.44391], [-100.19866, 30.44409], [-100.19753, 30.44436], [-100.19647, 30.44465], [-100.19516, 30.44506], [-100.19316, 30.44574], [-100.19139, 30.44621], [-100.19085, 30.44638], [-100.18882, 30.44701], [-100.1833, 30.4487], [-100.18285, 30.44884], [-100.1806, 30.44956], [-100.17656, 30.45085], [-100.17396, 30.45164], [-100.17383, 30.45168], [-100.1738, 30.45169], [-100.17188, 30.45228], [-100.16701, 30.45379], [-100.1631, 30.45495], [-100.1612, 30.45542], [-100.15943, 30.45586], [-100.15863, 30.45606], [-100.15438, 30.45716], [-100.14937, 30.45846], [-100.1466, 30.45919], [-100.14559, 30.45945], [-100.14335, 30.46014], [-100.14306, 30.46022], [-100.14303, 30.46023], [-100.1425, 30.46041], [-100.13927, 30.46144], [-100.13407, 30.46308], [-100.13034, 30.4642], [-100.1283, 30.46485], [-100.12535, 30.46581], [-100.12077, 30.46725], [-100.11766, 30.46824], [-100.11664, 30.46857]]}}, {"type": "Feature", "properties": {"name": "I- 10"}, "geometry": {"type": "LineString", "coordinates": [[-104.1811, 31.06271], [-104.1804, 31.06254], [-104.18028, 31.06251], [-104.17753, 31.0618], [-104.17618, 31.06145], [-104.17462, 31.06109], [-104.17374, 31.06093], [-104.1727, 31.06078], [-104.17109, 31.06063], [-104.16891, 31.06056], [-104.16664, 31.06052], [-104.16297, 31.06048], [-104.15999, 31.06043], [-104.15978, 31.06043], [-104.15871, 31.06046], [-104.15825, 31.0605], [-104.15774, 31.06055], [-104.15696, 31.06065], [-104.15595, 31.0608], [-104.15446, 31.06113], [-104.15378, 31.06134], [-104.15251, 31.06176], [-104.15149, 31.06217], [-104.1513, 31.06226], [-104.15076, 31.06251], [-104.14861, 31.06355], [-104.14782, 31.06393], [-104.14638, 31.06462], [-104.14544, 31.06508], [-104.14466, 31.06547], [-104.14458, 31.06551], [-104.14434, 31.06563], [-104.14426, 31.06567], [-104.14388, 31.06585], [-104.14273, 31.06639], [-104.14258, 31.06646], [-104.14234, 31.06657], [-104.14222, 31.06662], [-104.14186, 31.06677], [-104.14174, 31.06682], [-104.14158, 31.0669], [-104.14112, 31.06713], [-104.14096, 31.06721], [-104.14037, 31.0675], [-104.1386, 31.06838], [-104.13802, 31.06868], [-104.13796, 31.0687], [-104.13795, 31.06871], [-104.13791, 31.06873], [-104.13789, 31.06874], [-104.13408, 31.07056], [-104.13339, 31.07089], [-104.13268, 31.0712], [-104.13191, 31.07151], [-104.13132, 31.07172], [-104.13066, 31.07193], [-104.12935, 31.07229], [-104.12679, 31.07281], [-104.12604, 31.07302], [-104.12537, 31.07323], [-104.12442, 31.07357], [-104.12364, 31.07387], [-104.12261, 31.07436], [-104.12213, 31.07463], [-104.11843, 31.07668], [-104.11633, 31.07784], [-104.11624, 31.07789], [-104.11345, 31.07939], [-104.11208, 31.07999], [-104.10941, 31.08095], [-104.10706, 31.0818], [-104.10673, 31.08192], [-104.10574, 31.08228], [-104.10541, 31.0824], [-104.10487, 31.08259], [-104.10325, 31.08317], [-104.10271, 31.08336], [-104.10253, 31.08342], [-104.1025, 31.08343], [-104.10155, 31.08373], [-104.1009, 31.08394], [-104.09977, 31.08421], [-104.0983, 31.08441], [-104.09798, 31.08442], [-104.09696, 31.08446], [-104.09676, 31.08444], [-104.09618, 31.08441], [-104.09606, 31.0844], [-104.09443, 31.08418], [-104.09385, 31.0841], [-104.09254, 31.08392], [-104.09242, 31.0839], [-104.08941, 31.08347], [-104.08813, 31.08329], [-104.0867, 31.08309], [-104.08553, 31.08293], [-104.08521, 31.08289], [-104.08441, 31.0828], [-104.08284, 31.08267], [-104.08245, 31.08264], [-104.08153, 31.08259], [-104.08071, 31.08259], [-104.07984, 31.08258], [-104.07921, 31.08258], [-104.07904, 31.08258], [-104.07876, 31.08259], [-104.07852, 31.08259], [-104.07849, 31.08259], [-104.07835, 31.0826], [-104.07438, 31.08286], [-104.07115, 31.08308], [-104.06918, 31.08337]]}}, {"type": "Feature", "properties": {"name": "I- 10"}, "geometry": {"type": "LineString", "coordinates": [[-101.8095, 30.71781], [-101.80517, 30.71667], [-101.80076, 30.71545], [-101.79478, 30.71406], [-101.7945, 30.71403], [-101.7942, 30.71401], [-101.79366, 30.71397], [-101.79315, 30.71395], [-101.79267, 30.71393], [-101.79184, 30.71394], [-101.7909, 30.714], [-101.79034, 30.71405], [-101.78987, 30.7141], [-101.78913, 30.71422], [-101.78848, 30.71433], [-101.78811, 30.71441], [-101.78748, 30.71456], [-101.78601, 30.71493], [-101.78553, 30.71506], [-101.78372, 30.71551], [-101.78356, 30.71555], [-101.78122, 30.71616], [-101.77993, 30.71648], [-101.77871, 30.7168], [-101.77789, 30.717], [-101.77706, 30.71722], [-101.77585, 30.71752], [-101.7746, 30.71784], [-101.77374, 30.71805], [-101.77298, 30.71825], [-101.77156, 30.71861], [-101.77075, 30.71882], [-101.77045, 30.7189], [-101.76667, 30.71985], [-101.76564, 30.72012], [-101.76507, 30.72027], [-101.76419, 30.72049], [-101.7629, 30.72082], [-101.76193, 30.7211], [-101.7605, 30.72157], [-101.75948, 30.72192], [-101.75859, 30.72227], [-101.75846, 30.72231], [-101.75728, 30.7228], [-101.75681, 30.72301], [-101.7536, 30.72457], [-101.75173, 30.72549], [-101.75133, 30.72571], [-101.75032, 30.72631], [-101.74997, 30.72653], [-101.74981, 30.72665], [-101.74957, 30.72682], [-101.74841, 30.72778], [-101.74646, 30.72928], [-101.74632, 30.72936], [-101.74597, 30.72964], [-101.74405, 30.73118], [-101.74386, 30.73133], [-101.74333, 30.73171], [-101.74303, 30.73191], [-101.74287, 30.732], [-101.7425, 30.73221], [-101.74223, 30.73235], [-101.74207, 30.73243], [-101.74173, 30.73259], [-101.7413, 30.73278], [-101.74083, 30.73295], [-101.74059, 30.73303], [-101.74013, 30.73317], [-101.73969, 30.7333], [-101.73933, 30.73339], [-101.73881, 30.73347], [-101.73839, 30.73356], [-101.73819, 30.73357], [-101.73783, 30.7336], [-101.73722, 30.73364], [-101.73691, 30.73364], [-101.73619, 30.73362], [-101.73572, 30.73359], [-101.73532, 30.73357], [-101.73493, 30.73355], [-101.73458, 30.73353], [-101.73429, 30.73351], [-101.73386, 30.73348], [-101.7336, 30.73347], [-101.73307, 30.73347], [-101.73215, 30.73351], [-101.7319, 30.73353], [-101.73175, 30.73355], [-101.73118, 30.73362], [-101.73081, 30.73367], [-101.73031, 30.73378], [-101.73009, 30.73382], [-101.72966, 30.73391], [-101.7293, 30.73402], [-101.72916, 30.73407], [-101.729, 30.73411], [-101.72868, 30.73422], [-101.72822, 30.73439], [-101.72753, 30.7347], [-101.72707, 30.73493], [-101.72669, 30.73512], [-101.72626, 30.73535], [-101.72538, 30.73594], [-101.72481, 30.73633], [-101.72467, 30.73642], [-101.72395, 30.73692], [-101.72279, 30.73773], [-101.7215, 30.7386], [-101.72088, 30.73905], [-101.72059, 30.73925], [-101.72011, 30.73955], [-101.71974, 30.7398], [-101.71927, 30.74012], [-101.71864, 30.74056], [-101.71845, 30.74069], [-101.71805, 30.74097], [-101.71727, 30.74153], [-101.71684, 30.74183], [-101.71607, 30.74235], [-101.716, 30.7424], [-101.7158, 30.74254], [-101.71536, 30.74282], [-101.71506, 30.743], [-101.71467, 30.74321], [-101.71378, 30.74366], [-101.71334, 30.74386], [-101.71287, 30.74407], [-101.71264, 30.74417], [-101.71231, 30.7443], [-101.71197, 30.74443], [-101.71174, 30.74451], [-101.71078, 30.74482], [-101.71066, 30.74485], [-101.7102, 30.74498], [-101.7097, 30.7451], [-101.70867, 30.74533], [-101.70796, 30.74549], [-101.70764, 30.74555], [-101.70726, 30.74563], [-101.70647, 30.74581], [-101.7059, 30.74592], [-101.7048, 30.74615], [-101.7037, 30.7464], [-101.70301, 30.74655], [-101.70222, 30.74672], [-101.70161, 30.74686], [-101.70102, 30.74698], [-101.70043, 30.7471], [-101.69958, 30.74728], [-101.69918, 30.74734], [-101.69898, 30.74737], [-101.6986, 30.74744], [-101.69821, 30.74748], [-101.69744, 30.74754], [-101.69673, 30.74758], [-101.69624, 30.74759], [-101.69575, 30.74759], [-101.69539, 30.74758], [-101.69384, 30.74749], [-101.69344, 30.74745], [-101.6933, 30.74743], [-101.69305, 30.74741], [-101.6928, 30.74738], [-101.69239, 30.74731], [-101.69189, 30.74722], [-101.69138, 30.74711], [-101.69109, 30.74705], [-101.6903, 30.74685], [-101.6901, 30.7468], [-101.6895, 30.74661], [-101.68917, 30.7465], [-101.68897, 30.74643], [-101.68852, 30.74627], [-101.68815, 30.74614], [-101.6881, 30.74612], [-101.68737, 30.74587], [-101.68598, 30.74538], [-101.68539, 30.74517], [-101.68473, 30.74492], [-101.68415, 30.74474], [-101.68373, 30.74458], [-101.68292, 30.74431], [-101.68253, 30.7442], [-101.68233, 30.74413], [-101.68196, 30.74403], [-101.68152, 30.7439], [-101.68066, 30.74368], [-101.68029, 30.74358], [-101.67988, 30.74349], [-101.67897, 30.74329], [-101.678, 30.74311], [-101.67718, 30.74296], [-101.67597, 30.74273], [-101.6746, 30.74248], [-101.6743, 30.74242], [-101.6738, 30.74232], [-101.67249, 30.74208], [-101.67186, 30.74195], [-101.67123, 30.74184], [-101.67069, 30.74173], [-101.66981, 30.74158], [-101.66874, 30.74136], [-101.66761, 30.74116], [-101.66491, 30.74066], [-101.66065, 30.73987], [-101.65983, 30.73972], [-101.65403, 30.73863], [-101.65395, 30.73861], [-101.65223, 30.7383], [-101.65029, 30.73793], [-101.64955, 30.7378], [-101.6489, 30.73767], [-101.64584, 30.7371], [-101.64478, 30.73689], [-101.64431, 30.73682], [-101.64383, 30.73672], [-101.64364, 30.73669], [-101.64299, 30.73656], [-101.64232, 30.73644], [-101.64026, 30.73606], [-101.6392, 30.73585], [-101.63864, 30.73576], [-101.63803, 30.73563], [-101.63757, 30.73556], [-101.63726, 30.7355], [-101.63682, 30.73541], [-101.63638, 30.73532], [-101.63581, 30.73523], [-101.63514, 30.73509], [-101.63416, 30.73493], [-101.63352, 30.73485], [-101.63338, 30.73483], [-101.63287, 30.73475], [-101.63224, 30.73468], [-101.63043, 30.73453], [-101.62894, 30.73446], [-101.62751, 30.73446], [-101.62645, 30.73449], [-101.62576, 30.73452], [-101.62444, 30.73462], [-101.62408, 30.73466], [-101.62301, 30.73478], [-101.6219, 30.73493], [-101.62069, 30.73511], [-101.6203, 30.73516], [-101.61786, 30.73547], [-101.61676, 30.73556], [-101.61647, 30.73559], [-101.6162, 30.73561], [-101.61558, 30.73564], [-101.61556, 30.73564], [-101.61542, 30.73565], [-101.61515, 30.73566], [-101.61484, 30.73567], [-101.61385, 30.73569], [-101.61321, 30.73569], [-101.61308, 30.73569], [-101.61235, 30.73567], [-101.6115, 30.73565], [-101.61062, 30.73558], [-101.60929, 30.73547], [-101.60799, 30.73532], [-101.6067, 30.73513], [-101.60642, 30.73508], [-101.60558, 30.73493], [-101.6044, 30.73468], [-101.60325, 30.7344], [-101.60211, 30.7341], [-101.59869, 30.73309], [-101.59805, 30.7329], [-101.5953, 30.73211], [-101.59516, 30.73207], [-101.59415, 30.73182], [-101.59398, 30.73178], [-101.59283, 30.73153], [-101.59167, 30.73132], [-101.59112, 30.73124], [-101.5907, 30.73117], [-101.5901, 30.73109], [-101.58991, 30.73107], [-101.58963, 30.73103], [-101.58935, 30.731], [-101.58916, 30.73098], [-101.58877, 30.73093], [-101.58808, 30.73088], [-101.58736, 30.73082], [-101.58613, 30.73075], [-101.58478, 30.73073], [-101.58316, 30.73073], [-101.57954, 30.73071], [-101.57941, 30.73071], [-101.57818, 30.7307], [-101.57549, 30.7307], [-101.57433, 30.73066], [-101.57386, 30.73062], [-101.5731, 30.73054], [-101.57216, 30.73042], [-101.57149, 30.73032], [-101.5704, 30.73017], [-101.56924, 30.73002], [-101.5679, 30.72984], [-101.56595, 30.72958], [-101.56149, 30.72898], [-101.55671, 30.72833], [-101.55522, 30.72813], [-101.55014, 30.72747], [-101.54833, 30.72724], [-101.54567, 30.72697], [-101.54462, 30.72689], [-101.54357, 30.72683], [-101.5422, 30.72672], [-101.54086, 30.72663], [-101.53999, 30.72656], [-101.53907, 30.72649], [-101.53894, 30.72648], [-101.53869, 30.72645], [-101.53792, 30.72635], [-101.53752, 30.72628], [-101.53666, 30.72609], [-101.53622, 30.72596], [-101.53584, 30.72584], [-101.53553, 30.72574], [-101.53512, 30.72558], [-101.53486, 30.72546], [-101.5343, 30.72521], [-101.53356, 30.72483], [-101.53292, 30.72444], [-101.53215, 30.7239], [-101.53193, 30.72372], [-101.53155, 30.72341], [-101.53121, 30.72309], [-101.53069, 30.72257], [-101.53016, 30.72195], [-101.52982, 30.72149], [-101.52948, 30.72098], [-101.52914, 30.72044], [-101.52868, 30.71967], [-101.52805, 30.71865], [-101.52794, 30.71846], [-101.52735, 30.71749], [-101.52618, 30.71556], [-101.52605, 30.71538], [-101.52586, 30.71512], [-101.52553, 30.7147], [-101.52535, 30.71449], [-101.52499, 30.71409], [-101.52428, 30.71342], [-101.52389, 30.71311], [-101.52366, 30.71295], [-101.5231, 30.71253], [-101.52242, 30.71212], [-101.52092, 30.71128], [-101.52061, 30.71111], [-101.51968, 30.71061], [-101.51901, 30.71021], [-101.5181, 30.70961], [-101.51725, 30.70899], [-101.51518, 30.70746], [-101.51482, 30.70723], [-101.51415, 30.70681], [-101.51374, 30.70657], [-101.51343, 30.7064], [-101.51286, 30.70611], [-101.5126, 30.70598], [-101.51154, 30.70551], [-101.51144, 30.70547], [-101.50849, 30.70429], [-101.50823, 30.70419], [-101.50809, 30.70414], [-101.50796, 30.70408], [-101.50765, 30.70397], [-101.50751, 30.70391], [-101.50705, 30.70374], [-101.50615, 30.70345], [-101.50587, 30.70336], [-101.50507, 30.70316], [-101.50387, 30.70291], [-101.50159, 30.70249], [-101.49796, 30.70185], [-101.49417, 30.70116], [-101.49367, 30.70107], [-101.48945, 30.70032], [-101.4883, 30.70012], [-101.48496, 30.69953], [-101.48122, 30.69886], [-101.4797, 30.69859], [-101.47944, 30.69854], [-101.47832, 30.69834], [-101.47339, 30.69746], [-101.46885, 30.69667], [-101.46651, 30.69626], [-101.4636, 30.69574], [-101.45766, 30.69469], [-101.45202, 30.69369], [-101.4502, 30.69337], [-101.44544, 30.69252], [-101.44083, 30.6917], [-101.43406, 30.69049], [-101.43265, 30.69029], [-101.43103, 30.6901], [-101.42999, 30.69001], [-101.42845, 30.68996], [-101.42669, 30.68994], [-101.42334, 30.68991], [-101.41578, 30.68984], [-101.41169, 30.68982], [-101.40701, 30.68977], [-101.40376, 30.68976], [-101.40272, 30.68975], [-101.40255, 30.68976], [-101.40197, 30.68976], [-101.40158, 30.68977], [-101.40081, 30.68975], [-101.39899, 30.68969], [-101.39417, 30.68967], [-101.39182, 30.68967], [-101.38962, 30.68966], [-101.38875, 30.68963], [-101.38766, 30.68958], [-101.38645, 30.6895], [-101.38426, 30.68929], [-101.38285, 30.68909], [-101.38186, 30.6889], [-101.38054, 30.68861], [-101.37939, 30.68836], [-101.37727, 30.68778], [-101.37535, 30.68716], [-101.37502, 30.68704], [-101.37015, 30.6855], [-101.36552, 30.68406], [-101.36438, 30.68373], [-101.36312, 30.68342], [-101.36103, 30.68299], [-101.35567, 30.68206], [-101.35033, 30.68111], [-101.34862, 30.68082], [-101.34777, 30.68067], [-101.34557, 30.68028], [-101.34022, 30.67933], [-101.33904, 30.67912], [-101.33319, 30.67808], [-101.33198, 30.6779], [-101.33059, 30.67774], [-101.32995, 30.67768], [-101.32946, 30.67764], [-101.32865, 30.6776], [-101.32788, 30.67756], [-101.32762, 30.67755], [-101.32638, 30.67753], [-101.32448, 30.67757], [-101.32313, 30.67766], [-101.3224, 30.67771], [-101.32072, 30.67791], [-101.32013, 30.67799], [-101.31897, 30.67819], [-101.31761, 30.67845], [-101.31706, 30.67856], [-101.31553, 30.67895], [-101.31364, 30.67953], [-101.31268, 30.67984], [-101.31167, 30.6802], [-101.30904, 30.68111], [-101.30464, 30.68266], [-101.30419, 30.68282], [-101.30258, 30.68337], [-101.30206, 30.68355], [-101.30178, 30.68365], [-101.29993, 30.6843], [-101.29692, 30.68533], [-101.2943, 30.68626], [-101.29194, 30.68707], [-101.28902, 30.6881], [-101.28657, 30.68895], [-101.28606, 30.68913], [-101.28218, 30.69048], [-101.27861, 30.69173], [-101.27454, 30.69289], [-101.26963, 30.69371], [-101.26868, 30.69384], [-101.26784, 30.69393], [-101.26528, 30.69426], [-101.26057, 30.69483], [-101.26, 30.6949], [-101.25891, 30.69502], [-101.25882, 30.69503], [-101.2539, 30.69565], [-101.25249, 30.69581], [-101.25146, 30.69594], [-101.25026, 30.69609], [-101.24946, 30.69619], [-101.24835, 30.69632], [-101.24723, 30.69646], [-101.24567, 30.69663], [-101.24083, 30.69723], [-101.24075, 30.69724], [-101.23956, 30.69739], [-101.23851, 30.69755], [-101.23717, 30.69778], [-101.23616, 30.69799], [-101.23573, 30.69809], [-101.23551, 30.69815], [-101.2322, 30.69908], [-101.22832, 30.70027], [-101.22664, 30.70079], [-101.22414, 30.70158], [-101.22404, 30.70161], [-101.21936, 30.70305], [-101.21877, 30.70323], [-101.21778, 30.70355], [-101.21617, 30.70403], [-101.21491, 30.7044], [-101.2139, 30.70466], [-101.21342, 30.70478], [-101.21258, 30.70497], [-101.21139, 30.70521], [-101.21074, 30.70532], [-101.20961, 30.70549], [-101.20915, 30.70556], [-101.20836, 30.70565], [-101.20766, 30.70571], [-101.20674, 30.70579], [-101.20638, 30.70581], [-101.20538, 30.70586], [-101.20322, 30.70588], [-101.20155, 30.70589], [-101.20114, 30.70588], [-101.19961, 30.70587], [-101.19918, 30.70588], [-101.19888, 30.70588], [-101.19858, 30.70589], [-101.19258, 30.70617], [-101.19192, 30.70625], [-101.19073, 30.70642], [-101.1896, 30.70661], [-101.18881, 30.70677], [-101.18856, 30.70682], [-101.18621, 30.70729], [-101.1841, 30.70771], [-101.18277, 30.70797], [-101.18081, 30.70836], [-101.17827, 30.70886], [-101.17559, 30.7094], [-101.1746, 30.70959], [-101.17358, 30.70979], [-101.17243, 30.71002], [-101.17133, 30.71021], [-101.171, 30.71027], [-101.17062, 30.71033], [-101.1697, 30.71044], [-101.16556, 30.71071], [-101.16141, 30.7106], [-101.16048, 30.71051], [-101.15966, 30.71042], [-101.1583, 30.71024], [-101.15747, 30.7101], [-101.15667, 30.70993], [-101.15506, 30.7096], [-101.15418, 30.70941], [-101.15257, 30.70903], [-101.14971, 30.7084], [-101.14964, 30.70838], [-101.14838, 30.70809], [-101.14717, 30.70782], [-101.14565, 30.70748], [-101.14505, 30.70735], [-101.14168, 30.70659], [-101.14004, 30.70623], [-101.13689, 30.70551], [-101.13589, 30.70528], [-101.13434, 30.70494], [-101.13394, 30.70485], [-101.13306, 30.70465], [-101.13057, 30.70409], [-101.12933, 30.70381], [-101.12588, 30.70304], [-101.12517, 30.70288], [-101.12138, 30.70199], [-101.11931, 30.70149], [-101.11385, 30.70021], [-101.11131, 30.69961], [-101.10886, 30.69902], [-101.10465, 30.69803], [-101.10385, 30.69784], [-101.09923, 30.69675], [-101.09859, 30.6966], [-101.09441, 30.6956], [-101.09243, 30.69514], [-101.08947, 30.69444], [-101.08872, 30.69425], [-101.08548, 30.69349], [-101.08508, 30.69341], [-101.08284, 30.69287], [-101.074, 30.69077], [-101.06933, 30.68966], [-101.06691, 30.68909], [-101.05972, 30.68739], [-101.05537, 30.68636], [-101.05289, 30.68578], [-101.05074, 30.68526], [-101.04835, 30.6847], [-101.04564, 30.68405], [-101.04134, 30.68305], [-101.03944, 30.68258], [-101.03702, 30.68195], [-101.02979, 30.68011], [-101.02678, 30.67935], [-101.02415, 30.67867], [-101.02158, 30.67805], [-101.01898, 30.67735], [-101.01633, 30.67667], [-101.01124, 30.67534], [-101.00865, 30.67468], [-101.00342, 30.67338], [-101.00138, 30.67283], [-101.00033, 30.67256], [-100.99977, 30.67242], [-100.99922, 30.67231], [-100.99882, 30.67222], [-100.99768, 30.67197], [-100.99403, 30.67118], [-100.99189, 30.67072], [-100.98939, 30.67015], [-100.98676, 30.66961], [-100.98539, 30.66931], [-100.98386, 30.66898], [-100.98068, 30.6683], [-100.97741, 30.66759], [-100.97541, 30.66714], [-100.97371, 30.66679], [-100.97247, 30.66652], [-100.97111, 30.66622], [-100.96878, 30.66569], [-100.96689, 30.66532], [-100.96677, 30.6653], [-100.96596, 30.66511], [-100.96497, 30.66491], [-100.96397, 30.66469], [-100.96232, 30.66434], [-100.96065, 30.66398]]}}, {"type": "Feature", "properties": {"name": "US Hwy 87"}, "geometry": {"type": "LineString", "coordinates": [[-101.8409, 33.82729], [-101.84091, 33.82857], [-101.84089, 33.8314], [-101.84088, 33.83184], [-101.84087, 33.83552], [-101.84089, 33.83567], [-101.8409, 33.83734], [-101.84095, 33.83788], [-101.84101, 33.83814], [-101.84113, 33.83852], [-101.84137, 33.83897], [-101.84146, 33.83912], [-101.84157, 33.8393], [-101.84175, 33.83953], [-101.84198, 33.8398], [-101.84229, 33.84009], [-101.84269, 33.84043], [-101.84278, 33.84051], [-101.84593, 33.84332], [-101.84658, 33.84389], [-101.84682, 33.84406], [-101.84781, 33.84488], [-101.84977, 33.84658], [-101.85065, 33.84734], [-101.85076, 33.84744], [-101.85098, 33.84766], [-101.85126, 33.84797], [-101.85165, 33.84848], [-101.85206, 33.84905], [-101.85233, 33.84945], [-101.85259, 33.84992], [-101.85288, 33.85054], [-101.85306, 33.85096], [-101.8533, 33.8517], [-101.85353, 33.85276], [-101.85359, 33.85327], [-101.85361, 33.85379], [-101.85363, 33.85521], [-101.85361, 33.85693], [-101.85359, 33.86776], [-101.85357, 33.86794], [-101.85362, 33.87064], [-101.85365, 33.87184], [-101.85363, 33.87465], [-101.85363, 33.87503], [-101.85363, 33.87631], [-101.85364, 33.87699], [-101.85365, 33.87772], [-101.85368, 33.88016], [-101.85367, 33.88316], [-101.85367, 33.88393], [-101.8537, 33.88809], [-101.8537, 33.89251], [-101.85372, 33.89709], [-101.85373, 33.90488], [-101.8537, 33.91256], [-101.85365, 33.91607], [-101.85362, 33.91634], [-101.85358, 33.91685], [-101.85361, 33.91982], [-101.85364, 33.92351], [-101.85365, 33.9267], [-101.85362, 33.93009], [-101.85362, 33.9307], [-101.85361, 33.93153], [-101.85359, 33.93393], [-101.85359, 33.93422], [-101.8536, 33.93708], [-101.8536, 33.9375], [-101.8536, 33.93808], [-101.8536, 33.93818], [-101.85363, 33.94255], [-101.85368, 33.95404], [-101.85371, 33.95853], [-101.85371, 33.96331], [-101.85371, 33.97182], [-101.85368, 33.97364], [-101.85373, 33.97374], [-101.8537, 33.97787], [-101.85374, 33.98192], [-101.85368, 33.98192], [-101.85378, 33.98714], [-101.85374, 33.99238], [-101.85374, 33.99255], [-101.85374, 33.99283], [-101.85375, 33.99513], [-101.85376, 33.99616], [-101.85371, 33.99653], [-101.85369, 34.00679], [-101.85369, 34.0077], [-101.85368, 34.01131], [-101.85368, 34.01546], [-101.85367, 34.02109], [-101.85366, 34.02626], [-101.85366, 34.02854], [-101.85366, 34.03587], [-101.85366, 34.03762], [-101.85363, 34.04013], [-101.85365, 34.04017], [-101.85362, 34.04216], [-101.85362, 34.04379], [-101.85362, 34.04486], [-101.85332, 34.04675], [-101.85319, 34.0472], [-101.85299, 34.04776], [-101.85282, 34.04815], [-101.85252, 34.04876], [-101.85222, 34.04928], [-101.85185, 34.04984], [-101.85154, 34.05025], [-101.85122, 34.05063], [-101.85108, 34.0508], [-101.85086, 34.05101], [-101.85056, 34.05132], [-101.85022, 34.05163], [-101.84986, 34.05192], [-101.84859, 34.053], [-101.8485, 34.05308], [-101.84796, 34.05356], [-101.84749, 34.05398], [-101.84712, 34.05434], [-101.84658, 34.05486], [-101.84599, 34.05541], [-101.8459, 34.05549], [-101.84585, 34.05553], [-101.84507, 34.05631], [-101.84478, 34.05664], [-101.84454, 34.05697], [-101.84432, 34.05731], [-101.84422, 34.0575], [-101.84414, 34.05765], [-101.84395, 34.05809], [-101.84385, 34.05841], [-101.84369, 34.05927], [-101.84368, 34.06018], [-101.84365, 34.06182], [-101.84365, 34.06435], [-101.84365, 34.0668], [-101.84361, 34.06741], [-101.84357, 34.06758], [-101.84351, 34.06798], [-101.8435, 34.06809], [-101.84343, 34.06842], [-101.84328, 34.06886], [-101.84304, 34.06936], [-101.84278, 34.06977], [-101.84231, 34.07046], [-101.84194, 34.07087], [-101.84153, 34.0713], [-101.84075, 34.07189], [-101.84007, 34.07238], [-101.83951, 34.07278], [-101.83819, 34.07369], [-101.83602, 34.07531], [-101.83596, 34.07535], [-101.83519, 34.0759], [-101.83449, 34.07639], [-101.83391, 34.07675], [-101.83342, 34.07704], [-101.83205, 34.07778], [-101.829, 34.07939], [-101.81847, 34.08498], [-101.81314, 34.08784], [-101.80771, 34.09068], [-101.80456, 34.09233], [-101.80439, 34.09249], [-101.80104, 34.0943], [-101.79928, 34.09519], [-101.79921, 34.09519], [-101.79793, 34.09587], [-101.7937, 34.0981], [-101.79092, 34.09957], [-101.78735, 34.10154], [-101.78434, 34.10313], [-101.78285, 34.10392], [-101.78228, 34.10429], [-101.78163, 34.10474], [-101.7791, 34.10666], [-101.77662, 34.10853], [-101.77311, 34.11121], [-101.76999, 34.11357], [-101.76892, 34.11438], [-101.76599, 34.11659], [-101.76549, 34.11697], [-101.76286, 34.11896], [-101.76269, 34.11908], [-101.76101, 34.12038], [-101.75828, 34.12247], [-101.75777, 34.12286], [-101.75713, 34.12334], [-101.7563, 34.12398], [-101.75404, 34.12568], [-101.75313, 34.12637], [-101.75235, 34.12694], [-101.75162, 34.12753], [-101.75118, 34.12792], [-101.75034, 34.12882], [-101.75001, 34.12924], [-101.74972, 34.12965], [-101.74968, 34.12972], [-101.7495, 34.13], [-101.74936, 34.13023], [-101.74914, 34.13064], [-101.74904, 34.13086], [-101.74899, 34.13097], [-101.74891, 34.13116], [-101.74875, 34.1315], [-101.74869, 34.13164], [-101.74852, 34.13212], [-101.7484, 34.13252], [-101.74827, 34.13304], [-101.74825, 34.13318], [-101.74817, 34.13371], [-101.74813, 34.13395], [-101.74811, 34.13407], [-101.74809, 34.13468], [-101.74809, 34.1347], [-101.74809, 34.13492], [-101.74811, 34.13647], [-101.74808, 34.13657], [-101.74808, 34.13696], [-101.74808, 34.13733], [-101.74813, 34.1396], [-101.7482, 34.14249], [-101.74829, 34.1455], [-101.74833, 34.14838], [-101.7484, 34.15137], [-101.74842, 34.15184], [-101.74854, 34.15432], [-101.74866, 34.15729], [-101.74881, 34.16026], [-101.74883, 34.1606], [-101.74885, 34.16096], [-101.74886, 34.16114], [-101.74901, 34.16271], [-101.74929, 34.16565], [-101.74937, 34.16633], [-101.74958, 34.16808], [-101.74973, 34.16899], [-101.75014, 34.17169], [-101.75045, 34.17408], [-101.7505, 34.17549], [-101.7505, 34.17592], [-101.75049, 34.17649], [-101.75043, 34.17697], [-101.75036, 34.17757], [-101.75027, 34.17848], [-101.75019, 34.17927], [-101.75017, 34.17948], [-101.74999, 34.18161], [-101.74996, 34.18194], [-101.74991, 34.18223], [-101.74989, 34.18236], [-101.74981, 34.18289], [-101.7498, 34.18447], [-101.74977, 34.1857], [-101.74977, 34.18744], [-101.74977, 34.1876], [-101.74978, 34.18772], [-101.74983, 34.18989], [-101.74982, 34.19199], [-101.74985, 34.19242], [-101.7499, 34.19359], [-101.74991, 34.19394], [-101.7499, 34.19462], [-101.74986, 34.19506], [-101.74981, 34.19544], [-101.74968, 34.19594], [-101.74956, 34.1963], [-101.7494, 34.19669], [-101.74925, 34.19704], [-101.74906, 34.19741], [-101.74887, 34.19773], [-101.74866, 34.19805], [-101.74843, 34.19838], [-101.74798, 34.19888], [-101.74682, 34.19999], [-101.7447, 34.20182], [-101.74202, 34.20412], [-101.74183, 34.20428], [-101.74132, 34.20476], [-101.7396, 34.20637], [-101.73922, 34.20673], [-101.73752, 34.20832], [-101.73546, 34.21022], [-101.73536, 34.21032], [-101.73532, 34.21036], [-101.73526, 34.21042], [-101.73394, 34.21164], [-101.73283, 34.21267], [-101.73187, 34.21347], [-101.73155, 34.21374], [-101.73077, 34.21439], [-101.72807, 34.21674], [-101.72802, 34.21677], [-101.72563, 34.21885], [-101.72511, 34.2193], [-101.72482, 34.21955], [-101.72436, 34.21995], [-101.72386, 34.22036], [-101.72368, 34.22051], [-101.72358, 34.2206], [-101.72349, 34.22067], [-101.72301, 34.22106], [-101.72247, 34.22154], [-101.72116, 34.22272], [-101.71796, 34.22549], [-101.71669, 34.22657], [-101.71473, 34.22824], [-101.71458, 34.22837], [-101.71188, 34.23076], [-101.71181, 34.23081], [-101.71176, 34.23086], [-101.71169, 34.23092], [-101.71164, 34.23097], [-101.71152, 34.23107], [-101.71105, 34.23155], [-101.71078, 34.23186], [-101.71032, 34.23238], [-101.71028, 34.23242], [-101.71003, 34.23279], [-101.70974, 34.23327], [-101.7097, 34.23334], [-101.70936, 34.23395], [-101.70904, 34.23465], [-101.70874, 34.23554], [-101.70864, 34.23578], [-101.70852, 34.23631], [-101.70845, 34.23663], [-101.70844, 34.23701], [-101.7084, 34.23753], [-101.70839, 34.23776], [-101.70839, 34.23792], [-101.70842, 34.23904], [-101.70853, 34.24472], [-101.70868, 34.24832], [-101.70876, 34.25135], [-101.70871, 34.2522], [-101.70877, 34.25361], [-101.70877, 34.25475], [-101.70883, 34.25698], [-101.70886, 34.25809], [-101.70892, 34.25861], [-101.709, 34.259], [-101.70906, 34.25917], [-101.70922, 34.25975], [-101.70935, 34.26008], [-101.7098, 34.26115], [-101.71026, 34.2622], [-101.71071, 34.26326], [-101.71205, 34.26642], [-101.71251, 34.26748], [-101.71296, 34.26854], [-101.71387, 34.27067], [-101.71478, 34.2728], [-101.71522, 34.2739], [-101.71539, 34.27428], [-101.71552, 34.27446], [-101.71682, 34.2776], [-101.7174, 34.27898], [-101.71747, 34.27911], [-101.71779, 34.27988], [-101.71821, 34.28084], [-101.71848, 34.28151], [-101.71861, 34.28182], [-101.71872, 34.28213], [-101.71891, 34.2825], [-101.72306, 34.29218], [-101.72706, 34.30165], [-101.72768, 34.30309], [-101.73187, 34.31284]]}}, {"type": "Feature", "properties": {"name": "US Hwy 87"}, "geometry": {"type": "LineString", "coordinates": [[-101.84106, 33.82729], [-101.84106, 33.828], [-101.84105, 33.82804], [-101.84105, 33.82881], [-101.84105, 33.83051], [-101.84104, 33.8314], [-101.84104, 33.83149], [-101.84104, 33.83175], [-101.84104, 33.83184], [-101.84104, 33.83314], [-101.84105, 33.83378], [-101.84106, 33.83579], [-101.84106, 33.83597], [-101.84107, 33.83706], [-101.84108, 33.83763], [-101.84113, 33.83795], [-101.84124, 33.83835], [-101.84129, 33.83852], [-101.8413, 33.83855], [-101.84144, 33.83879], [-101.84155, 33.83897], [-101.84164, 33.83913], [-101.84166, 33.83916], [-101.8418, 33.83935], [-101.84195, 33.83953], [-101.84214, 33.83974], [-101.84256, 33.84013], [-101.8428, 33.84034], [-101.8429, 33.84042], [-101.84496, 33.84217], [-101.8457, 33.84278], [-101.84614, 33.84314], [-101.84676, 33.84365], [-101.8469, 33.84376], [-101.84878, 33.84538], [-101.84992, 33.84637], [-101.84997, 33.84642], [-101.85052, 33.84689], [-101.85084, 33.84721], [-101.85156, 33.84798], [-101.85198, 33.84848], [-101.85251, 33.84928], [-101.85287, 33.8499], [-101.8532, 33.85063], [-101.8534, 33.85117], [-101.85358, 33.8517], [-101.85368, 33.85217], [-101.85374, 33.85255], [-101.8538, 33.85284], [-101.85387, 33.85334], [-101.85389, 33.8541], [-101.85388, 33.85581], [-101.85387, 33.85925], [-101.85389, 33.86097], [-101.85389, 33.86269], [-101.85389, 33.86619], [-101.85389, 33.86785], [-101.85389, 33.86793], [-101.85387, 33.86965], [-101.85389, 33.87063], [-101.8539, 33.87128], [-101.8539, 33.87145], [-101.85391, 33.87297], [-101.85389, 33.87394], [-101.85389, 33.87399], [-101.8539, 33.87477], [-101.8539, 33.87508], [-101.8539, 33.87601], [-101.8539, 33.87632], [-101.8539, 33.8766], [-101.85389, 33.87697], [-101.8539, 33.87747], [-101.8539, 33.87776], [-101.85393, 33.88016], [-101.85394, 33.88322], [-101.85394, 33.88392], [-101.85394, 33.88617], [-101.85394, 33.88807], [-101.85398, 33.90152], [-101.85398, 33.90488], [-101.85395, 33.9114], [-101.85393, 33.91591], [-101.85393, 33.91641], [-101.85393, 33.91659], [-101.85392, 33.91981], [-101.85392, 33.92217], [-101.85392, 33.92221], [-101.85392, 33.92324], [-101.85392, 33.92345], [-101.8539, 33.92669], [-101.85388, 33.92927], [-101.85387, 33.93009], [-101.85387, 33.93063], [-101.85387, 33.93092], [-101.85386, 33.9313], [-101.85386, 33.93163], [-101.85386, 33.93215], [-101.85385, 33.9337], [-101.85384, 33.93393], [-101.85385, 33.93422], [-101.85385, 33.93486], [-101.85385, 33.93678], [-101.85385, 33.93742], [-101.85385, 33.93807], [-101.85385, 33.93817], [-101.85389, 33.94255], [-101.85389, 33.94258], [-101.85393, 33.95404], [-101.85395, 33.95809], [-101.85396, 33.95853], [-101.85397, 33.96277], [-101.85396, 33.96325], [-101.85396, 33.96331], [-101.85396, 33.96533], [-101.85396, 33.97156], [-101.85397, 33.97182], [-101.85396, 33.97364], [-101.85396, 33.97375], [-101.85395, 33.97409], [-101.85395, 33.9742], [-101.85395, 33.97494], [-101.85395, 33.97611], [-101.85395, 33.97713], [-101.85395, 33.97786], [-101.85395, 33.97867], [-101.85396, 33.97952], [-101.85397, 33.98108], [-101.85398, 33.98188], [-101.85398, 33.98293], [-101.85398, 33.98607], [-101.85398, 33.98712], [-101.85398, 33.98741], [-101.85398, 33.98829], [-101.85398, 33.98859], [-101.85398, 33.98934], [-101.85398, 33.9916], [-101.85399, 33.99236], [-101.85399, 33.99245], [-101.85399, 33.99274], [-101.85399, 33.99283], [-101.85398, 33.99358], [-101.85397, 33.99581], [-101.85397, 33.99655], [-101.85397, 33.9973], [-101.85397, 33.99861], [-101.85398, 34.0042], [-101.85398, 34.00478], [-101.85397, 34.00684], [-101.85396, 34.00771], [-101.85396, 34.00969], [-101.85395, 34.01544], [-101.85395, 34.01823], [-101.85395, 34.01908], [-101.85395, 34.02108], [-101.85394, 34.02257], [-101.85394, 34.02627], [-101.85394, 34.02705], [-101.85394, 34.02854], [-101.85393, 34.03001], [-101.85393, 34.03362], [-101.85393, 34.03441], [-101.85392, 34.03588], [-101.85392, 34.03684], [-101.85391, 34.0376], [-101.85391, 34.03972], [-101.85391, 34.04068], [-101.8539, 34.04191], [-101.85389, 34.04309], [-101.85389, 34.04433], [-101.85388, 34.04513], [-101.85384, 34.04548], [-101.85382, 34.04559], [-101.85374, 34.04605], [-101.85363, 34.04656], [-101.85357, 34.0468], [-101.85346, 34.0472], [-101.85327, 34.04777], [-101.8531, 34.04814], [-101.85291, 34.04852], [-101.85278, 34.04879], [-101.85251, 34.04929], [-101.85215, 34.04984], [-101.85192, 34.05017], [-101.85157, 34.05054], [-101.85125, 34.05094], [-101.85097, 34.05124], [-101.85061, 34.05159], [-101.84932, 34.05271], [-101.84907, 34.05292], [-101.84891, 34.05306], [-101.8479, 34.05392], [-101.84765, 34.05413], [-101.84752, 34.05425], [-101.84731, 34.05444], [-101.84676, 34.05492], [-101.84649, 34.05514], [-101.84638, 34.05523], [-101.84603, 34.05552], [-101.84599, 34.05556], [-101.84564, 34.05592], [-101.84559, 34.05598], [-101.84518, 34.05639], [-101.84489, 34.05674], [-101.84466, 34.05707], [-101.84458, 34.05718], [-101.8444, 34.0575], [-101.84436, 34.05758], [-101.84432, 34.05765], [-101.84412, 34.0581], [-101.84411, 34.05813], [-101.84406, 34.0583], [-101.84394, 34.0587], [-101.84386, 34.05929], [-101.84385, 34.05949], [-101.84384, 34.05976], [-101.84383, 34.06178], [-101.84383, 34.06314], [-101.84384, 34.06435], [-101.84384, 34.06474], [-101.84383, 34.06506], [-101.8438, 34.06648], [-101.84377, 34.0672], [-101.84377, 34.06722], [-101.84367, 34.06785], [-101.84365, 34.0679], [-101.84361, 34.06816], [-101.84357, 34.06831], [-101.8435, 34.0686], [-101.84324, 34.0692], [-101.84311, 34.06946], [-101.843, 34.06968], [-101.84292, 34.06982], [-101.84265, 34.07022], [-101.84249, 34.07042], [-101.84232, 34.07064], [-101.842, 34.07102], [-101.8416, 34.0714], [-101.84117, 34.07174], [-101.84091, 34.07194], [-101.84033, 34.07238], [-101.83991, 34.07271], [-101.83944, 34.07305], [-101.83822, 34.07398], [-101.83679, 34.07505], [-101.8359, 34.07572], [-101.8353, 34.07617], [-101.83458, 34.07666], [-101.83405, 34.07699], [-101.83357, 34.07727], [-101.83253, 34.07783], [-101.8317, 34.07827], [-101.82958, 34.0794], [-101.82786, 34.0803], [-101.82445, 34.08212], [-101.82197, 34.08344], [-101.82092, 34.08399], [-101.81845, 34.0853], [-101.81726, 34.08592], [-101.81499, 34.08713], [-101.81338, 34.08799], [-101.80784, 34.09093], [-101.80569, 34.09209], [-101.8049, 34.09253], [-101.80464, 34.09266], [-101.80117, 34.09448], [-101.79836, 34.09596], [-101.79736, 34.09649], [-101.79377, 34.09841], [-101.79233, 34.09918], [-101.79, 34.10042], [-101.78709, 34.10195], [-101.78568, 34.10271], [-101.78511, 34.10305], [-101.78453, 34.10341], [-101.78414, 34.10367], [-101.77584, 34.10997], [-101.77353, 34.11173], [-101.77287, 34.11223], [-101.77196, 34.11292], [-101.77133, 34.1134], [-101.77052, 34.114], [-101.76983, 34.11451], [-101.76976, 34.11456], [-101.76931, 34.11486], [-101.76839, 34.11546], [-101.7666, 34.11653], [-101.76629, 34.11675], [-101.76598, 34.11698], [-101.76588, 34.11706], [-101.76559, 34.11728], [-101.76549, 34.11735], [-101.76463, 34.11798], [-101.76406, 34.11841], [-101.76305, 34.11919], [-101.76195, 34.12003], [-101.75981, 34.12166], [-101.75909, 34.12221], [-101.75839, 34.12274], [-101.75822, 34.12287], [-101.75771, 34.12326], [-101.75754, 34.12338], [-101.75703, 34.12377], [-101.75668, 34.12404], [-101.75563, 34.12483], [-101.75549, 34.12493], [-101.75497, 34.12532], [-101.75367, 34.1263], [-101.75326, 34.12661], [-101.75189, 34.12769], [-101.75124, 34.12828], [-101.75123, 34.1283], [-101.75081, 34.12875], [-101.75035, 34.12934], [-101.75014, 34.12962], [-101.75004, 34.12976], [-101.74978, 34.13014], [-101.74953, 34.13057], [-101.7493, 34.13101], [-101.74916, 34.13128], [-101.74892, 34.13186], [-101.74887, 34.13205], [-101.7486, 34.13295], [-101.74842, 34.13395], [-101.74839, 34.13442], [-101.74836, 34.13517], [-101.74837, 34.13538], [-101.74837, 34.13586], [-101.74838, 34.13651], [-101.74838, 34.13667], [-101.74839, 34.13717], [-101.74839, 34.13733], [-101.74839, 34.13755], [-101.74841, 34.13915], [-101.74841, 34.13937], [-101.74848, 34.14255], [-101.74853, 34.14462], [-101.74856, 34.14558], [-101.74858, 34.14644], [-101.7486, 34.14752], [-101.74867, 34.15076], [-101.74868, 34.15137], [-101.7487, 34.15184], [-101.74878, 34.15366], [-101.74881, 34.15415], [-101.74895, 34.15692], [-101.74903, 34.15914], [-101.74906, 34.15976], [-101.74911, 34.16059], [-101.74914, 34.16096], [-101.74916, 34.16132], [-101.74923, 34.16204], [-101.74928, 34.1626], [-101.7495, 34.16526], [-101.74951, 34.16537], [-101.74964, 34.16633], [-101.74988, 34.16816], [-101.74991, 34.16841], [-101.74998, 34.16895], [-101.75006, 34.1696], [-101.75031, 34.17142], [-101.75053, 34.17291], [-101.75062, 34.17365], [-101.75073, 34.17445], [-101.75079, 34.17531], [-101.75079, 34.17548], [-101.75079, 34.17572], [-101.75079, 34.17592], [-101.75077, 34.17643], [-101.75076, 34.17667], [-101.75076, 34.17678], [-101.75073, 34.17703], [-101.75062, 34.17813], [-101.75059, 34.17849], [-101.75052, 34.17916], [-101.75033, 34.18117], [-101.75032, 34.18126], [-101.75026, 34.18184], [-101.75025, 34.18193], [-101.75022, 34.18222], [-101.75021, 34.18231], [-101.7502, 34.18238], [-101.75018, 34.18259], [-101.75017, 34.18266], [-101.75012, 34.1831], [-101.75009, 34.18366], [-101.75007, 34.18402], [-101.75003, 34.18459], [-101.75003, 34.18581], [-101.75003, 34.18667], [-101.75003, 34.18673], [-101.75002, 34.18751], [-101.75002, 34.18767], [-101.75004, 34.18811], [-101.75011, 34.18943], [-101.75011, 34.18949], [-101.75012, 34.18987], [-101.75014, 34.19058], [-101.75017, 34.19188], [-101.75017, 34.19255], [-101.75018, 34.1927], [-101.75018, 34.19341], [-101.75018, 34.19345], [-101.75018, 34.19355], [-101.75019, 34.19358], [-101.75019, 34.19399], [-101.75021, 34.19447], [-101.75019, 34.19464], [-101.75015, 34.19495], [-101.74997, 34.19596], [-101.74984, 34.19642], [-101.74962, 34.19693], [-101.74929, 34.19757], [-101.74925, 34.19763], [-101.74904, 34.19797], [-101.74877, 34.19837], [-101.74865, 34.19851], [-101.74813, 34.19913], [-101.74772, 34.19951], [-101.74726, 34.1999], [-101.74469, 34.20213], [-101.74238, 34.20412], [-101.74203, 34.20444], [-101.74174, 34.20468], [-101.74168, 34.20473], [-101.73994, 34.2063], [-101.73925, 34.20702], [-101.73646, 34.2096], [-101.73626, 34.20979], [-101.73567, 34.21038], [-101.73556, 34.21049], [-101.73553, 34.21051], [-101.73553, 34.21052], [-101.73463, 34.21132], [-101.73329, 34.21252], [-101.73193, 34.21373], [-101.73102, 34.21453], [-101.73027, 34.2152], [-101.72984, 34.21556], [-101.72729, 34.21777], [-101.72646, 34.21848], [-101.72628, 34.21863], [-101.72564, 34.21917], [-101.72509, 34.21964], [-101.72484, 34.21985], [-101.72421, 34.22039], [-101.7241, 34.22049], [-101.72386, 34.2207], [-101.72357, 34.22095], [-101.72349, 34.22102], [-101.72261, 34.22181], [-101.72248, 34.22192], [-101.72107, 34.2231], [-101.71829, 34.22548], [-101.71792, 34.2258], [-101.71691, 34.22669], [-101.71615, 34.22735], [-101.71471, 34.22861], [-101.71435, 34.22891], [-101.71386, 34.22933], [-101.71345, 34.22968], [-101.71309, 34.22999], [-101.71283, 34.23021], [-101.71229, 34.23068], [-101.7121, 34.23084], [-101.71204, 34.2309], [-101.71194, 34.23098], [-101.71186, 34.23106], [-101.7118, 34.23111], [-101.71174, 34.23117], [-101.71169, 34.23122], [-101.71134, 34.23157], [-101.7113, 34.23161], [-101.71124, 34.23169], [-101.71112, 34.23184], [-101.71103, 34.23195], [-101.71077, 34.23228], [-101.71069, 34.23237], [-101.71066, 34.23242], [-101.71057, 34.23253], [-101.71048, 34.23266], [-101.71025, 34.23302], [-101.7102, 34.23309], [-101.70998, 34.2334], [-101.70997, 34.23341], [-101.70987, 34.2336], [-101.70984, 34.23366], [-101.7097, 34.23392], [-101.70961, 34.23409], [-101.70934, 34.23471], [-101.70931, 34.23478], [-101.70924, 34.23499], [-101.70916, 34.23525], [-101.70908, 34.23553], [-101.70894, 34.23605], [-101.70887, 34.23632], [-101.70882, 34.23654], [-101.70874, 34.23705], [-101.7087, 34.23784], [-101.70871, 34.23857], [-101.70874, 34.23904], [-101.70884, 34.24117], [-101.70883, 34.24186], [-101.70883, 34.24257], [-101.70884, 34.24286], [-101.70888, 34.24529], [-101.70889, 34.24591], [-101.70889, 34.24608], [-101.70893, 34.24832], [-101.70898, 34.25018], [-101.70903, 34.25213], [-101.70905, 34.25263], [-101.70907, 34.25385], [-101.70908, 34.25408], [-101.70912, 34.25522], [-101.70912, 34.25634], [-101.70916, 34.2576], [-101.7092, 34.25819], [-101.70925, 34.25866], [-101.7094, 34.25934], [-101.70952, 34.2597], [-101.7096, 34.25991], [-101.70993, 34.26071], [-101.71089, 34.26296], [-101.71136, 34.26409], [-101.71234, 34.26634], [-101.71331, 34.26859], [-101.7137, 34.26955], [-101.71423, 34.27084], [-101.71473, 34.27195], [-101.71568, 34.27418], [-101.71589, 34.27463], [-101.71613, 34.27523], [-101.71616, 34.27529], [-101.7169, 34.27701], [-101.71711, 34.27751], [-101.71715, 34.27761], [-101.71728, 34.27791], [-101.71767, 34.27881], [-101.7178, 34.27911], [-101.71807, 34.27974], [-101.71887, 34.28163], [-101.71914, 34.28226], [-101.71993, 34.28415], [-101.72041, 34.28526], [-101.72071, 34.28597], [-101.72087, 34.28637], [-101.72136, 34.28749], [-101.72233, 34.28972], [-101.72279, 34.29082], [-101.72324, 34.2919], [-101.72375, 34.29306], [-101.72422, 34.29416], [-101.72515, 34.29637], [-101.72546, 34.29708], [-101.72563, 34.29749], [-101.72608, 34.29859], [-101.72655, 34.2997], [-101.72702, 34.30079], [-101.72704, 34.30082], [-101.72727, 34.30138], [-101.72751, 34.30193], [-101.72803, 34.30313], [-101.72828, 34.30371], [-101.72848, 34.30417], [-101.72906, 34.30554], [-101.73039, 34.30865], [-101.73133, 34.31089], [-101.73139, 34.31102], [-101.73217, 34.31284]]}}, {"type": "Feature", "properties": {"name": "US Hwy 87"}, "geometry": {"type": "LineString", "coordinates": [[-101.8409, 33.82659], [-101.84089, 33.82652], [-101.84089, 33.82456], [-101.84089, 33.82336], [-101.84077, 33.82192], [-101.84076, 33.82124], [-101.84072, 33.82073], [-101.84067, 33.82019], [-101.84064, 33.81996], [-101.84063, 33.81989], [-101.84059, 33.81965], [-101.84056, 33.81952], [-101.84055, 33.81946], [-101.84051, 33.81929], [-101.84043, 33.81892], [-101.84018, 33.81813], [-101.84002, 33.81773], [-101.83979, 33.81722], [-101.83954, 33.81675], [-101.83907, 33.81587], [-101.83899, 33.81569], [-101.83867, 33.81503], [-101.8383, 33.81412], [-101.83821, 33.81386], [-101.8381, 33.81353], [-101.83795, 33.81303], [-101.83778, 33.81232], [-101.8377, 33.8119], [-101.83764, 33.81149], [-101.83757, 33.81095], [-101.83754, 33.8106], [-101.83752, 33.81015], [-101.83752, 33.81013], [-101.83743, 33.79533], [-101.83742, 33.78819], [-101.83742, 33.78546], [-101.83742, 33.78485], [-101.83742, 33.78086], [-101.83739, 33.77575], [-101.83734, 33.76642], [-101.83733, 33.75216], [-101.83733, 33.75197], [-101.83732, 33.7498], [-101.83733, 33.74801], [-101.83734, 33.74758], [-101.83737, 33.74706], [-101.8374, 33.74672], [-101.83747, 33.74635], [-101.8376, 33.74591], [-101.83782, 33.74528], [-101.83796, 33.74487], [-101.8381, 33.74451], [-101.83865, 33.74336], [-101.83887, 33.74294], [-101.83991, 33.74091], [-101.84009, 33.74054], [-101.84021, 33.74031], [-101.84055, 33.7396], [-101.84071, 33.73924], [-101.84092, 33.73866], [-101.84105, 33.73832], [-101.8413, 33.73752], [-101.84133, 33.73737], [-101.84155, 33.73632], [-101.84164, 33.73557], [-101.8417, 33.73511], [-101.84173, 33.7346], [-101.84173, 33.73446], [-101.84175, 33.73397], [-101.84175, 33.73324], [-101.84176, 33.73209], [-101.84176, 33.73184], [-101.84176, 33.73136], [-101.84175, 33.72933], [-101.84175, 33.72912], [-101.84175, 33.72856], [-101.84176, 33.72763], [-101.84175, 33.72706], [-101.84171, 33.7266], [-101.84167, 33.72626], [-101.84165, 33.72608], [-101.84156, 33.72564], [-101.8415, 33.7254], [-101.84147, 33.72524], [-101.84135, 33.72488], [-101.84121, 33.72451], [-101.841, 33.72405], [-101.84082, 33.72366], [-101.84053, 33.72319], [-101.84017, 33.72254], [-101.83973, 33.72173], [-101.8394, 33.72102], [-101.83923, 33.72052], [-101.83915, 33.72021], [-101.83908, 33.7198], [-101.839, 33.71941], [-101.83892, 33.71874], [-101.83893, 33.71771], [-101.8389, 33.71683], [-101.8389, 33.71663], [-101.83889, 33.7159], [-101.83889, 33.71587], [-101.8389, 33.71569], [-101.8389, 33.71566], [-101.8389, 33.7156], [-101.8389, 33.71538], [-101.83892, 33.71446], [-101.83897, 33.71386], [-101.83909, 33.71281], [-101.83915, 33.71253], [-101.83924, 33.71201], [-101.83942, 33.71123], [-101.83956, 33.71032], [-101.8396, 33.70983], [-101.83965, 33.70838], [-101.83966, 33.70795], [-101.83969, 33.70717], [-101.83971, 33.70593], [-101.83977, 33.70402], [-101.83974, 33.70318], [-101.83969, 33.7024], [-101.8396, 33.7019], [-101.83959, 33.70183], [-101.83948, 33.7014], [-101.83945, 33.7013], [-101.83941, 33.70116], [-101.83937, 33.70104], [-101.83926, 33.70071], [-101.83905, 33.70021], [-101.83845, 33.69831], [-101.8381, 33.69729], [-101.83801, 33.69702], [-101.83789, 33.69668], [-101.83758, 33.69578], [-101.83728, 33.69487], [-101.83695, 33.69388], [-101.83678, 33.69336], [-101.83656, 33.69263], [-101.83636, 33.69183], [-101.83626, 33.69132], [-101.83618, 33.69086], [-101.83612, 33.69029], [-101.83609, 33.68989], [-101.83607, 33.68952], [-101.83606, 33.6892], [-101.83604, 33.68854], [-101.83604, 33.68782], [-101.83603, 33.68653], [-101.83601, 33.68522], [-101.83601, 33.68482], [-101.83601, 33.68352], [-101.83598, 33.67939], [-101.8359, 33.67153], [-101.83588, 33.67021], [-101.83588, 33.66973], [-101.83587, 33.66871], [-101.83587, 33.66773], [-101.8359, 33.66725], [-101.83593, 33.66699], [-101.83602, 33.66633], [-101.83611, 33.66592], [-101.83625, 33.6654], [-101.83633, 33.66497], [-101.83636, 33.6648], [-101.83641, 33.6645], [-101.83646, 33.6642], [-101.83649, 33.66368], [-101.83649, 33.663], [-101.83651, 33.66211], [-101.8365, 33.66165], [-101.83649, 33.66103], [-101.83649, 33.65981], [-101.83647, 33.65785], [-101.83647, 33.65765], [-101.83647, 33.65744], [-101.83644, 33.65456], [-101.83643, 33.65244], [-101.83641, 33.65214], [-101.83637, 33.65184], [-101.83633, 33.65146], [-101.83626, 33.65103], [-101.83616, 33.65061], [-101.83615, 33.65054], [-101.83612, 33.65038], [-101.83604, 33.6501], [-101.83587, 33.64944], [-101.83581, 33.6491], [-101.83576, 33.64883], [-101.83572, 33.64838], [-101.8357, 33.64669], [-101.83569, 33.64547], [-101.83567, 33.64343], [-101.83567, 33.64321], [-101.83567, 33.64312], [-101.83567, 33.64299], [-101.83565, 33.64132], [-101.83565, 33.64018], [-101.83565, 33.63987], [-101.83565, 33.63927], [-101.83566, 33.63889], [-101.83564, 33.63773], [-101.83563, 33.63678], [-101.83562, 33.63586], [-101.83558, 33.6347], [-101.83554, 33.63324], [-101.83552, 33.63243], [-101.83549, 33.63161], [-101.83546, 33.63078], [-101.83543, 33.63027], [-101.83543, 33.62994], [-101.83542, 33.62961], [-101.83541, 33.62915], [-101.8354, 33.62902], [-101.83541, 33.62839], [-101.83543, 33.62828], [-101.83545, 33.62813], [-101.83559, 33.62698], [-101.8359, 33.62601], [-101.83606, 33.6256], [-101.83629, 33.62501], [-101.83643, 33.62472], [-101.83649, 33.62461], [-101.83663, 33.62435], [-101.83687, 33.62396], [-101.83714, 33.62354], [-101.83733, 33.62329], [-101.83742, 33.62317], [-101.83756, 33.623], [-101.83769, 33.62284], [-101.83773, 33.62279], [-101.83828, 33.62219], [-101.83911, 33.62125], [-101.83919, 33.62115], [-101.8393, 33.62103], [-101.84, 33.62022], [-101.84041, 33.61976], [-101.84094, 33.61916], [-101.84178, 33.61818], [-101.84193, 33.618], [-101.84215, 33.61775], [-101.84229, 33.61759], [-101.84252, 33.61732], [-101.84262, 33.6172], [-101.84359, 33.61608], [-101.84402, 33.61558], [-101.84462, 33.61488], [-101.84494, 33.61452], [-101.84519, 33.61412], [-101.84542, 33.61366], [-101.84546, 33.61354], [-101.8456, 33.61313], [-101.84561, 33.61308], [-101.84566, 33.61293], [-101.84568, 33.61288], [-101.84571, 33.61277], [-101.84577, 33.61235], [-101.84579, 33.61199], [-101.84578, 33.61171], [-101.84574, 33.61133], [-101.8457, 33.6111], [-101.84554, 33.61025], [-101.84538, 33.60935], [-101.84522, 33.60852], [-101.84506, 33.60768], [-101.84494, 33.60702], [-101.8449, 33.60679], [-101.84455, 33.60497], [-101.84433, 33.60376], [-101.84432, 33.60372], [-101.84421, 33.60315], [-101.84419, 33.60303], [-101.84408, 33.60247], [-101.84389, 33.60151], [-101.84372, 33.60093], [-101.84349, 33.60014], [-101.84323, 33.59953], [-101.843, 33.59899], [-101.8429, 33.59875], [-101.84282, 33.59858], [-101.84258, 33.59815], [-101.84249, 33.598], [-101.84162, 33.59669], [-101.84057, 33.59522], [-101.84024, 33.59472], [-101.84009, 33.59448], [-101.83991, 33.59416], [-101.83978, 33.59388], [-101.83961, 33.59353], [-101.83936, 33.5928], [-101.83924, 33.59223], [-101.83921, 33.59208], [-101.83918, 33.59197], [-101.83916, 33.59187], [-101.83913, 33.59136], [-101.83912, 33.59114], [-101.83909, 33.59068], [-101.83909, 33.59059], [-101.83909, 33.59041], [-101.83907, 33.58954], [-101.83906, 33.58839], [-101.83904, 33.58738], [-101.83902, 33.58625], [-101.839, 33.5857], [-101.839, 33.58535], [-101.839, 33.58521], [-101.839, 33.58509], [-101.839, 33.58497], [-101.839, 33.58488], [-101.839, 33.58481], [-101.839, 33.58451], [-101.83905, 33.58354], [-101.83906, 33.58348], [-101.83906, 33.58287], [-101.83907, 33.58264], [-101.83908, 33.5824], [-101.83913, 33.58177], [-101.8392, 33.58134], [-101.83931, 33.58084], [-101.8394, 33.58051], [-101.8395, 33.58015], [-101.83959, 33.57988], [-101.83963, 33.57976], [-101.8398, 33.57934], [-101.84, 33.57894], [-101.84009, 33.57876], [-101.84039, 33.57816], [-101.84044, 33.57806], [-101.84056, 33.57782], [-101.84068, 33.5776], [-101.84162, 33.57578], [-101.84213, 33.57478], [-101.84249, 33.57406], [-101.84286, 33.57337], [-101.84311, 33.57285], [-101.8432, 33.57268], [-101.84329, 33.57251], [-101.8438, 33.57151], [-101.84399, 33.57115], [-101.84421, 33.57065], [-101.84425, 33.57056], [-101.84427, 33.57049], [-101.84431, 33.57039], [-101.84445, 33.56996], [-101.84455, 33.56962], [-101.84457, 33.56955], [-101.84471, 33.56893], [-101.84476, 33.56865], [-101.84477, 33.56855], [-101.84482, 33.56801], [-101.84483, 33.56776], [-101.84484, 33.56732], [-101.84484, 33.56686], [-101.84484, 33.56614], [-101.84485, 33.56509], [-101.84485, 33.56415], [-101.84485, 33.56349], [-101.84485, 33.56328], [-101.84485, 33.56319], [-101.84485, 33.56304], [-101.84485, 33.56249], [-101.84485, 33.56159], [-101.84485, 33.56075], [-101.84485, 33.55966], [-101.84485, 33.55871], [-101.84485, 33.55783], [-101.84485, 33.55692], [-101.84485, 33.55603], [-101.84485, 33.5558], [-101.84485, 33.55506], [-101.84485, 33.55417], [-101.84486, 33.55328], [-101.84486, 33.55236], [-101.84486, 33.55146], [-101.84487, 33.55056], [-101.84488, 33.54878], [-101.84488, 33.54869], [-101.84487, 33.54692], [-101.84487, 33.54514], [-101.84486, 33.54392], [-101.84488, 33.54284], [-101.84485, 33.54244], [-101.8448, 33.54151], [-101.84479, 33.54121], [-101.8446, 33.53968], [-101.8445, 33.53887], [-101.84447, 33.53853], [-101.84446, 33.53841], [-101.84442, 33.53795], [-101.84439, 33.53766], [-101.84438, 33.53752], [-101.84437, 33.53738], [-101.84432, 33.53691], [-101.84432, 33.53679], [-101.8443, 33.53613], [-101.84425, 33.53427], [-101.84425, 33.53411], [-101.84415, 33.53129], [-101.84412, 33.53056], [-101.84411, 33.53018], [-101.84408, 33.52936], [-101.84407, 33.52914], [-101.84407, 33.52905], [-101.84407, 33.52895], [-101.84406, 33.5287], [-101.84403, 33.52795], [-101.84401, 33.5274], [-101.84399, 33.52685], [-101.84395, 33.52574], [-101.84397, 33.52514], [-101.84397, 33.52477], [-101.84396, 33.52426], [-101.84395, 33.52381], [-101.84394, 33.5228], [-101.84392, 33.5218], [-101.8439, 33.52081], [-101.8439, 33.51983], [-101.8439, 33.51947], [-101.8439, 33.51939], [-101.8439, 33.51937], [-101.8439, 33.51935], [-101.84389, 33.51905], [-101.84389, 33.51899], [-101.84389, 33.51821], [-101.84389, 33.51779], [-101.84392, 33.51731], [-101.84392, 33.51728], [-101.84393, 33.51574], [-101.84395, 33.51521], [-101.844, 33.51462], [-101.84406, 33.51408], [-101.84424, 33.51309], [-101.84431, 33.51277], [-101.84443, 33.51219], [-101.84454, 33.51147], [-101.84459, 33.51103], [-101.84464, 33.51041], [-101.84463, 33.50631], [-101.84464, 33.5053], [-101.84465, 33.50305], [-101.84465, 33.50176], [-101.84468, 33.49967], [-101.84466, 33.49861], [-101.84466, 33.49804], [-101.84466, 33.49664], [-101.84466, 33.49569], [-101.84466, 33.49507], [-101.84467, 33.49408], [-101.84465, 33.49265], [-101.84466, 33.49172], [-101.84466, 33.49082], [-101.84466, 33.49039], [-101.84466, 33.48815], [-101.84467, 33.48764], [-101.84466, 33.48654], [-101.84466, 33.48552], [-101.84467, 33.48417], [-101.84467, 33.48358], [-101.84466, 33.48274], [-101.84464, 33.48136], [-101.84465, 33.48093], [-101.84466, 33.47978], [-101.84467, 33.47817], [-101.84466, 33.47748], [-101.84465, 33.4772], [-101.84462, 33.47669], [-101.84458, 33.47632], [-101.84453, 33.476], [-101.8444, 33.47518], [-101.84432, 33.4746], [-101.84428, 33.47431], [-101.84424, 33.47373], [-101.84422, 33.47344], [-101.84421, 33.47298], [-101.84421, 33.47285], [-101.84421, 33.47246]]}}, {"type": "Feature", "properties": {"name": "US Hwy 87"}, "geometry": {"type": "LineString", "coordinates": [[-101.84106, 33.82729], [-101.84106, 33.82613], [-101.84106, 33.82456], [-101.84105, 33.82418], [-101.84106, 33.82314], [-101.84105, 33.82192], [-101.84103, 33.82136], [-101.84103, 33.82124], [-101.84099, 33.82073], [-101.84095, 33.82019], [-101.84091, 33.81993], [-101.84091, 33.8199], [-101.84085, 33.8196], [-101.84084, 33.81952], [-101.84082, 33.81942], [-101.84077, 33.81923], [-101.84071, 33.81892], [-101.84046, 33.81814], [-101.84029, 33.81773], [-101.84006, 33.81722], [-101.83962, 33.81638], [-101.83935, 33.81587], [-101.83921, 33.8156], [-101.83894, 33.81503], [-101.83857, 33.81412], [-101.83847, 33.81382], [-101.83837, 33.81353], [-101.83823, 33.81303], [-101.83806, 33.81232], [-101.83798, 33.8119], [-101.83791, 33.81149], [-101.83785, 33.81095], [-101.83782, 33.8106], [-101.83779, 33.81015], [-101.83779, 33.81014], [-101.83771, 33.79533], [-101.83771, 33.78823], [-101.83771, 33.78651], [-101.83771, 33.78567], [-101.83771, 33.78086], [-101.83768, 33.77578], [-101.83763, 33.76642], [-101.83762, 33.75217], [-101.83762, 33.75197], [-101.83761, 33.75086], [-101.83761, 33.74973], [-101.83762, 33.74802], [-101.83762, 33.74759], [-101.83766, 33.74707], [-101.83769, 33.74672], [-101.83776, 33.74636], [-101.83789, 33.74592], [-101.83806, 33.74542], [-101.83825, 33.74488], [-101.83839, 33.74452], [-101.83893, 33.74337], [-101.83916, 33.74294], [-101.83966, 33.74197], [-101.83992, 33.74144], [-101.84014, 33.74103], [-101.84038, 33.74054], [-101.8405, 33.74032], [-101.84083, 33.73961], [-101.841, 33.73925], [-101.84121, 33.73867], [-101.84134, 33.73833], [-101.84158, 33.73752], [-101.84162, 33.73737], [-101.84182, 33.73631], [-101.84192, 33.73556], [-101.84197, 33.73505], [-101.842, 33.73454], [-101.842, 33.73445], [-101.84201, 33.73361], [-101.84201, 33.73213], [-101.84201, 33.73185], [-101.84202, 33.73128], [-101.84201, 33.72935], [-101.84201, 33.72919], [-101.84201, 33.72848], [-101.84202, 33.72755], [-101.84201, 33.72698], [-101.84198, 33.72666], [-101.84197, 33.72652], [-101.84191, 33.726], [-101.84187, 33.7258], [-101.84182, 33.72556], [-101.84176, 33.72531], [-101.84173, 33.72516], [-101.84161, 33.7248], [-101.84147, 33.72443], [-101.84126, 33.72397], [-101.84108, 33.72358], [-101.84084, 33.72319], [-101.84039, 33.72244], [-101.84007, 33.7219], [-101.8398, 33.72133], [-101.83954, 33.72064], [-101.83936, 33.72], [-101.83919, 33.71879], [-101.83918, 33.71819], [-101.83918, 33.71653], [-101.83917, 33.71577], [-101.83917, 33.71569], [-101.83917, 33.71564], [-101.83917, 33.71563], [-101.83917, 33.7156], [-101.83917, 33.7154], [-101.83917, 33.71432], [-101.83922, 33.71366], [-101.8393, 33.71291], [-101.8395, 33.71191], [-101.83969, 33.71096], [-101.83979, 33.71033], [-101.83985, 33.7098], [-101.8399, 33.70913], [-101.83993, 33.70837], [-101.83994, 33.70794], [-101.83997, 33.70715], [-101.83999, 33.70591], [-101.84005, 33.704], [-101.84002, 33.70316], [-101.83997, 33.70239], [-101.83989, 33.70195], [-101.83987, 33.70182], [-101.83976, 33.70139], [-101.83969, 33.70116], [-101.83965, 33.70103], [-101.83953, 33.70068], [-101.83933, 33.7002], [-101.83873, 33.6983], [-101.83827, 33.69696], [-101.83818, 33.69668], [-101.83787, 33.69578], [-101.83756, 33.69487], [-101.83723, 33.69387], [-101.83684, 33.69269], [-101.83675, 33.69243], [-101.83668, 33.69217], [-101.83656, 33.69165], [-101.83647, 33.69116], [-101.8364, 33.6907], [-101.83635, 33.69029], [-101.83632, 33.68985], [-101.83629, 33.68922], [-101.83629, 33.6891], [-101.83628, 33.68866], [-101.83629, 33.68837], [-101.83629, 33.68787], [-101.83629, 33.68721], [-101.83627, 33.68637], [-101.83627, 33.6858], [-101.83626, 33.68527], [-101.83625, 33.68473], [-101.83623, 33.68189], [-101.83622, 33.68105], [-101.83622, 33.68038], [-101.83621, 33.67938], [-101.83621, 33.67905], [-101.83617, 33.6758], [-101.83617, 33.67461], [-101.83615, 33.67274], [-101.83615, 33.67155], [-101.83615, 33.67113], [-101.83612, 33.66967], [-101.8361, 33.66826], [-101.8361, 33.66776], [-101.83614, 33.66716], [-101.83616, 33.66693], [-101.83622, 33.66653], [-101.83635, 33.66592], [-101.83643, 33.66559], [-101.83652, 33.66521], [-101.8366, 33.6648], [-101.83667, 33.66438], [-101.83674, 33.66368], [-101.83675, 33.66338], [-101.83675, 33.66291], [-101.83674, 33.66219], [-101.83674, 33.66158], [-101.83673, 33.66097], [-101.8367, 33.65785], [-101.8367, 33.65765], [-101.8367, 33.65744], [-101.83665, 33.65214], [-101.83664, 33.65187], [-101.83661, 33.65157], [-101.83651, 33.65101], [-101.83646, 33.65082], [-101.83642, 33.65054], [-101.83639, 33.65038], [-101.8361, 33.6493], [-101.83606, 33.64908], [-101.83605, 33.64897], [-101.83602, 33.64874], [-101.83602, 33.64872], [-101.83599, 33.64841], [-101.83596, 33.64667], [-101.83594, 33.64547], [-101.83591, 33.64343], [-101.83591, 33.64332], [-101.83591, 33.64321], [-101.83591, 33.64299], [-101.83589, 33.6413], [-101.83589, 33.64054], [-101.83586, 33.63996], [-101.83586, 33.63987], [-101.83584, 33.63926], [-101.83582, 33.63769], [-101.83582, 33.63737], [-101.83583, 33.63683], [-101.83583, 33.63678], [-101.83583, 33.63589], [-101.83582, 33.63586], [-101.83582, 33.63544], [-101.83577, 33.63403], [-101.83575, 33.63355], [-101.83573, 33.63322], [-101.83572, 33.63298], [-101.83571, 33.63241], [-101.83569, 33.63159], [-101.83565, 33.63078], [-101.83562, 33.62994], [-101.8356, 33.62915], [-101.8356, 33.62897], [-101.8356, 33.62859], [-101.83561, 33.62833], [-101.83564, 33.62813], [-101.83576, 33.62736], [-101.83582, 33.62709], [-101.83587, 33.62683], [-101.83603, 33.6262], [-101.83617, 33.62582], [-101.83633, 33.62545], [-101.83644, 33.62518], [-101.83657, 33.62489], [-101.83668, 33.62468], [-101.83674, 33.62456], [-101.83689, 33.62431], [-101.83703, 33.62408], [-101.83721, 33.62379], [-101.83729, 33.62367], [-101.83737, 33.62355], [-101.8376, 33.62323], [-101.83772, 33.6231], [-101.83783, 33.62296], [-101.83814, 33.62259], [-101.83853, 33.62214], [-101.8392, 33.6214], [-101.83926, 33.62133], [-101.84045, 33.61996], [-101.84055, 33.61984], [-101.84171, 33.61851], [-101.84209, 33.61806], [-101.84232, 33.6178], [-101.84245, 33.61765], [-101.84268, 33.61738], [-101.84332, 33.61665], [-101.84393, 33.61593], [-101.84409, 33.61576], [-101.84471, 33.61511], [-101.84484, 33.61494], [-101.84514, 33.61455], [-101.8453, 33.61431], [-101.84545, 33.61405], [-101.84549, 33.61398], [-101.84566, 33.61363], [-101.8458, 33.61324], [-101.84582, 33.61318], [-101.84584, 33.61307], [-101.84587, 33.61292], [-101.84588, 33.61288], [-101.84593, 33.61263], [-101.84597, 33.61242], [-101.84601, 33.61215], [-101.84601, 33.612], [-101.84602, 33.61193], [-101.84601, 33.6115], [-101.846, 33.61131], [-101.84597, 33.61109], [-101.84592, 33.61075], [-101.84582, 33.61025], [-101.84565, 33.60939], [-101.84548, 33.6085], [-101.84529, 33.60746], [-101.84517, 33.60679], [-101.84514, 33.60661], [-101.84483, 33.605], [-101.84458, 33.60364], [-101.84445, 33.60295], [-101.84443, 33.60286], [-101.84437, 33.60248], [-101.84423, 33.60177], [-101.84413, 33.60137], [-101.84402, 33.60099], [-101.84389, 33.60055], [-101.84379, 33.60026], [-101.84357, 33.59966], [-101.84352, 33.59955], [-101.84333, 33.59913], [-101.84325, 33.59895], [-101.84319, 33.59883], [-101.843, 33.59842], [-101.84282, 33.59804], [-101.84241, 33.59732], [-101.84199, 33.59667], [-101.8416, 33.59616], [-101.84085, 33.59516], [-101.84048, 33.59462], [-101.84029, 33.59428], [-101.8402, 33.59413], [-101.83993, 33.59363], [-101.83968, 33.59296], [-101.83952, 33.59237], [-101.8395, 33.59227], [-101.83947, 33.5921], [-101.83944, 33.59199], [-101.83942, 33.59187], [-101.83941, 33.5918], [-101.83937, 33.59141], [-101.83936, 33.59137], [-101.83936, 33.59121], [-101.83936, 33.59104], [-101.83936, 33.59065], [-101.83936, 33.59014], [-101.83936, 33.58922], [-101.83937, 33.58867], [-101.83936, 33.5883], [-101.83935, 33.58747], [-101.83934, 33.58702], [-101.83933, 33.58599], [-101.83932, 33.58566], [-101.83932, 33.58553], [-101.83932, 33.58552], [-101.83932, 33.58541], [-101.83933, 33.58529], [-101.83933, 33.58514], [-101.83933, 33.58501], [-101.83934, 33.58451], [-101.83934, 33.58445], [-101.83935, 33.58355], [-101.83936, 33.58339], [-101.83936, 33.58268], [-101.83935, 33.58254], [-101.83942, 33.58183], [-101.83944, 33.58172], [-101.83956, 33.58103], [-101.83962, 33.58079], [-101.83974, 33.5803], [-101.8399, 33.57986], [-101.83997, 33.57967], [-101.84024, 33.57903], [-101.84028, 33.57895], [-101.84041, 33.57867], [-101.84074, 33.57807], [-101.84088, 33.57782], [-101.84092, 33.57774], [-101.84099, 33.57761], [-101.84186, 33.57589], [-101.84217, 33.5753], [-101.84283, 33.57404], [-101.8434, 33.57293], [-101.84345, 33.57285], [-101.8435, 33.57275], [-101.84378, 33.57219], [-101.84413, 33.5715], [-101.84426, 33.57125], [-101.84454, 33.57064], [-101.84456, 33.57058], [-101.84463, 33.57039], [-101.84488, 33.56961], [-101.84497, 33.56919], [-101.84505, 33.56875], [-101.8451, 33.56829], [-101.84512, 33.56803], [-101.84512, 33.56776], [-101.84513, 33.56723], [-101.84513, 33.56686], [-101.84512, 33.56599], [-101.84512, 33.56506], [-101.84512, 33.56415], [-101.84513, 33.56348], [-101.84513, 33.56328], [-101.84513, 33.56319], [-101.84513, 33.56304], [-101.84513, 33.56147], [-101.84513, 33.56122], [-101.84513, 33.56053], [-101.84513, 33.55966], [-101.84514, 33.55788], [-101.84514, 33.55739], [-101.84514, 33.55693], [-101.84516, 33.55604], [-101.84516, 33.55582], [-101.84516, 33.55472], [-101.84515, 33.55379], [-101.84516, 33.55289], [-101.84516, 33.552], [-101.84517, 33.55058], [-101.84515, 33.54987], [-101.84515, 33.54985], [-101.84517, 33.54895], [-101.84517, 33.54878], [-101.84518, 33.54845], [-101.84517, 33.54788], [-101.84516, 33.54706], [-101.84516, 33.54695], [-101.84517, 33.54641], [-101.84517, 33.54607], [-101.84516, 33.54574], [-101.84516, 33.54516], [-101.84516, 33.54436], [-101.84517, 33.54331], [-101.84516, 33.54244], [-101.84516, 33.54232], [-101.84514, 33.54204], [-101.8451, 33.54151], [-101.845, 33.54056], [-101.84499, 33.54048], [-101.84489, 33.53963], [-101.84483, 33.53916], [-101.84477, 33.53867], [-101.8447, 33.53798], [-101.84469, 33.53783], [-101.84468, 33.53769], [-101.84465, 33.53705], [-101.84464, 33.53678], [-101.84455, 33.53492], [-101.84453, 33.53427], [-101.84452, 33.53415], [-101.84446, 33.53259], [-101.84441, 33.53128], [-101.84438, 33.53045], [-101.84437, 33.53016], [-101.84434, 33.52951], [-101.84434, 33.52936], [-101.84433, 33.52914], [-101.84432, 33.52895], [-101.84431, 33.5287], [-101.84431, 33.52857], [-101.84428, 33.52784], [-101.84425, 33.52703], [-101.84422, 33.52621], [-101.8442, 33.52476], [-101.84418, 33.52339], [-101.84417, 33.52271], [-101.84415, 33.52184], [-101.84413, 33.52074], [-101.84413, 33.51983], [-101.84413, 33.51949], [-101.84412, 33.51939], [-101.84412, 33.51937], [-101.84412, 33.51935], [-101.84412, 33.51899], [-101.84412, 33.51821], [-101.84412, 33.51779], [-101.84414, 33.51738], [-101.84417, 33.51555], [-101.84417, 33.51548], [-101.8442, 33.51505], [-101.84427, 33.51428], [-101.84439, 33.51355], [-101.84447, 33.51314], [-101.84454, 33.51278], [-101.84463, 33.51241], [-101.84469, 33.51207], [-101.84475, 33.51166], [-101.84479, 33.51135], [-101.84486, 33.51063], [-101.84486, 33.51058], [-101.84489, 33.5063], [-101.84489, 33.5053], [-101.8449, 33.5039], [-101.8449, 33.50261], [-101.84491, 33.50077], [-101.84491, 33.49804], [-101.84492, 33.49654], [-101.84492, 33.49415], [-101.84492, 33.49082], [-101.84491, 33.48907], [-101.84492, 33.48755], [-101.84491, 33.48553], [-101.84491, 33.48416], [-101.84492, 33.48309], [-101.84492, 33.48137], [-101.84491, 33.48111], [-101.84491, 33.48004], [-101.84492, 33.47949], [-101.84491, 33.47868], [-101.84491, 33.4782], [-101.8449, 33.47743], [-101.84488, 33.47685], [-101.84482, 33.47632], [-101.84478, 33.476], [-101.84465, 33.47518], [-101.84456, 33.4746], [-101.84453, 33.47431], [-101.84449, 33.47373], [-101.84447, 33.47344], [-101.84447, 33.47325]]}}, {"type": "Feature", "properties": {"name": "US Hwy 87"}, "geometry": {"type": "LineString", "coordinates": [[-101.79959, 33.14846], [-101.79937, 33.1488], [-101.79911, 33.14917], [-101.79848, 33.15007], [-101.79764, 33.15127], [-101.79715, 33.15197], [-101.79709, 33.15205], [-101.79691, 33.1523], [-101.79686, 33.15238], [-101.79669, 33.15261], [-101.79577, 33.15394], [-101.79547, 33.15441], [-101.79513, 33.155], [-101.79496, 33.15531], [-101.79485, 33.15554], [-101.79475, 33.15579], [-101.79469, 33.15594], [-101.79461, 33.15614], [-101.79457, 33.15625], [-101.79445, 33.15662], [-101.79431, 33.15716], [-101.79423, 33.1575], [-101.79418, 33.15772], [-101.79404, 33.1587], [-101.79403, 33.15948], [-101.79404, 33.16043], [-101.79403, 33.1626], [-101.79402, 33.16291], [-101.79401, 33.16352], [-101.79402, 33.16404], [-101.79403, 33.16452], [-101.79402, 33.16641], [-101.79402, 33.16711], [-101.79402, 33.16758], [-101.79399, 33.1682], [-101.79388, 33.1692], [-101.79385, 33.16943], [-101.79379, 33.1699], [-101.79375, 33.1702], [-101.79375, 33.17026], [-101.79368, 33.17076], [-101.79365, 33.17112], [-101.79362, 33.17142], [-101.79359, 33.17195], [-101.79359, 33.17199], [-101.79358, 33.1722], [-101.79362, 33.17304], [-101.79368, 33.17355], [-101.79373, 33.17393], [-101.79376, 33.17408], [-101.79378, 33.17417], [-101.79384, 33.17447], [-101.79387, 33.17458], [-101.79391, 33.17474], [-101.79401, 33.17501], [-101.79412, 33.1754], [-101.79431, 33.17586], [-101.79434, 33.17592], [-101.79488, 33.17699], [-101.79518, 33.17763], [-101.79518, 33.17765], [-101.7952, 33.17769], [-101.79539, 33.17815], [-101.79565, 33.17885], [-101.7958, 33.17945], [-101.79583, 33.17962], [-101.79585, 33.17972], [-101.7959, 33.18003], [-101.79594, 33.18031], [-101.79601, 33.18097], [-101.79601, 33.18101], [-101.79602, 33.18103], [-101.79602, 33.18113], [-101.79602, 33.18117], [-101.79603, 33.1821], [-101.79603, 33.18244], [-101.79602, 33.18466], [-101.796, 33.18612], [-101.796, 33.18918], [-101.79598, 33.19051], [-101.79598, 33.19159], [-101.79598, 33.19188], [-101.79598, 33.19276], [-101.79598, 33.19306], [-101.79598, 33.1934], [-101.79598, 33.19342], [-101.79599, 33.19376], [-101.79604, 33.19433], [-101.79607, 33.19451], [-101.79609, 33.19465], [-101.79614, 33.19487], [-101.79621, 33.19514], [-101.79629, 33.1954], [-101.79684, 33.19697], [-101.79702, 33.1975], [-101.79741, 33.19862]]}}, {"type": "Feature", "properties": {"name": "US Hwy 87"}, "geometry": {"type": "LineString", "coordinates": [[-101.79984, 33.14767], [-101.79927, 33.14848], [-101.79823, 33.15], [-101.79711, 33.15163], [-101.79689, 33.15195], [-101.79666, 33.15228], [-101.79644, 33.1526], [-101.79608, 33.1531], [-101.79518, 33.15445], [-101.79513, 33.15454], [-101.79496, 33.15476], [-101.79483, 33.15501], [-101.79461, 33.15548], [-101.79458, 33.15555], [-101.79445, 33.15586], [-101.79436, 33.1561], [-101.79411, 33.15685], [-101.79401, 33.15727], [-101.79388, 33.15802], [-101.79382, 33.15842], [-101.79379, 33.15906], [-101.79378, 33.16055], [-101.79375, 33.1622], [-101.79378, 33.16641], [-101.79379, 33.16671], [-101.79378, 33.16745], [-101.79378, 33.16786], [-101.79348, 33.17044], [-101.79341, 33.17096], [-101.79331, 33.17198], [-101.79332, 33.17226], [-101.79336, 33.17301], [-101.79338, 33.17332], [-101.79346, 33.17391], [-101.7935, 33.17408], [-101.79354, 33.17427], [-101.79359, 33.17452], [-101.79386, 33.17535], [-101.79394, 33.17558], [-101.79429, 33.17637], [-101.79493, 33.17768], [-101.79495, 33.17772], [-101.79529, 33.17858], [-101.79542, 33.17898], [-101.79553, 33.17941], [-101.79566, 33.18004], [-101.79578, 33.18074], [-101.7958, 33.18095], [-101.79577, 33.18264], [-101.79576, 33.19124], [-101.79576, 33.19145], [-101.79575, 33.19324], [-101.79576, 33.19391], [-101.7958, 33.19427], [-101.79587, 33.19471], [-101.79595, 33.19503], [-101.79605, 33.19543], [-101.79633, 33.19617], [-101.79718, 33.19871]]}}, {"type": "Feature", "properties": {"name": "US Hwy 87"}, "geometry": {"type": "LineString", "coordinates": [[-101.91909, 35.0301], [-101.91902, 35.02851], [-101.91894, 35.02794], [-101.91883, 35.02738], [-101.91865, 35.02685], [-101.9184, 35.02635], [-101.918, 35.02572], [-101.91773, 35.02526], [-101.91752, 35.02481], [-101.91739, 35.02432], [-101.9173, 35.02387], [-101.91725, 35.02329], [-101.91728, 35.0227], [-101.91739, 35.02208], [-101.91751, 35.02176], [-101.91765, 35.02146], [-101.9178, 35.02115], [-101.91794, 35.02087], [-101.91828, 35.02031], [-101.91839, 35.02012], [-101.91857, 35.01982], [-101.91879, 35.01935], [-101.91894, 35.01885], [-101.91905, 35.01834], [-101.91908, 35.01783], [-101.91906, 35.01672], [-101.91899, 35.01577], [-101.91893, 35.01507], [-101.91889, 35.01468], [-101.91887, 35.014], [-101.91888, 35.01336], [-101.91895, 35.00969], [-101.91894, 35.00869], [-101.91895, 35.00855], [-101.91899, 35.00567], [-101.91904, 35.00018], [-101.91904, 34.99987], [-101.91905, 34.99951], [-101.91906, 34.99837], [-101.91907, 34.99792], [-101.91909, 34.99653], [-101.9191, 34.99483], [-101.91911, 34.9937], [-101.91913, 34.99211], [-101.91914, 34.99151], [-101.91914, 34.99144], [-101.91914, 34.99037], [-101.91915, 34.98952], [-101.91918, 34.98789], [-101.91919, 34.98663]]}}, {"type": "Feature", "properties": {"name": "US Hwy 87"}, "geometry": {"type": "LineString", "coordinates": [[-101.9193, 34.98654], [-101.9193, 34.98689], [-101.91931, 34.98752], [-101.9193, 34.98774], [-101.91929, 34.98835], [-101.91929, 34.98952], [-101.91927, 34.99037], [-101.91929, 34.99135], [-101.91928, 34.99163], [-101.91924, 34.99369], [-101.91923, 34.99441], [-101.91922, 34.99588], [-101.91921, 34.99643], [-101.91921, 34.99746], [-101.9192, 34.99789], [-101.91918, 34.99851], [-101.91917, 34.99951], [-101.91917, 34.99975], [-101.91917, 34.99987], [-101.91918, 35.00018], [-101.91917, 35.00145], [-101.91912, 35.00434], [-101.91911, 35.00584], [-101.91909, 35.00855], [-101.91907, 35.01037], [-101.91902, 35.01336], [-101.91901, 35.01418], [-101.91904, 35.01472], [-101.91907, 35.01507], [-101.91912, 35.01559], [-101.91914, 35.01591], [-101.9193, 35.01808], [-101.91932, 35.01873], [-101.91934, 35.01921], [-101.91935, 35.02071], [-101.91935, 35.02122], [-101.91935, 35.0221], [-101.91931, 35.02334], [-101.91931, 35.02359], [-101.91926, 35.02506], [-101.91923, 35.02668], [-101.91929, 35.02722], [-101.91937, 35.02826], [-101.91937, 35.02895], [-101.91934, 35.03117], [-101.91931, 35.03761], [-101.91932, 35.04023], [-101.91932, 35.04173], [-101.91931, 35.04326], [-101.91931, 35.04677], [-101.9193, 35.04963], [-101.91929, 35.05414], [-101.91929, 35.05476], [-101.91929, 35.05582], [-101.91927, 35.05781], [-101.91926, 35.05846], [-101.91926, 35.06149], [-101.91926, 35.06517], [-101.91925, 35.06585], [-101.91925, 35.06878], [-101.91924, 35.07075], [-101.91924, 35.07087], [-101.91924, 35.07131], [-101.91922, 35.07222], [-101.91922, 35.07225], [-101.91922, 35.07229], [-101.91921, 35.07237], [-101.9192, 35.07248], [-101.91918, 35.07268], [-101.91897, 35.0737], [-101.91884, 35.0743], [-101.91848, 35.07599], [-101.91846, 35.07607], [-101.91808, 35.07793], [-101.91796, 35.07849], [-101.91764, 35.08], [-101.9175, 35.08067], [-101.91585, 35.08852], [-101.91544, 35.09038], [-101.91496, 35.09276], [-101.91442, 35.09525], [-101.91395, 35.09751], [-101.91299, 35.10203], [-101.91255, 35.10411], [-101.9125, 35.10435], [-101.91229, 35.10533], [-101.91175, 35.10793], [-101.9112, 35.11053], [-101.91092, 35.11184], [-101.91067, 35.113], [-101.9104, 35.11436], [-101.91029, 35.11476], [-101.91021, 35.115], [-101.91006, 35.11551], [-101.90971, 35.11651], [-101.90961, 35.11678], [-101.90951, 35.11704], [-101.90905, 35.11804], [-101.9086, 35.1189], [-101.90831, 35.11941], [-101.90767, 35.1204], [-101.90732, 35.12096], [-101.90646, 35.12235], [-101.9053, 35.12418], [-101.90471, 35.12517], [-101.90401, 35.12628], [-101.90317, 35.12759], [-101.90264, 35.12825], [-101.90208, 35.12892], [-101.90183, 35.12921], [-101.90148, 35.12961], [-101.90023, 35.13109], [-101.89951, 35.13192], [-101.89941, 35.13204], [-101.89854, 35.13306], [-101.89818, 35.13348], [-101.89742, 35.13436], [-101.89701, 35.13483], [-101.89589, 35.13612], [-101.89456, 35.13768], [-101.89363, 35.13876], [-101.88951, 35.14348], [-101.88891, 35.14417], [-101.88744, 35.14588], [-101.88708, 35.14632], [-101.88694, 35.14648], [-101.88687, 35.14656], [-101.88684, 35.1466], [-101.88406, 35.14979], [-101.88391, 35.14996], [-101.88387, 35.15], [-101.88383, 35.15005], [-101.88364, 35.15028], [-101.88228, 35.1519], [-101.88199, 35.15225], [-101.88088, 35.15354], [-101.88035, 35.15416], [-101.88007, 35.15449], [-101.87886, 35.15588], [-101.87736, 35.15763], [-101.87691, 35.15816], [-101.87633, 35.15883], [-101.87622, 35.15897], [-101.87533, 35.16001], [-101.87449, 35.16094], [-101.87397, 35.16154], [-101.87209, 35.16374], [-101.87202, 35.16381], [-101.87195, 35.1639], [-101.87131, 35.16465], [-101.86958, 35.16661], [-101.86848, 35.16788], [-101.86809, 35.16833], [-101.86757, 35.16888], [-101.86707, 35.16936], [-101.8664, 35.16993], [-101.86636, 35.16996], [-101.86625, 35.17004], [-101.86614, 35.17013], [-101.86611, 35.17016], [-101.86606, 35.17019], [-101.86595, 35.17027], [-101.86556, 35.17056], [-101.86475, 35.1711], [-101.86369, 35.17172], [-101.86319, 35.17199], [-101.86308, 35.17204], [-101.86164, 35.17271], [-101.86156, 35.17275], [-101.86122, 35.17291], [-101.86101, 35.173], [-101.86059, 35.1732], [-101.86048, 35.17325], [-101.86021, 35.17338], [-101.85862, 35.1741], [-101.85735, 35.17469], [-101.85658, 35.17505], [-101.85528, 35.17567], [-101.85512, 35.17574], [-101.85494, 35.17583], [-101.85442, 35.17608], [-101.85397, 35.17626], [-101.85347, 35.17643], [-101.85328, 35.17648], [-101.85302, 35.17654], [-101.85252, 35.17664], [-101.85179, 35.17672], [-101.85161, 35.17672], [-101.85128, 35.17671], [-101.84863, 35.17674], [-101.84846, 35.17674], [-101.84833, 35.17674], [-101.84725, 35.17674], [-101.84628, 35.17674], [-101.84535, 35.17672], [-101.84466, 35.17676], [-101.84457, 35.17677], [-101.84417, 35.17681], [-101.8435, 35.17701], [-101.84336, 35.17705], [-101.84304, 35.17717], [-101.84242, 35.1775], [-101.84222, 35.17765], [-101.84187, 35.17792], [-101.8417, 35.17806], [-101.8415, 35.17824], [-101.84139, 35.1784], [-101.84053, 35.17959], [-101.83948, 35.18108], [-101.83938, 35.18121], [-101.83934, 35.18127], [-101.83908, 35.18162], [-101.83875, 35.18215], [-101.83861, 35.18245], [-101.83846, 35.18286]]}}, {"type": "Feature", "properties": {"name": "US Hwy 87"}, "geometry": {"type": "LineString", "coordinates": [[-101.73187, 34.31284], [-101.73269, 34.31474], [-101.73308, 34.31563], [-101.73437, 34.31865], [-101.73538, 34.32098], [-101.73635, 34.32333], [-101.73868, 34.32876], [-101.74076, 34.33367], [-101.74264, 34.33804], [-101.74322, 34.33941], [-101.74349, 34.34], [-101.74355, 34.34013], [-101.74372, 34.34049], [-101.74417, 34.34132], [-101.74441, 34.34174], [-101.74455, 34.34197], [-101.74469, 34.34217], [-101.74496, 34.34255]]}}, {"type": "Feature", "properties": {"name": "US Hwy 87"}, "geometry": {"type": "LineString", "coordinates": [[-101.79423, 34.58146], [-101.79436, 34.58176], [-101.79445, 34.58197], [-101.79467, 34.58238], [-101.79483, 34.58267], [-101.79492, 34.58282], [-101.79505, 34.58303], [-101.79527, 34.58337], [-101.79539, 34.58353], [-101.79558, 34.58377], [-101.7961, 34.58439], [-101.79733, 34.58584], [-101.79792, 34.5865], [-101.79828, 34.58691], [-101.79857, 34.58725], [-101.79888, 34.58764], [-101.79925, 34.58812], [-101.79942, 34.58837], [-101.79972, 34.58879], [-101.79982, 34.58895], [-101.79991, 34.5891], [-101.80042, 34.59], [-101.80058, 34.59031], [-101.80076, 34.59069], [-101.80148, 34.59227], [-101.80229, 34.59407], [-101.80263, 34.59482], [-101.80287, 34.59536], [-101.80381, 34.59744], [-101.80619, 34.60266], [-101.80851, 34.60778], [-101.80883, 34.60847], [-101.8096, 34.61021], [-101.81028, 34.61168], [-101.81283, 34.61731], [-101.81531, 34.62278], [-101.81632, 34.62502], [-101.81665, 34.6257], [-101.81836, 34.6295], [-101.81937, 34.63172], [-101.8194, 34.6318], [-101.82087, 34.63503], [-101.82256, 34.63877], [-101.82329, 34.64037], [-101.82522, 34.64458], [-101.82613, 34.64657], [-101.82617, 34.64666], [-101.82732, 34.64917], [-101.82762, 34.64996], [-101.82785, 34.65066], [-101.82803, 34.65127], [-101.82954, 34.65668], [-101.83079, 34.66121], [-101.83147, 34.66363], [-101.83214, 34.66601], [-101.83249, 34.66729], [-101.83312, 34.66953], [-101.83895, 34.69049], [-101.84064, 34.69652], [-101.8444, 34.71002], [-101.84625, 34.71665], [-101.84711, 34.71975], [-101.84714, 34.71986], [-101.84739, 34.72078], [-101.84751, 34.72127], [-101.84765, 34.72202], [-101.84773, 34.72263], [-101.8478, 34.72364], [-101.84783, 34.72525], [-101.84782, 34.72602]]}}, {"type": "Feature", "properties": {"name": "US Hwy 87"}, "geometry": {"type": "LineString", "coordinates": [[-101.7938, 34.57463], [-101.79373, 34.57497], [-101.79342, 34.57652], [-101.79333, 34.57707], [-101.7933, 34.57737], [-101.79327, 34.57778], [-101.79327, 34.57807], [-101.79328, 34.57859], [-101.79329, 34.57889], [-101.79331, 34.57918], [-101.79335, 34.57946], [-101.79343, 34.5799], [-101.7935, 34.5802], [-101.79358, 34.58051], [-101.79367, 34.58082], [-101.79385, 34.58133], [-101.79394, 34.58156], [-101.79406, 34.58185], [-101.79414, 34.58203], [-101.79432, 34.58237], [-101.7945, 34.58271], [-101.79474, 34.5831], [-101.79492, 34.58338], [-101.79518, 34.58374], [-101.79561, 34.58427], [-101.79654, 34.58534], [-101.79734, 34.58627], [-101.79762, 34.5866], [-101.79845, 34.58755], [-101.79862, 34.58777], [-101.79913, 34.58845], [-101.79933, 34.58873], [-101.79956, 34.58908], [-101.79994, 34.58972], [-101.80004, 34.5899], [-101.80022, 34.59024], [-101.80039, 34.59058], [-101.80155, 34.59315], [-101.80232, 34.59487], [-101.80256, 34.5954], [-101.80292, 34.59618], [-101.80413, 34.59887], [-101.80586, 34.60265], [-101.80823, 34.60788], [-101.80896, 34.6095], [-101.80975, 34.61126], [-101.8102, 34.61223], [-101.81173, 34.61563], [-101.81249, 34.6173], [-101.81747, 34.62825], [-101.819, 34.63163], [-101.81904, 34.63172], [-101.82008, 34.63405], [-101.82022, 34.63437], [-101.82139, 34.63693], [-101.82297, 34.64039], [-101.82391, 34.64245], [-101.82573, 34.64647], [-101.82577, 34.64657], [-101.82582, 34.64667], [-101.8267, 34.64861], [-101.82711, 34.64955], [-101.8273, 34.65002], [-101.82752, 34.65059], [-101.828, 34.65232], [-101.82923, 34.65673], [-101.83037, 34.66085], [-101.83046, 34.66119], [-101.83134, 34.66428], [-101.8375, 34.6864], [-101.83863, 34.69049], [-101.83867, 34.69065], [-101.84384, 34.70919], [-101.84536, 34.7146], [-101.84672, 34.71949]]}}, {"type": "Feature", "properties": {"name": "US Hwy 87"}, "geometry": {"type": "LineString", "coordinates": [[-101.73217, 34.31284], [-101.73278, 34.31423], [-101.733, 34.31471], [-101.73379, 34.31648], [-101.73487, 34.31899], [-101.7356, 34.32078], [-101.7369, 34.3238], [-101.73969, 34.33035], [-101.74075, 34.3328], [-101.74169, 34.33503], [-101.74237, 34.33658], [-101.74253, 34.33695], [-101.74293, 34.33794]]}}, {"type": "Feature", "properties": {"name": "W Loop 250 N"}, "geometry": {"type": "LineString", "coordinates": [[-102.08517, 32.0437], [-102.08543, 32.04367], [-102.08571, 32.04364], [-102.08656, 32.04353], [-102.08833, 32.0433], [-102.09036, 32.04305], [-102.09055, 32.04302], [-102.09132, 32.04294], [-102.09174, 32.04289], [-102.09231, 32.04281], [-102.09289, 32.04268], [-102.09331, 32.04259], [-102.0936, 32.04253], [-102.09409, 32.04242], [-102.09615, 32.04193], [-102.0964, 32.04187], [-102.09665, 32.04181], [-102.09915, 32.04122], [-102.10277, 32.04037], [-102.10291, 32.04033], [-102.10318, 32.04026], [-102.10465, 32.03991], [-102.10519, 32.03979], [-102.10769, 32.03921], [-102.11268, 32.03804], [-102.11293, 32.03798], [-102.11317, 32.03792], [-102.11771, 32.03686], [-102.11781, 32.03684], [-102.11809, 32.03677], [-102.11819, 32.03675], [-102.12091, 32.03611], [-102.12141, 32.03599], [-102.12352, 32.0355], [-102.12378, 32.03544], [-102.12405, 32.03536], [-102.12418, 32.03532], [-102.12444, 32.03524], [-102.12457, 32.03519], [-102.12482, 32.03509], [-102.12534, 32.03489], [-102.12699, 32.03423], [-102.12724, 32.03413], [-102.12737, 32.03408], [-102.1275, 32.03404], [-102.12764, 32.03399], [-102.1279, 32.03392], [-102.12817, 32.03384], [-102.1283, 32.03381], [-102.12912, 32.03362], [-102.12936, 32.03357], [-102.12959, 32.03351], [-102.13492, 32.03227], [-102.14089, 32.03089], [-102.14215, 32.03059], [-102.14336, 32.0303], [-102.14344, 32.03028], [-102.14352, 32.03026], [-102.14359, 32.03023], [-102.14367, 32.03021], [-102.14374, 32.03018], [-102.14389, 32.03013], [-102.14397, 32.03009], [-102.14404, 32.03007], [-102.14411, 32.03003], [-102.14426, 32.02997], [-102.14432, 32.02993], [-102.14439, 32.02989], [-102.14446, 32.02986], [-102.14453, 32.02982], [-102.1446, 32.02978], [-102.14472, 32.02971], [-102.14486, 32.02962], [-102.14493, 32.02957], [-102.145, 32.02952], [-102.14507, 32.02948], [-102.14513, 32.02943], [-102.1452, 32.02937], [-102.14544, 32.02917], [-102.14553, 32.02908], [-102.14564, 32.02898], [-102.14583, 32.02879], [-102.14906, 32.02546], [-102.15442, 32.02], [-102.15449, 32.01992], [-102.15453, 32.01989], [-102.15456, 32.01986], [-102.1547, 32.01973], [-102.1572, 32.01717], [-102.15736, 32.01702], [-102.15743, 32.01695], [-102.15749, 32.01688], [-102.15756, 32.0168], [-102.15762, 32.01673], [-102.15768, 32.01666], [-102.15775, 32.01659], [-102.15781, 32.01651], [-102.15797, 32.01628], [-102.15811, 32.01607], [-102.1582, 32.01591], [-102.15825, 32.01583], [-102.15829, 32.01574], [-102.15833, 32.01566], [-102.15845, 32.01541], [-102.1585, 32.01528]]}}, {"type": "Feature", "properties": {"name": "W Loop 250 N"}, "geometry": {"type": "LineString", "coordinates": [[-102.15827, 32.0152], [-102.15822, 32.01533], [-102.15815, 32.0155], [-102.15807, 32.01566], [-102.15803, 32.01573], [-102.15799, 32.01581], [-102.15794, 32.01588], [-102.1579, 32.01597], [-102.15781, 32.01612], [-102.15775, 32.0162], [-102.15769, 32.01628], [-102.15764, 32.01635], [-102.15758, 32.01642], [-102.15752, 32.01649], [-102.15747, 32.01656], [-102.15741, 32.01663], [-102.15735, 32.0167], [-102.15729, 32.01677], [-102.15722, 32.01684], [-102.15716, 32.0169], [-102.15709, 32.01697], [-102.15702, 32.01703], [-102.15442, 32.01967], [-102.15436, 32.01974], [-102.15433, 32.01978], [-102.15429, 32.01981], [-102.15426, 32.01984], [-102.14947, 32.0247], [-102.14901, 32.02519], [-102.14893, 32.02526], [-102.14574, 32.02855], [-102.14555, 32.02874], [-102.14552, 32.02878], [-102.14542, 32.02888], [-102.14536, 32.02893], [-102.14526, 32.02903], [-102.14519, 32.02908], [-102.14513, 32.02913], [-102.145, 32.02924], [-102.14487, 32.02933], [-102.14481, 32.02938], [-102.14474, 32.02943], [-102.1446, 32.02951], [-102.14453, 32.02956], [-102.14445, 32.0296], [-102.14439, 32.02964], [-102.14427, 32.0297], [-102.14419, 32.02973], [-102.14413, 32.02977], [-102.14405, 32.02981], [-102.14397, 32.02984], [-102.14381, 32.02991], [-102.14374, 32.02994], [-102.14365, 32.02997], [-102.14358, 32.03], [-102.14349, 32.03003], [-102.14341, 32.03005], [-102.14325, 32.0301], [-102.14316, 32.03013], [-102.14308, 32.03015], [-102.143, 32.03017], [-102.14206, 32.03039], [-102.14203, 32.0304], [-102.14019, 32.03083], [-102.13801, 32.03134], [-102.13557, 32.03191], [-102.12953, 32.03331], [-102.12929, 32.03337], [-102.12905, 32.03343], [-102.12831, 32.03359], [-102.12812, 32.03364], [-102.12798, 32.03368], [-102.12784, 32.03371], [-102.12771, 32.03375], [-102.12743, 32.03384], [-102.12728, 32.03389], [-102.12715, 32.03393], [-102.12688, 32.03404], [-102.12471, 32.03491], [-102.12456, 32.03497], [-102.12452, 32.03498], [-102.12439, 32.03503], [-102.12427, 32.03507], [-102.12418, 32.0351], [-102.12388, 32.03519], [-102.12381, 32.03521], [-102.12373, 32.03524], [-102.12359, 32.03527], [-102.12345, 32.0353], [-102.12085, 32.03591], [-102.11837, 32.03649], [-102.11813, 32.03654], [-102.11311, 32.03772], [-102.11287, 32.03778], [-102.11262, 32.03784], [-102.10773, 32.03898], [-102.10766, 32.03899], [-102.10761, 32.03901], [-102.10518, 32.03958], [-102.10183, 32.04037], [-102.10162, 32.04042], [-102.09895, 32.04105], [-102.09659, 32.04161], [-102.09634, 32.04167], [-102.09608, 32.04173], [-102.09402, 32.04222], [-102.09354, 32.04233], [-102.09316, 32.04242], [-102.09283, 32.04248], [-102.09236, 32.04258], [-102.09197, 32.04264], [-102.09162, 32.04269], [-102.09103, 32.04277], [-102.09017, 32.04287], [-102.08831, 32.04311], [-102.08579, 32.04343], [-102.08549, 32.04346], [-102.08523, 32.04349]]}}, {"type": "Feature", "properties": {"name": "US Hwy 385"}, "geometry": {"type": "LineString", "coordinates": [[-102.65755, 30.87875], [-102.66092, 30.87917], [-102.66628, 30.87983], [-102.66716, 30.87996], [-102.6675, 30.88], [-102.66946, 30.88023], [-102.67063, 30.88038], [-102.67094, 30.88042], [-102.67103, 30.88043], [-102.67195, 30.88055], [-102.67441, 30.88085], [-102.67466, 30.88088], [-102.67543, 30.88097], [-102.67569, 30.881], [-102.67605, 30.88104], [-102.67669, 30.88109], [-102.67859, 30.88136], [-102.68014, 30.88162], [-102.68127, 30.88185], [-102.6823, 30.88209], [-102.68253, 30.88215], [-102.685, 30.88276], [-102.68589, 30.88297], [-102.68772, 30.88341], [-102.69374, 30.88484], [-102.69582, 30.88531], [-102.69735, 30.88569], [-102.69812, 30.88585], [-102.70055, 30.88643], [-102.70275, 30.88695], [-102.70279, 30.88695], [-102.70463, 30.8874], [-102.7055, 30.88759], [-102.70717, 30.88799], [-102.70818, 30.88821], [-102.70922, 30.88847], [-102.70955, 30.88855], [-102.70977, 30.88859], [-102.71013, 30.88867], [-102.71044, 30.88873], [-102.71052, 30.88875], [-102.71067, 30.88876], [-102.71082, 30.88879], [-102.71135, 30.88886], [-102.71177, 30.88891], [-102.71272, 30.88898], [-102.71326, 30.889], [-102.71465, 30.88905], [-102.71733, 30.88912], [-102.71755, 30.88913], [-102.71961, 30.88917], [-102.71985, 30.88918], [-102.72285, 30.88923], [-102.72884, 30.88938], [-102.73209, 30.88947], [-102.73307, 30.8895], [-102.73564, 30.88956], [-102.73822, 30.8896], [-102.73829, 30.8896], [-102.74077, 30.88966], [-102.74316, 30.8897], [-102.74512, 30.88976], [-102.75141, 30.88988], [-102.75419, 30.88994], [-102.75484, 30.88995], [-102.76203, 30.89014], [-102.77228, 30.89036], [-102.7831, 30.89059], [-102.78399, 30.89062], [-102.78415, 30.89062], [-102.78941, 30.89077], [-102.79097, 30.89081], [-102.79371, 30.89083], [-102.79472, 30.89086], [-102.79776, 30.89092], [-102.79877, 30.89095], [-102.79978, 30.89098], [-102.7999, 30.89098], [-102.80331, 30.89106], [-102.80445, 30.89109], [-102.80734, 30.89114], [-102.81106, 30.89123], [-102.81201, 30.89125], [-102.81412, 30.89129], [-102.82253, 30.89149], [-102.82407, 30.89153], [-102.83027, 30.89166], [-102.8305, 30.89167], [-102.83467, 30.89177], [-102.83539, 30.89178], [-102.83833, 30.89183], [-102.83979, 30.89187], [-102.84101, 30.89189], [-102.84158, 30.8919], [-102.84167, 30.8919], [-102.84179, 30.8919]]}}, {"type": "Feature", "properties": {"name": "US Hwy 385"}, "geometry": {"type": "LineString", "coordinates": [[-102.653, 30.87844], [-102.66656, 30.88014], [-102.66715, 30.88021], [-102.67091, 30.8807], [-102.67342, 30.88102], [-102.6743, 30.88112], [-102.67727, 30.88148], [-102.67793, 30.88159], [-102.67857, 30.88168], [-102.68055, 30.88207], [-102.68143, 30.88227], [-102.68646, 30.88348], [-102.68856, 30.88397], [-102.69115, 30.88458], [-102.69372, 30.88518], [-102.6953, 30.88556], [-102.69748, 30.88608], [-102.70003, 30.88667], [-102.7049, 30.88781], [-102.70738, 30.88841], [-102.70952, 30.88891], [-102.70956, 30.88892], [-102.71031, 30.88907], [-102.71103, 30.88918], [-102.71135, 30.88922], [-102.71226, 30.8893], [-102.71292, 30.88934], [-102.71387, 30.88938], [-102.71516, 30.8894], [-102.71599, 30.88941], [-102.71822, 30.88946], [-102.71959, 30.8895], [-102.72097, 30.88954], [-102.72349, 30.88959], [-102.73056, 30.88975], [-102.73203, 30.88979], [-102.73333, 30.88983], [-102.73626, 30.88989], [-102.73864, 30.88994], [-102.74286, 30.89004], [-102.74519, 30.8901], [-102.747, 30.89016], [-102.74969, 30.8902], [-102.75502, 30.89033], [-102.75773, 30.89039], [-102.76672, 30.8906], [-102.76986, 30.89066], [-102.77275, 30.89073], [-102.77536, 30.89078], [-102.78124, 30.89091], [-102.78418, 30.89097], [-102.7874, 30.89106], [-102.78939, 30.8911], [-102.79224, 30.89116], [-102.79245, 30.89115], [-102.79876, 30.8913], [-102.80441, 30.89144], [-102.80598, 30.89147], [-102.81904, 30.89175], [-102.83022, 30.89201], [-102.83051, 30.89202], [-102.83624, 30.89214], [-102.83765, 30.89218], [-102.83943, 30.8922], [-102.84163, 30.89225], [-102.84256, 30.8923]]}}, {"type": "Feature", "properties": {"name": "State Hwy 208"}, "geometry": {"type": "LineString", "coordinates": [[-100.84357, 32.40812], [-100.84768, 32.41008], [-100.84881, 32.41065], [-100.85017, 32.41132], [-100.85153, 32.41194], [-100.85304, 32.41243], [-100.85423, 32.41266], [-100.85582, 32.4128], [-100.85615, 32.41276], [-100.85773, 32.41258], [-100.85923, 32.4123], [-100.86044, 32.41209]]}}, {"type": "Feature", "properties": {"name": "State Hwy 208"}, "geometry": {"type": "LineString", "coordinates": [[-100.86045, 32.41188], [-100.85965, 32.41204], [-100.8581, 32.41235], [-100.85775, 32.41242], [-100.85722, 32.4125], [-100.85718, 32.41251], [-100.85664, 32.41256], [-100.85641, 32.41258], [-100.85618, 32.41259], [-100.85614, 32.41259], [-100.85536, 32.4126], [-100.85533, 32.4126], [-100.8551, 32.41258], [-100.85476, 32.41255], [-100.85413, 32.41248], [-100.85404, 32.41246], [-100.85371, 32.4124], [-100.85309, 32.41228], [-100.85248, 32.41209], [-100.85193, 32.4119], [-100.85101, 32.41151], [-100.85099, 32.4115], [-100.85054, 32.41128], [-100.85022, 32.41112], [-100.85004, 32.41103], [-100.84967, 32.41086], [-100.84873, 32.4104], [-100.84837, 32.41022], [-100.84481, 32.4085], [-100.84416, 32.40819], [-100.8435, 32.40787]]}}, {"type": "Feature", "properties": {"name": "State Loop 306"}, "geometry": {"type": "LineString", "coordinates": [[-100.50647, 31.43089], [-100.50641, 31.4306], [-100.5062, 31.42996], [-100.50603, 31.42959], [-100.50588, 31.42936], [-100.50572, 31.42911], [-100.50532, 31.4286], [-100.50503, 31.42828], [-100.50487, 31.42814], [-100.50424, 31.42756], [-100.50335, 31.42677], [-100.50233, 31.42628], [-100.50182, 31.42608], [-100.50103, 31.42581], [-100.50043, 31.4256], [-100.4984, 31.42488], [-100.49796, 31.42473], [-100.49652, 31.42423], [-100.49643, 31.4242], [-100.49639, 31.42419], [-100.49632, 31.42417], [-100.49618, 31.42413], [-100.49595, 31.42405], [-100.49524, 31.42382], [-100.49434, 31.42348], [-100.49426, 31.42346], [-100.49418, 31.42343], [-100.49308, 31.42305], [-100.49236, 31.42276], [-100.49219, 31.42269], [-100.49201, 31.42261], [-100.48986, 31.42185], [-100.48911, 31.42162], [-100.48878, 31.4215], [-100.4853, 31.4203], [-100.48513, 31.42025], [-100.48495, 31.42019], [-100.48159, 31.419], [-100.48104, 31.4188], [-100.48091, 31.41875], [-100.47942, 31.41828], [-100.47817, 31.41787], [-100.47764, 31.41769], [-100.47692, 31.41746], [-100.47687, 31.41744], [-100.47528, 31.41688], [-100.4741, 31.41649], [-100.47366, 31.41632], [-100.47136, 31.41551], [-100.47078, 31.41529], [-100.47024, 31.41508], [-100.47011, 31.41504], [-100.46998, 31.41499], [-100.46964, 31.41487], [-100.46688, 31.41395], [-100.46375, 31.41285], [-100.46364, 31.41281], [-100.46357, 31.41278], [-100.46249, 31.41243], [-100.46171, 31.41215], [-100.46104, 31.41192], [-100.45975, 31.41146], [-100.45685, 31.41047], [-100.45128, 31.40853], [-100.45029, 31.40817], [-100.44945, 31.40788], [-100.44894, 31.4077], [-100.44867, 31.40761], [-100.44626, 31.4068], [-100.44378, 31.4059], [-100.44275, 31.40554], [-100.44218, 31.40534], [-100.44195, 31.40525], [-100.44125, 31.40498], [-100.44119, 31.40495], [-100.441, 31.40488], [-100.44094, 31.40485]]}}, {"type": "Feature", "properties": {"name": "State Loop 306"}, "geometry": {"type": "LineString", "coordinates": [[-100.43966, 31.40477], [-100.44048, 31.40502], [-100.44128, 31.40527], [-100.44145, 31.40532], [-100.44157, 31.40536], [-100.44187, 31.40545], [-100.44195, 31.40547], [-100.44199, 31.40549], [-100.44211, 31.40553], [-100.44282, 31.40578], [-100.44494, 31.40655], [-100.44564, 31.40681], [-100.44623, 31.40702], [-100.44658, 31.40714], [-100.44707, 31.40726], [-100.44887, 31.40789], [-100.44913, 31.40798], [-100.4494, 31.40808], [-100.4497, 31.40819], [-100.45092, 31.40861], [-100.45211, 31.40902], [-100.4541, 31.40971], [-100.45567, 31.41026], [-100.45686, 31.41068], [-100.45803, 31.41108], [-100.46084, 31.41206], [-100.46153, 31.4123], [-100.4627, 31.41271], [-100.46279, 31.41274], [-100.46305, 31.41283], [-100.46314, 31.41286], [-100.46327, 31.41291], [-100.46365, 31.41304], [-100.46373, 31.41307], [-100.46378, 31.41308], [-100.46501, 31.41351], [-100.4687, 31.41478], [-100.46947, 31.41504], [-100.46981, 31.41516], [-100.46987, 31.41518], [-100.46993, 31.4152], [-100.47, 31.41522], [-100.47004, 31.41524], [-100.47007, 31.41525], [-100.47026, 31.41533], [-100.47035, 31.41537], [-100.47046, 31.41541], [-100.47108, 31.41562], [-100.47295, 31.41627], [-100.47357, 31.41649], [-100.47434, 31.41675], [-100.47594, 31.41731], [-100.47664, 31.41756], [-100.47741, 31.41783], [-100.47742, 31.41784], [-100.47745, 31.41785], [-100.47746, 31.41785], [-100.47795, 31.41802], [-100.47881, 31.41831], [-100.47943, 31.41852], [-100.47992, 31.41869], [-100.48004, 31.41874], [-100.48041, 31.41886], [-100.48053, 31.4189], [-100.48086, 31.41901], [-100.48143, 31.41921], [-100.48148, 31.41923], [-100.48158, 31.41927], [-100.48244, 31.41957], [-100.48413, 31.42015], [-100.48464, 31.42033], [-100.48489, 31.4204], [-100.48496, 31.42042], [-100.48503, 31.42045], [-100.48511, 31.42047], [-100.48519, 31.4205], [-100.4859, 31.42074], [-100.48749, 31.42128], [-100.48848, 31.42164], [-100.48903, 31.42184], [-100.48935, 31.42195], [-100.48973, 31.42208], [-100.49017, 31.42224], [-100.49086, 31.42247], [-100.49089, 31.42249], [-100.49128, 31.42264], [-100.4916, 31.42274], [-100.49255, 31.42307], [-100.49262, 31.4231], [-100.49286, 31.42318], [-100.49309, 31.42326], [-100.49378, 31.42351], [-100.49401, 31.42359], [-100.49402, 31.42359], [-100.49403, 31.4236], [-100.4941, 31.42362], [-100.49412, 31.42363], [-100.49418, 31.42365], [-100.49434, 31.4237], [-100.4944, 31.42372], [-100.49477, 31.42385], [-100.49524, 31.42401], [-100.49589, 31.42423], [-100.49609, 31.4243], [-100.49617, 31.42433], [-100.49626, 31.42436], [-100.49643, 31.42442], [-100.50045, 31.42582], [-100.50095, 31.42599], [-100.50114, 31.42606], [-100.50206, 31.42641], [-100.50244, 31.42657], [-100.50293, 31.42678], [-100.5033, 31.42701], [-100.50358, 31.42725], [-100.50402, 31.42762], [-100.50437, 31.42798], [-100.50474, 31.42836], [-100.50496, 31.4286], [-100.50525, 31.42893], [-100.50527, 31.42895], [-100.50557, 31.42934], [-100.50572, 31.42961], [-100.5058, 31.42974], [-100.50587, 31.42986], [-100.50601, 31.43016], [-100.50608, 31.4303], [-100.50612, 31.43044], [-100.50622, 31.43086], [-100.50625, 31.43101]]}}, {"type": "Feature", "properties": {"name": "State Hwy 70"}, "geometry": {"type": "LineString", "coordinates": [[-100.39843, 32.45], [-100.39826, 32.45004], [-100.39546, 32.45057], [-100.39506, 32.45065], [-100.39487, 32.45069], [-100.39406, 32.45091], [-100.39335, 32.45119], [-100.39299, 32.45136], [-100.39263, 32.45154], [-100.3923, 32.45175], [-100.39198, 32.45198], [-100.39168, 32.45221], [-100.39136, 32.45247], [-100.39108, 32.45275], [-100.39083, 32.45303], [-100.39058, 32.45332], [-100.38975, 32.45445], [-100.38939, 32.45493], [-100.38737, 32.45771], [-100.38668, 32.45866], [-100.38639, 32.45905], [-100.3851, 32.46085], [-100.38491, 32.46118], [-100.3836, 32.4629], [-100.38277, 32.46405], [-100.38227, 32.46475], [-100.38223, 32.46481], [-100.38184, 32.46534], [-100.38148, 32.46581], [-100.3811, 32.46628], [-100.3807, 32.46672], [-100.38028, 32.46716], [-100.37971, 32.46771], [-100.37692, 32.47036], [-100.37471, 32.47255], [-100.37288, 32.47436], [-100.37191, 32.47532], [-100.37026, 32.47683], [-100.36812, 32.47888], [-100.36713, 32.47987], [-100.36681, 32.48007], [-100.36666, 32.48017], [-100.36655, 32.48025], [-100.36598, 32.48063], [-100.36577, 32.48074], [-100.36529, 32.481], [-100.36495, 32.48114], [-100.36439, 32.48139]]}}, {"type": "Feature", "properties": {"name": "State Hwy 70"}, "geometry": {"type": "LineString", "coordinates": [[-100.39848, 32.4502], [-100.39789, 32.45031], [-100.39612, 32.45065], [-100.39553, 32.45077], [-100.39547, 32.45078], [-100.39529, 32.45081], [-100.39523, 32.45083], [-100.39496, 32.45088], [-100.39418, 32.45108], [-100.39395, 32.45117], [-100.39381, 32.45123], [-100.39343, 32.45137], [-100.39307, 32.45153], [-100.39271, 32.45171], [-100.39241, 32.45191], [-100.39207, 32.45215], [-100.39178, 32.45237], [-100.39148, 32.45263], [-100.39126, 32.45287], [-100.39096, 32.45319], [-100.39077, 32.45342], [-100.39074, 32.45346], [-100.38995, 32.45454], [-100.38988, 32.45464], [-100.38971, 32.45488], [-100.38966, 32.45493], [-100.38959, 32.45503], [-100.38952, 32.45512], [-100.38932, 32.45539], [-100.38926, 32.45548], [-100.3889, 32.45598], [-100.38823, 32.45689], [-100.38781, 32.45746], [-100.38744, 32.45795], [-100.38736, 32.45806], [-100.38694, 32.45873], [-100.38692, 32.45876], [-100.38677, 32.45897], [-100.38658, 32.45922], [-100.38485, 32.4616], [-100.38444, 32.46213], [-100.38386, 32.46294], [-100.38322, 32.46383], [-100.38296, 32.46418], [-100.38285, 32.46433], [-100.38253, 32.46476], [-100.38246, 32.46485], [-100.38243, 32.46491], [-100.38166, 32.46591], [-100.38128, 32.46638], [-100.38073, 32.46698], [-100.38027, 32.46745], [-100.38001, 32.46774], [-100.3799, 32.46784], [-100.37956, 32.46818], [-100.3724, 32.47509], [-100.37016, 32.47725], [-100.37014, 32.47726], [-100.36875, 32.47861], [-100.36703, 32.48028], [-100.36701, 32.48029], [-100.36697, 32.48034], [-100.36695, 32.48035]]}}, {"type": "Feature", "properties": {"name": "State Hwy 27"}, "geometry": {"type": "LineString", "coordinates": [[-99.52279, 30.28859], [-99.52126, 30.28783], [-99.51901, 30.28671], [-99.51478, 30.28461], [-99.51348, 30.28397], [-99.512, 30.2832], [-99.5116, 30.28297], [-99.51097, 30.2826], [-99.5105, 30.2823], [-99.51043, 30.28226], [-99.50995, 30.28192], [-99.50985, 30.28183], [-99.5088, 30.281], [-99.50585, 30.27841], [-99.50317, 30.27604], [-99.50119, 30.27432], [-99.50017, 30.27349], [-99.49896, 30.27257], [-99.49756, 30.27163], [-99.4964, 30.27092], [-99.4956, 30.27046], [-99.49414, 30.26966], [-99.49263, 30.26895], [-99.49054, 30.26804], [-99.48859, 30.26714], [-99.48646, 30.2662], [-99.47438, 30.26081], [-99.47052, 30.25908], [-99.46556, 30.25687], [-99.46319, 30.25583], [-99.46208, 30.25532], [-99.46153, 30.25505], [-99.45835, 30.25338], [-99.45761, 30.25293], [-99.45543, 30.25176], [-99.45059, 30.24921], [-99.4498, 30.24879], [-99.44842, 30.24801], [-99.44725, 30.24739], [-99.44622, 30.24682], [-99.44433, 30.2458], [-99.44067, 30.24374], [-99.44013, 30.24345], [-99.43737, 30.24198], [-99.43672, 30.24162], [-99.43588, 30.2411], [-99.43551, 30.24084], [-99.43516, 30.24059], [-99.43483, 30.24034], [-99.43414, 30.23976], [-99.43215, 30.23804], [-99.4298, 30.236], [-99.42566, 30.23243], [-99.42355, 30.2306], [-99.41918, 30.22681], [-99.41681, 30.22474], [-99.41466, 30.22295], [-99.41454, 30.22284], [-99.41422, 30.22259], [-99.4134, 30.222], [-99.4127, 30.22155], [-99.41198, 30.22113], [-99.40817, 30.21907], [-99.40682, 30.21834], [-99.40318, 30.21639], [-99.4002, 30.2148], [-99.39205, 30.21043], [-99.38561, 30.20698]]}}, {"type": "Feature", "properties": {"name": "State Hwy 27"}, "geometry": {"type": "LineString", "coordinates": [[-99.38545, 30.20722], [-99.39296, 30.21124], [-99.39358, 30.21157], [-99.40297, 30.2166], [-99.4068, 30.21865], [-99.4119, 30.22139], [-99.41245, 30.22169], [-99.41271, 30.22186], [-99.41339, 30.22231], [-99.41353, 30.22241], [-99.41365, 30.2225], [-99.4138, 30.2226], [-99.41393, 30.2227], [-99.41406, 30.22279], [-99.41419, 30.22289], [-99.41432, 30.22299], [-99.41864, 30.22674], [-99.42034, 30.22819], [-99.42132, 30.22906], [-99.42334, 30.2308], [-99.42523, 30.23243], [-99.43091, 30.23736], [-99.43333, 30.23944], [-99.43389, 30.23993], [-99.43436, 30.24034], [-99.43485, 30.24072], [-99.43533, 30.24108], [-99.43566, 30.24129], [-99.43578, 30.24137], [-99.43601, 30.24153], [-99.43627, 30.2417], [-99.43667, 30.24193], [-99.43787, 30.24257], [-99.44044, 30.24393], [-99.44106, 30.24429], [-99.44139, 30.24447], [-99.44438, 30.24615], [-99.44517, 30.24657], [-99.44668, 30.24741], [-99.44752, 30.24788], [-99.45024, 30.24934], [-99.45498, 30.25183], [-99.457, 30.25292], [-99.45786, 30.25342], [-99.46024, 30.25467], [-99.46105, 30.25511], [-99.46186, 30.25551], [-99.46238, 30.25576], [-99.46548, 30.25716], [-99.47536, 30.26158], [-99.47885, 30.26313], [-99.4837, 30.26529], [-99.48615, 30.26637], [-99.48663, 30.26658], [-99.49038, 30.26827], [-99.49323, 30.26955], [-99.49338, 30.26963], [-99.49354, 30.2697], [-99.49413, 30.27], [-99.49524, 30.27059], [-99.49567, 30.27083], [-99.49593, 30.27099], [-99.4971, 30.2717], [-99.49838, 30.27252], [-99.49878, 30.2728], [-99.50053, 30.27415], [-99.50101, 30.27454], [-99.50263, 30.27596], [-99.5053, 30.27832], [-99.50784, 30.28054], [-99.5086, 30.28121], [-99.50968, 30.28205], [-99.5099, 30.28221], [-99.51011, 30.28235], [-99.51013, 30.28237], [-99.51035, 30.28253], [-99.51082, 30.28284], [-99.51112, 30.28303], [-99.51203, 30.28352], [-99.51247, 30.28375], [-99.51458, 30.28482], [-99.51857, 30.2868], [-99.52215, 30.28859]]}}, {"type": "Feature", "properties": {"name": "State Spur 327"}, "geometry": {"type": "LineString", "coordinates": [[-101.95568, 33.53884], [-101.9571, 33.53893], [-101.95773, 33.53893], [-101.95872, 33.53894], [-101.95979, 33.53897], [-101.96042, 33.53898], [-101.961, 33.53901]]}}, {"type": "Feature", "properties": {"name": "State Spur 327"}, "geometry": {"type": "LineString", "coordinates": [[-101.95568, 33.53884], [-101.95651, 33.53884], [-101.9571, 33.53884], [-101.95723, 33.53884], [-101.95773, 33.53883], [-101.9582, 33.53882], [-101.95855, 33.5388], [-101.95872, 33.53879], [-101.95899, 33.53877], [-101.9594, 33.53872], [-101.95959, 33.5387], [-101.96003, 33.53858], [-101.96077, 33.53835], [-101.96138, 33.53815]]}}, {"type": "Feature", "properties": {"name": "State Spur 327"}, "geometry": {"type": "LineString", "coordinates": [[-101.92363, 33.53554], [-101.925, 33.53597], [-101.92528, 33.53607], [-101.92557, 33.53619], [-101.92585, 33.53632], [-101.92617, 33.53648], [-101.92687, 33.53687], [-101.92714, 33.53702], [-101.92793, 33.5375], [-101.92846, 33.5378], [-101.92905, 33.53811], [-101.92933, 33.53825], [-101.92967, 33.5384], [-101.93018, 33.53858], [-101.93047, 33.53867], [-101.93062, 33.53871], [-101.93079, 33.53876], [-101.93151, 33.53892], [-101.93166, 33.53896], [-101.93193, 33.539], [-101.93322, 33.53906], [-101.93418, 33.5391], [-101.93555, 33.53906], [-101.93603, 33.53903], [-101.93701, 33.53894], [-101.93924, 33.53888], [-101.93948, 33.5389], [-101.93974, 33.53891], [-101.93999, 33.5389], [-101.94431, 33.53892], [-101.9449, 33.53892], [-101.94513, 33.53892], [-101.94889, 33.53888], [-101.95345, 33.53888], [-101.95419, 33.53885], [-101.95459, 33.53885], [-101.955, 33.53885], [-101.95568, 33.53884]]}}, {"type": "Feature", "properties": {"name": "I- 27 N"}, "geometry": {"type": "LineString", "coordinates": [[-101.8409, 33.82729], [-101.8409, 33.82659], [-101.84089, 33.82652], [-101.84089, 33.82456], [-101.84089, 33.82336], [-101.84077, 33.82192], [-101.84076, 33.82124], [-101.84072, 33.82073], [-101.84067, 33.82019], [-101.84064, 33.81996], [-101.84063, 33.81989], [-101.84059, 33.81965], [-101.84056, 33.81952], [-101.84055, 33.81946], [-101.84051, 33.81929], [-101.84043, 33.81892], [-101.84018, 33.81813], [-101.84002, 33.81773], [-101.83979, 33.81722], [-101.83954, 33.81675], [-101.83907, 33.81587], [-101.83899, 33.81569], [-101.83867, 33.81503], [-101.8383, 33.81412], [-101.83821, 33.81386], [-101.8381, 33.81353], [-101.83795, 33.81303], [-101.83778, 33.81232], [-101.8377, 33.8119], [-101.83764, 33.81149], [-101.83757, 33.81095], [-101.83754, 33.8106], [-101.83752, 33.81015], [-101.83752, 33.81013], [-101.83743, 33.79533], [-101.83742, 33.78819], [-101.83742, 33.78546], [-101.83742, 33.78485], [-101.83742, 33.78086], [-101.83739, 33.77575], [-101.83734, 33.76642], [-101.83733, 33.75216], [-101.83733, 33.75197], [-101.83732, 33.7498], [-101.83733, 33.74801], [-101.83734, 33.74758], [-101.83737, 33.74706], [-101.8374, 33.74672], [-101.83747, 33.74635], [-101.8376, 33.74591], [-101.83782, 33.74528], [-101.83796, 33.74487], [-101.8381, 33.74451], [-101.83865, 33.74336], [-101.83887, 33.74294], [-101.83991, 33.74091], [-101.84009, 33.74054], [-101.84021, 33.74031], [-101.84055, 33.7396], [-101.84071, 33.73924], [-101.84092, 33.73866], [-101.84105, 33.73832], [-101.8413, 33.73752], [-101.84133, 33.73737], [-101.84155, 33.73632], [-101.84164, 33.73557], [-101.8417, 33.73511], [-101.84173, 33.7346], [-101.84173, 33.73446], [-101.84175, 33.73397], [-101.84175, 33.73324], [-101.84176, 33.73209], [-101.84176, 33.73184], [-101.84176, 33.73136], [-101.84175, 33.72933], [-101.84175, 33.72912], [-101.84175, 33.72856], [-101.84176, 33.72763], [-101.84175, 33.72706], [-101.84171, 33.7266], [-101.84167, 33.72626], [-101.84165, 33.72608], [-101.84156, 33.72564], [-101.8415, 33.7254], [-101.84147, 33.72524], [-101.84135, 33.72488], [-101.84121, 33.72451], [-101.841, 33.72405], [-101.84082, 33.72366], [-101.84053, 33.72319], [-101.84017, 33.72254], [-101.83973, 33.72173], [-101.8394, 33.72102], [-101.83923, 33.72052], [-101.83915, 33.72021], [-101.83908, 33.7198], [-101.839, 33.71941], [-101.83892, 33.71874], [-101.83893, 33.71771], [-101.8389, 33.71683], [-101.8389, 33.71663], [-101.83889, 33.7159], [-101.83889, 33.71587], [-101.8389, 33.71569], [-101.8389, 33.71566], [-101.8389, 33.7156], [-101.8389, 33.71538], [-101.83892, 33.71446], [-101.83897, 33.71386], [-101.83909, 33.71281], [-101.83915, 33.71253], [-101.83924, 33.71201], [-101.83942, 33.71123], [-101.83956, 33.71032], [-101.8396, 33.70983], [-101.83965, 33.70838], [-101.83966, 33.70795], [-101.83969, 33.70717], [-101.83971, 33.70593], [-101.83977, 33.70402], [-101.83974, 33.70318], [-101.83969, 33.7024], [-101.8396, 33.7019], [-101.83959, 33.70183], [-101.83948, 33.7014], [-101.83945, 33.7013], [-101.83941, 33.70116], [-101.83937, 33.70104], [-101.83926, 33.70071], [-101.83905, 33.70021], [-101.83845, 33.69831], [-101.8381, 33.69729], [-101.83801, 33.69702], [-101.83789, 33.69668], [-101.83758, 33.69578], [-101.83728, 33.69487], [-101.83695, 33.69388], [-101.83678, 33.69336], [-101.83656, 33.69263], [-101.83636, 33.69183], [-101.83626, 33.69132], [-101.83618, 33.69086], [-101.83612, 33.69029], [-101.83609, 33.68989], [-101.83607, 33.68952], [-101.83606, 33.6892], [-101.83604, 33.68854], [-101.83604, 33.68782], [-101.83603, 33.68653], [-101.83601, 33.68522], [-101.83601, 33.68482], [-101.83601, 33.68352], [-101.83598, 33.67939], [-101.8359, 33.67153], [-101.83588, 33.67021], [-101.83588, 33.66973], [-101.83587, 33.66871], [-101.83587, 33.66773], [-101.8359, 33.66725], [-101.83593, 33.66699], [-101.83602, 33.66633], [-101.83611, 33.66592], [-101.83625, 33.6654], [-101.83633, 33.66497], [-101.83636, 33.6648], [-101.83641, 33.6645], [-101.83646, 33.6642], [-101.83649, 33.66368], [-101.83649, 33.663], [-101.83651, 33.66211], [-101.8365, 33.66165], [-101.83649, 33.66103], [-101.83649, 33.65981], [-101.83647, 33.65785], [-101.83647, 33.65765], [-101.83647, 33.65744], [-101.83644, 33.65456], [-101.83643, 33.65244], [-101.83641, 33.65214], [-101.83637, 33.65184], [-101.83633, 33.65146], [-101.83626, 33.65103], [-101.83616, 33.65061], [-101.83615, 33.65054], [-101.83612, 33.65038], [-101.83604, 33.6501], [-101.83587, 33.64944], [-101.83581, 33.6491], [-101.83576, 33.64883], [-101.83572, 33.64838], [-101.8357, 33.64669], [-101.83569, 33.64547], [-101.83567, 33.64343], [-101.83567, 33.64321], [-101.83567, 33.64312], [-101.83567, 33.64299], [-101.83565, 33.64132], [-101.83565, 33.64018], [-101.83565, 33.63987], [-101.83565, 33.63927], [-101.83566, 33.63889], [-101.83564, 33.63773], [-101.83563, 33.63678], [-101.83562, 33.63586], [-101.83558, 33.6347], [-101.83554, 33.63324], [-101.83552, 33.63243], [-101.83549, 33.63161], [-101.83546, 33.63078], [-101.83543, 33.63027], [-101.83543, 33.62994], [-101.83542, 33.62961], [-101.83541, 33.62915], [-101.8354, 33.62902], [-101.83541, 33.62839], [-101.83543, 33.62828], [-101.83545, 33.62813], [-101.83559, 33.62698], [-101.8359, 33.62601], [-101.83606, 33.6256], [-101.83629, 33.62501], [-101.83643, 33.62472], [-101.83649, 33.62461], [-101.83663, 33.62435], [-101.83687, 33.62396], [-101.83714, 33.62354], [-101.83733, 33.62329], [-101.83742, 33.62317], [-101.83756, 33.623], [-101.83769, 33.62284], [-101.83773, 33.62279], [-101.83828, 33.62219], [-101.83911, 33.62125], [-101.83919, 33.62115], [-101.8393, 33.62103], [-101.84, 33.62022], [-101.84041, 33.61976], [-101.84094, 33.61916], [-101.84178, 33.61818], [-101.84193, 33.618], [-101.84215, 33.61775], [-101.84229, 33.61759], [-101.84252, 33.61732], [-101.84262, 33.6172], [-101.84359, 33.61608], [-101.84402, 33.61558], [-101.84462, 33.61488], [-101.84494, 33.61452], [-101.84519, 33.61412], [-101.84542, 33.61366], [-101.84546, 33.61354], [-101.8456, 33.61313], [-101.84561, 33.61308], [-101.84566, 33.61293], [-101.84568, 33.61288], [-101.84571, 33.61277], [-101.84577, 33.61235], [-101.84579, 33.61199], [-101.84578, 33.61171], [-101.84574, 33.61133], [-101.8457, 33.6111], [-101.84554, 33.61025], [-101.84538, 33.60935], [-101.84522, 33.60852], [-101.84506, 33.60768], [-101.84494, 33.60702], [-101.8449, 33.60679], [-101.84455, 33.60497], [-101.84433, 33.60376], [-101.84432, 33.60372], [-101.84421, 33.60315], [-101.84419, 33.60303], [-101.84408, 33.60247], [-101.84389, 33.60151], [-101.84372, 33.60093], [-101.84349, 33.60014], [-101.84323, 33.59953], [-101.843, 33.59899], [-101.8429, 33.59875], [-101.84282, 33.59858], [-101.84258, 33.59815], [-101.84249, 33.598], [-101.84162, 33.59669], [-101.84057, 33.59522], [-101.84024, 33.59472], [-101.84009, 33.59448], [-101.83991, 33.59416], [-101.83978, 33.59388], [-101.83961, 33.59353], [-101.83936, 33.5928], [-101.83924, 33.59223], [-101.83921, 33.59208], [-101.83918, 33.59197], [-101.83916, 33.59187], [-101.83913, 33.59136], [-101.83912, 33.59114], [-101.83909, 33.59068], [-101.83909, 33.59059], [-101.83909, 33.59041], [-101.83907, 33.58954], [-101.83906, 33.58839], [-101.83904, 33.58738], [-101.83902, 33.58625], [-101.839, 33.5857], [-101.839, 33.58535], [-101.839, 33.58521], [-101.839, 33.58509], [-101.839, 33.58497], [-101.839, 33.58488], [-101.839, 33.58481], [-101.839, 33.58451], [-101.83905, 33.58354], [-101.83906, 33.58348], [-101.83906, 33.58287], [-101.83907, 33.58264], [-101.83908, 33.5824], [-101.83913, 33.58177], [-101.8392, 33.58134], [-101.83931, 33.58084], [-101.8394, 33.58051], [-101.8395, 33.58015], [-101.83959, 33.57988], [-101.83963, 33.57976], [-101.8398, 33.57934], [-101.84, 33.57894], [-101.84009, 33.57876], [-101.84039, 33.57816], [-101.84044, 33.57806], [-101.84056, 33.57782], [-101.84068, 33.5776], [-101.84162, 33.57578], [-101.84213, 33.57478], [-101.84249, 33.57406], [-101.84286, 33.57337], [-101.84311, 33.57285], [-101.8432, 33.57268], [-101.84329, 33.57251], [-101.8438, 33.57151], [-101.84399, 33.57115], [-101.84421, 33.57065], [-101.84425, 33.57056], [-101.84427, 33.57049], [-101.84431, 33.57039], [-101.84445, 33.56996], [-101.84455, 33.56962], [-101.84457, 33.56955], [-101.84471, 33.56893], [-101.84476, 33.56865], [-101.84477, 33.56855], [-101.84482, 33.56801], [-101.84483, 33.56776], [-101.84484, 33.56732], [-101.84484, 33.56686], [-101.84484, 33.56614], [-101.84485, 33.56509], [-101.84485, 33.56415], [-101.84485, 33.56349], [-101.84485, 33.56328], [-101.84485, 33.56319], [-101.84485, 33.56304], [-101.84485, 33.56249], [-101.84485, 33.56159], [-101.84485, 33.56075], [-101.84485, 33.55966], [-101.84485, 33.55871], [-101.84485, 33.55783], [-101.84485, 33.55692], [-101.84485, 33.55603], [-101.84485, 33.5558], [-101.84485, 33.55506], [-101.84485, 33.55417], [-101.84486, 33.55328], [-101.84486, 33.55236], [-101.84486, 33.55146], [-101.84487, 33.55056], [-101.84488, 33.54878], [-101.84488, 33.54869], [-101.84487, 33.54692], [-101.84487, 33.54514], [-101.84486, 33.54392], [-101.84488, 33.54284], [-101.84485, 33.54244], [-101.8448, 33.54151], [-101.84479, 33.54121], [-101.8446, 33.53968], [-101.8445, 33.53887], [-101.84447, 33.53853], [-101.84446, 33.53841], [-101.84442, 33.53795], [-101.84439, 33.53766], [-101.84438, 33.53752], [-101.84437, 33.53738], [-101.84432, 33.53691], [-101.84432, 33.53679]]}}, {"type": "Feature", "properties": {"name": "I- 27 S"}, "geometry": {"type": "LineString", "coordinates": [[-101.84455, 33.53492], [-101.84464, 33.53678], [-101.84465, 33.53705], [-101.84468, 33.53769], [-101.84469, 33.53783], [-101.8447, 33.53798], [-101.84477, 33.53867], [-101.84483, 33.53916], [-101.84489, 33.53963], [-101.84499, 33.54048], [-101.845, 33.54056], [-101.8451, 33.54151], [-101.84514, 33.54204], [-101.84516, 33.54232], [-101.84516, 33.54244], [-101.84517, 33.54331], [-101.84516, 33.54436], [-101.84516, 33.54516], [-101.84516, 33.54574], [-101.84517, 33.54607], [-101.84517, 33.54641], [-101.84516, 33.54695], [-101.84516, 33.54706], [-101.84517, 33.54788], [-101.84518, 33.54845], [-101.84517, 33.54878], [-101.84517, 33.54895], [-101.84515, 33.54985], [-101.84515, 33.54987], [-101.84517, 33.55058], [-101.84516, 33.552], [-101.84516, 33.55289], [-101.84515, 33.55379], [-101.84516, 33.55472], [-101.84516, 33.55582], [-101.84516, 33.55604], [-101.84514, 33.55693], [-101.84514, 33.55739], [-101.84514, 33.55788], [-101.84513, 33.55966], [-101.84513, 33.56053], [-101.84513, 33.56122], [-101.84513, 33.56147], [-101.84513, 33.56304], [-101.84513, 33.56319], [-101.84513, 33.56328], [-101.84513, 33.56348], [-101.84512, 33.56415], [-101.84512, 33.56506], [-101.84512, 33.56599], [-101.84513, 33.56686], [-101.84513, 33.56723], [-101.84512, 33.56776], [-101.84512, 33.56803], [-101.8451, 33.56829], [-101.84505, 33.56875], [-101.84497, 33.56919], [-101.84488, 33.56961], [-101.84463, 33.57039], [-101.84456, 33.57058], [-101.84454, 33.57064], [-101.84426, 33.57125], [-101.84413, 33.5715], [-101.84378, 33.57219], [-101.8435, 33.57275], [-101.84345, 33.57285], [-101.8434, 33.57293], [-101.84283, 33.57404], [-101.84217, 33.5753], [-101.84186, 33.57589], [-101.84099, 33.57761], [-101.84092, 33.57774], [-101.84088, 33.57782], [-101.84074, 33.57807], [-101.84041, 33.57867], [-101.84028, 33.57895], [-101.84024, 33.57903], [-101.83997, 33.57967], [-101.8399, 33.57986], [-101.83974, 33.5803], [-101.83962, 33.58079], [-101.83956, 33.58103], [-101.83944, 33.58172], [-101.83942, 33.58183], [-101.83935, 33.58254], [-101.83936, 33.58268], [-101.83936, 33.58339], [-101.83935, 33.58355], [-101.83934, 33.58445], [-101.83934, 33.58451], [-101.83933, 33.58501], [-101.83933, 33.58514], [-101.83933, 33.58529], [-101.83932, 33.58541], [-101.83932, 33.58552], [-101.83932, 33.58553], [-101.83932, 33.58566], [-101.83933, 33.58599], [-101.83934, 33.58702], [-101.83935, 33.58747], [-101.83936, 33.5883], [-101.83937, 33.58867], [-101.83936, 33.58922], [-101.83936, 33.59014], [-101.83936, 33.59065], [-101.83936, 33.59104], [-101.83936, 33.59121], [-101.83936, 33.59137], [-101.83937, 33.59141], [-101.83941, 33.5918], [-101.83942, 33.59187], [-101.83944, 33.59199], [-101.83947, 33.5921], [-101.8395, 33.59227], [-101.83952, 33.59237], [-101.83968, 33.59296], [-101.83993, 33.59363], [-101.8402, 33.59413], [-101.84029, 33.59428], [-101.84048, 33.59462], [-101.84085, 33.59516], [-101.8416, 33.59616], [-101.84199, 33.59667], [-101.84241, 33.59732], [-101.84282, 33.59804], [-101.843, 33.59842], [-101.84319, 33.59883], [-101.84325, 33.59895], [-101.84333, 33.59913], [-101.84352, 33.59955], [-101.84357, 33.59966], [-101.84379, 33.60026], [-101.84389, 33.60055], [-101.84402, 33.60099], [-101.84413, 33.60137], [-101.84423, 33.60177], [-101.84437, 33.60248], [-101.84443, 33.60286], [-101.84445, 33.60295], [-101.84458, 33.60364], [-101.84483, 33.605], [-101.84514, 33.60661], [-101.84517, 33.60679], [-101.84529, 33.60746], [-101.84548, 33.6085], [-101.84565, 33.60939], [-101.84582, 33.61025], [-101.84592, 33.61075], [-101.84597, 33.61109], [-101.846, 33.61131], [-101.84601, 33.6115], [-101.84602, 33.61193], [-101.84601, 33.612], [-101.84601, 33.61215], [-101.84597, 33.61242], [-101.84593, 33.61263], [-101.84588, 33.61288], [-101.84587, 33.61292], [-101.84584, 33.61307], [-101.84582, 33.61318], [-101.8458, 33.61324], [-101.84566, 33.61363], [-101.84549, 33.61398], [-101.84545, 33.61405], [-101.8453, 33.61431], [-101.84514, 33.61455], [-101.84484, 33.61494], [-101.84471, 33.61511], [-101.84409, 33.61576], [-101.84393, 33.61593], [-101.84332, 33.61665], [-101.84268, 33.61738], [-101.84245, 33.61765], [-101.84232, 33.6178], [-101.84209, 33.61806], [-101.84171, 33.61851], [-101.84055, 33.61984], [-101.84045, 33.61996], [-101.83926, 33.62133], [-101.8392, 33.6214], [-101.83853, 33.62214], [-101.83814, 33.62259], [-101.83783, 33.62296], [-101.83772, 33.6231], [-101.8376, 33.62323], [-101.83737, 33.62355], [-101.83729, 33.62367], [-101.83721, 33.62379], [-101.83703, 33.62408], [-101.83689, 33.62431], [-101.83674, 33.62456], [-101.83668, 33.62468], [-101.83657, 33.62489], [-101.83644, 33.62518], [-101.83633, 33.62545], [-101.83617, 33.62582], [-101.83603, 33.6262], [-101.83587, 33.62683], [-101.83582, 33.62709], [-101.83576, 33.62736], [-101.83564, 33.62813], [-101.83561, 33.62833], [-101.8356, 33.62859], [-101.8356, 33.62897], [-101.8356, 33.62915], [-101.83562, 33.62994], [-101.83565, 33.63078], [-101.83569, 33.63159], [-101.83571, 33.63241], [-101.83572, 33.63298], [-101.83573, 33.63322], [-101.83575, 33.63355], [-101.83577, 33.63403], [-101.83582, 33.63544], [-101.83582, 33.63586], [-101.83583, 33.63589], [-101.83583, 33.63678], [-101.83583, 33.63683], [-101.83582, 33.63737], [-101.83582, 33.63769], [-101.83584, 33.63926], [-101.83586, 33.63987], [-101.83586, 33.63996], [-101.83589, 33.64054], [-101.83589, 33.6413], [-101.83591, 33.64299], [-101.83591, 33.64321], [-101.83591, 33.64332], [-101.83591, 33.64343], [-101.83594, 33.64547], [-101.83596, 33.64667], [-101.83599, 33.64841], [-101.83602, 33.64872], [-101.83602, 33.64874], [-101.83605, 33.64897], [-101.83606, 33.64908], [-101.8361, 33.6493], [-101.83639, 33.65038], [-101.83642, 33.65054], [-101.83646, 33.65082], [-101.83651, 33.65101], [-101.83661, 33.65157], [-101.83664, 33.65187], [-101.83665, 33.65214], [-101.8367, 33.65744], [-101.8367, 33.65765], [-101.8367, 33.65785], [-101.83673, 33.66097], [-101.83674, 33.66158], [-101.83674, 33.66219], [-101.83675, 33.66291], [-101.83675, 33.66338], [-101.83674, 33.66368], [-101.83667, 33.66438], [-101.8366, 33.6648], [-101.83652, 33.66521], [-101.83643, 33.66559], [-101.83635, 33.66592], [-101.83622, 33.66653], [-101.83616, 33.66693], [-101.83614, 33.66716], [-101.8361, 33.66776], [-101.8361, 33.66826], [-101.83612, 33.66967], [-101.83615, 33.67113], [-101.83615, 33.67155], [-101.83615, 33.67274], [-101.83617, 33.67461], [-101.83617, 33.6758], [-101.83621, 33.67905], [-101.83621, 33.67938], [-101.83622, 33.68038], [-101.83622, 33.68105], [-101.83623, 33.68189], [-101.83625, 33.68473], [-101.83626, 33.68527], [-101.83627, 33.6858], [-101.83627, 33.68637], [-101.83629, 33.68721], [-101.83629, 33.68787], [-101.83629, 33.68837], [-101.83628, 33.68866], [-101.83629, 33.6891], [-101.83629, 33.68922], [-101.83632, 33.68985], [-101.83635, 33.69029], [-101.8364, 33.6907], [-101.83647, 33.69116], [-101.83656, 33.69165], [-101.83668, 33.69217], [-101.83675, 33.69243], [-101.83684, 33.69269], [-101.83723, 33.69387], [-101.83756, 33.69487], [-101.83787, 33.69578], [-101.83818, 33.69668], [-101.83827, 33.69696], [-101.83873, 33.6983], [-101.83933, 33.7002], [-101.83953, 33.70068], [-101.83965, 33.70103], [-101.83969, 33.70116], [-101.83976, 33.70139], [-101.83987, 33.70182], [-101.83989, 33.70195], [-101.83997, 33.70239], [-101.84002, 33.70316], [-101.84005, 33.704], [-101.83999, 33.70591], [-101.83997, 33.70715], [-101.83994, 33.70794], [-101.83993, 33.70837], [-101.8399, 33.70913], [-101.83985, 33.7098], [-101.83979, 33.71033], [-101.83969, 33.71096], [-101.8395, 33.71191], [-101.8393, 33.71291], [-101.83922, 33.71366], [-101.83917, 33.71432], [-101.83917, 33.7154], [-101.83917, 33.7156], [-101.83917, 33.71563], [-101.83917, 33.71564], [-101.83917, 33.71569], [-101.83917, 33.71577], [-101.83918, 33.71653], [-101.83918, 33.71819], [-101.83919, 33.71879], [-101.83936, 33.72], [-101.83954, 33.72064], [-101.8398, 33.72133], [-101.84007, 33.7219], [-101.84039, 33.72244], [-101.84084, 33.72319], [-101.84108, 33.72358], [-101.84126, 33.72397], [-101.84147, 33.72443], [-101.84161, 33.7248], [-101.84173, 33.72516], [-101.84176, 33.72531], [-101.84182, 33.72556], [-101.84187, 33.7258], [-101.84191, 33.726], [-101.84197, 33.72652], [-101.84198, 33.72666], [-101.84201, 33.72698], [-101.84202, 33.72755], [-101.84201, 33.72848], [-101.84201, 33.72919], [-101.84201, 33.72935], [-101.84202, 33.73128], [-101.84201, 33.73185], [-101.84201, 33.73213], [-101.84201, 33.73361], [-101.842, 33.73445], [-101.842, 33.73454], [-101.84197, 33.73505], [-101.84192, 33.73556], [-101.84182, 33.73631], [-101.84162, 33.73737], [-101.84158, 33.73752], [-101.84134, 33.73833], [-101.84121, 33.73867], [-101.841, 33.73925], [-101.84083, 33.73961], [-101.8405, 33.74032], [-101.84038, 33.74054], [-101.84014, 33.74103], [-101.83992, 33.74144], [-101.83966, 33.74197], [-101.83916, 33.74294], [-101.83893, 33.74337], [-101.83839, 33.74452], [-101.83825, 33.74488], [-101.83806, 33.74542], [-101.83789, 33.74592], [-101.83776, 33.74636], [-101.83769, 33.74672], [-101.83766, 33.74707], [-101.83762, 33.74759], [-101.83762, 33.74802], [-101.83761, 33.74973], [-101.83761, 33.75086], [-101.83762, 33.75197], [-101.83762, 33.75217], [-101.83763, 33.76642], [-101.83768, 33.77578], [-101.83771, 33.78086], [-101.83771, 33.78567], [-101.83771, 33.78651], [-101.83771, 33.78823], [-101.83771, 33.79533], [-101.83779, 33.81014], [-101.83779, 33.81015], [-101.83782, 33.8106], [-101.83785, 33.81095], [-101.83791, 33.81149], [-101.83798, 33.8119], [-101.83806, 33.81232], [-101.83823, 33.81303], [-101.83837, 33.81353], [-101.83847, 33.81382], [-101.83857, 33.81412], [-101.83894, 33.81503], [-101.83921, 33.8156], [-101.83935, 33.81587], [-101.83962, 33.81638], [-101.84006, 33.81722], [-101.84029, 33.81773], [-101.84046, 33.81814], [-101.84071, 33.81892], [-101.84077, 33.81923], [-101.84082, 33.81942], [-101.84084, 33.81952], [-101.84085, 33.8196], [-101.84091, 33.8199], [-101.84091, 33.81993], [-101.84095, 33.82019], [-101.84099, 33.82073], [-101.84103, 33.82124], [-101.84103, 33.82136], [-101.84105, 33.82192], [-101.84106, 33.82314], [-101.84105, 33.82418], [-101.84106, 33.82456], [-101.84106, 33.82613], [-101.84106, 33.82729]]}}, {"type": "Feature", "properties": {"name": "Marsha Sharp Fwy"}, "geometry": {"type": "LineString", "coordinates": [[-101.9917, 33.5211], [-101.99146, 33.52125], [-101.98883, 33.52304]]}}, {"type": "Feature", "properties": {"name": "Marsha Sharp Fwy"}, "geometry": {"type": "LineString", "coordinates": [[-101.98959, 33.5229], [-101.99171, 33.52135]]}}, {"type": "Feature", "properties": {"name": "Marsha Sharp Fwy"}, "geometry": {"type": "LineString", "coordinates": [[-101.83209, 33.59069], [-101.83259, 33.59066], [-101.83321, 33.59066], [-101.83394, 33.5907], [-101.83442, 33.59073], [-101.83507, 33.5908], [-101.83577, 33.59089], [-101.83643, 33.59097], [-101.83757, 33.59113], [-101.83826, 33.59122], [-101.83886, 33.59132], [-101.83913, 33.59136], [-101.83937, 33.59141], [-101.83939, 33.59142], [-101.84017, 33.59156], [-101.84083, 33.59168], [-101.84236, 33.592], [-101.84325, 33.59216], [-101.8438, 33.59227], [-101.8444, 33.5924], [-101.84606, 33.59273], [-101.84735, 33.59286], [-101.84745, 33.59287], [-101.84753, 33.59286], [-101.8491, 33.59286], [-101.85028, 33.59285], [-101.85138, 33.59287], [-101.85229, 33.59284], [-101.85322, 33.59286], [-101.85437, 33.59285], [-101.85525, 33.59285], [-101.85586, 33.59287], [-101.85651, 33.59289], [-101.85753, 33.59287], [-101.85858, 33.59284], [-101.8597, 33.59285], [-101.86069, 33.59285], [-101.86187, 33.59285], [-101.86306, 33.59284], [-101.8641, 33.59286], [-101.86515, 33.59286], [-101.86626, 33.59285], [-101.86726, 33.59283], [-101.86831, 33.59286], [-101.87037, 33.59286], [-101.87056, 33.59286], [-101.8708, 33.59285], [-101.87168, 33.59285], [-101.87351, 33.59282], [-101.87402, 33.5928], [-101.87423, 33.5928], [-101.87449, 33.5928], [-101.87465, 33.5928], [-101.87519, 33.59271], [-101.87531, 33.59269], [-101.87576, 33.5926], [-101.87642, 33.59241], [-101.87664, 33.59234], [-101.87692, 33.59225], [-101.87751, 33.59202], [-101.87775, 33.59186], [-101.87792, 33.59176], [-101.87824, 33.59156], [-101.87851, 33.59139], [-101.87885, 33.59119], [-101.87926, 33.59092], [-101.87946, 33.5908], [-101.88012, 33.59038], [-101.88171, 33.58924], [-101.88436, 33.58761], [-101.88855, 33.58502]]}}, {"type": "Feature", "properties": {"name": "Marsha Sharp Fwy"}, "geometry": {"type": "LineString", "coordinates": [[-101.93882, 33.55341], [-101.93865, 33.5535], [-101.9385, 33.55358], [-101.93829, 33.5537], [-101.93788, 33.55394], [-101.93711, 33.5544], [-101.93679, 33.5546], [-101.93608, 33.55507], [-101.93444, 33.55613], [-101.93375, 33.55659], [-101.93357, 33.55673], [-101.93156, 33.55821], [-101.93109, 33.55851], [-101.92997, 33.55938], [-101.92904, 33.5601], [-101.92595, 33.56225], [-101.92538, 33.56258], [-101.92387, 33.56345], [-101.92297, 33.5639], [-101.92243, 33.56417], [-101.92073, 33.56507], [-101.91926, 33.56584], [-101.91649, 33.56738], [-101.91596, 33.56768], [-101.91315, 33.56945], [-101.91207, 33.57017], [-101.91038, 33.57127], [-101.90826, 33.57277], [-101.9068, 33.57381], [-101.90511, 33.57501], [-101.90316, 33.57629], [-101.90199, 33.57698], [-101.90124, 33.57739], [-101.90081, 33.57763], [-101.90052, 33.57781], [-101.90045, 33.57785]]}}, {"type": "Feature", "properties": {"name": "Marsha Sharp Fwy"}, "geometry": {"type": "LineString", "coordinates": [[-101.90511, 33.57522], [-101.90622, 33.57446], [-101.90833, 33.57297], [-101.91056, 33.57147], [-101.91376, 33.56941], [-101.91427, 33.56906], [-101.91596, 33.56799], [-101.91721, 33.56717], [-101.91839, 33.56647], [-101.91937, 33.56597], [-101.92144, 33.56492], [-101.92243, 33.56438], [-101.92401, 33.56359], [-101.92551, 33.56273], [-101.92689, 33.56188], [-101.92818, 33.56101], [-101.93013, 33.55961], [-101.931, 33.55894], [-101.9314, 33.55864], [-101.9336, 33.55703], [-101.93406, 33.55669], [-101.93521, 33.55586], [-101.93704, 33.55475], [-101.93797, 33.55416], [-101.93874, 33.55367], [-101.93891, 33.55358], [-101.93932, 33.55334], [-101.93945, 33.55326], [-101.93964, 33.55315], [-101.93975, 33.55309], [-101.94038, 33.55275], [-101.94047, 33.5527], [-101.94072, 33.55257], [-101.94122, 33.55232], [-101.94168, 33.55214], [-101.94408, 33.55105], [-101.94495, 33.55065], [-101.9458, 33.55015], [-101.94673, 33.54953], [-101.94732, 33.54916], [-101.94836, 33.54852], [-101.9492, 33.54794]]}}, {"type": "Feature", "properties": {"name": "Marsha Sharp Fwy"}, "geometry": {"type": "LineString", "coordinates": [[-101.8776, 33.59173], [-101.87744, 33.59181], [-101.87727, 33.59191], [-101.87652, 33.59217], [-101.87601, 33.5923], [-101.87558, 33.59239], [-101.87515, 33.59248], [-101.87472, 33.59255], [-101.87441, 33.59256], [-101.87391, 33.59258], [-101.87234, 33.5926], [-101.87177, 33.59258], [-101.87084, 33.59254], [-101.8706, 33.59253], [-101.8704, 33.59253], [-101.86943, 33.59256], [-101.86831, 33.59259], [-101.86726, 33.59261], [-101.86626, 33.59261], [-101.86515, 33.59263], [-101.8641, 33.59263], [-101.86307, 33.59262], [-101.86187, 33.59262], [-101.86069, 33.59265], [-101.85971, 33.59265], [-101.85858, 33.59265], [-101.85753, 33.59265], [-101.85651, 33.59262], [-101.856, 33.59265], [-101.85524, 33.59268], [-101.85437, 33.59265], [-101.85322, 33.59264], [-101.8523, 33.59265], [-101.85138, 33.59265], [-101.85028, 33.59265], [-101.84939, 33.59263], [-101.8491, 33.59262], [-101.84786, 33.59265], [-101.84749, 33.59263], [-101.84715, 33.5926], [-101.84704, 33.59259], [-101.84696, 33.59258], [-101.84671, 33.59255], [-101.84649, 33.59253], [-101.8456, 33.5924], [-101.84483, 33.59226], [-101.84439, 33.59217], [-101.8438, 33.59207], [-101.84325, 33.59194], [-101.84249, 33.59183], [-101.84172, 33.59166], [-101.84086, 33.5915], [-101.84015, 33.59136], [-101.83966, 33.59125], [-101.83936, 33.59121], [-101.83912, 33.59114], [-101.83825, 33.59101], [-101.8372, 33.59083], [-101.83638, 33.59076], [-101.83517, 33.5906], [-101.83451, 33.59053], [-101.83371, 33.59048], [-101.83311, 33.59048], [-101.83245, 33.59051], [-101.83166, 33.59054]]}}]}